sentence_ID,word,label,word_id,special_tags
0,Matapos,FIL,1,
0,ang,FIL,2,
0,matagumpay,FIL,3,
0,na,FIL,4,
0,mga,FIL,5,
0,konsultasyon,FIL,6,
0,kasama,FIL,7,
0,ang,FIL,8,
0,pro,ENG,9,
0,sports,ENG,10,
0,stakeholders,ENG,11,
0,",",SYM,12,
0,papayagan,FIL,13,
0,na,FIL,14,
0,muli,FIL,15,
0,ang,FIL,16,
0,training,ENG,17,
0,activities,ENG,18,
0,sa,FIL,19,
0,mga,FIL,20,
0,Games,ENG,21,NE
0,and,ENG,22,
0,Amusement,ENG,23,NE
0,Board-regulated,ENG,24,
0,sports,ENG,25,
0,ngayong,FIL,26,
0,taon,FIL,27,
0,sa,FIL,28,
0,pahintulot,FIL,29,
0,nina,FIL,30,
0,GAB,ENG,31,"ABB,NE"
0,Chairman,ENG,32,
0,Abraham,UNK,33,NE
0,Kahlil,UNK,34,NE
0,Mitra,UNK,35,NE
0,",",SYM,36,
0,at,FIL,37,
0,Commissioners,ENG,38,
0,Ed,UNK,39,NE
0,Trinidad,UNK,40,NE
0,at,FIL,41,
0,Mar,UNK,42,NE
0,Masanguid,UNK,43,NE
0,.,SYM,44,
1,Gusto,FIL,45,
1,kong,FIL,46,
1,intindihin,FIL,47,
1,pero,FIL,48,
1,hindi,FIL,49,
1,ko,FIL,50,
1,maintindihan,FIL,51,
1,hahaha,UNK,52,EXPR
1,paano,FIL,53,
1,ba,FIL,54,
1,itong,FIL,55,
1,mga,FIL,56,
1,draw,ENG,57,
1,na,FIL,58,
1,ganyan,FIL,59,
1,po,FIL,60,
1,?,SYM,61,
2,Kaya,FIL,62,
2,kayong,FIL,63,
2,mga,FIL,64,
2,babae,FIL,65,
2,wag,FIL,66,
2,kayong,FIL,67,
2,basta,FIL,68,
2,basta,FIL,69,
2,magtiwala,FIL,70,
2,na,FIL,71,
2,kahit,FIL,72,
2,kanino,FIL,73,
2,kasi,FIL,74,
2,.,SYM,75,
3,Kasalan,FIL,76,
3,naman,FIL,77,
3,nila,FIL,78,
3,bakit,FIL,79,
3,hindi,FIL,80,
3,nila,FIL,81,
3,sinabi,FIL,82,
3,agad,FIL,83,
3,ang,FIL,84,
3,totuo,FIL,85,
3,",",SYM,86,
4,At,FIL,87,
4,sila-sila,FIL,88,
4,rin,FIL,89,
4,ang,FIL,90,
4,umuunlad,FIL,91,
4,?,SYM,92,
5,Nakakamiss,UNK,93,
5,ung,FIL,94,
5,mga,FIL,95,
5,gantong,FIL,96,
5,content,ENG,97,
5,ni,FIL,98,
5,kuya,FIL,99,
5,lloyd,UNK,100,NE
5,.,SYM,101,
6,pero,FIL,102,
6,pag,FIL,103,
6,nag,FIL,104,
6,bibigay,FIL,105,
6,ako,FIL,106,
6,sa,FIL,107,
6,thai,ENG,108,
6,artist,ENG,109,
6,hindi,FIL,110,
6,naman,FIL,111,
6,?,SYM,112,
7,Sa,FIL,113,
7,pamamagitan,FIL,114,
7,ng,FIL,115,
7,pagsunod,FIL,116,
7,sa,FIL,117,
7,daan,FIL,118,
7,na,FIL,119,
7,ginawa,FIL,120,
7,ng,FIL,121,
7,bundok,FIL,122,
7,",",SYM,123,
7,nagawa,FIL,124,
7,ng,FIL,125,
7,maliit,FIL,126,
7,na,FIL,127,
7,sapa,FIL,128,
7,na,FIL,129,
7,makabalik,FIL,130,
7,sa,FIL,131,
7,tahanan,FIL,132,
7,nito,FIL,133,
7,;,SYM,134,
7,sumama,FIL,135,
7,ito,FIL,136,
7,sa,FIL,137,
7,ilog,FIL,138,
7,",",SYM,139,
7,at,FIL,140,
7,dumaloy,FIL,141,
7,sa,FIL,142,
7,dagat,FIL,143,
7,.,SYM,144,
8,Sana,FIL,145,
8,maging,FIL,146,
8,ihimplo,FIL,147,
8,ka,FIL,148,
8,nang,FIL,149,
8,mga,FIL,150,
8,Youtuber,ENG,151,
8,.,SYM,152,
9,Ako,FIL,153,
9,na,FIL,154,
9,lng,FIL,155,ABB
9,epadala,FIL,156,
9,sa,FIL,157,
9,akin,FIL,158,
9,welleng,UNK,159,
9,ako,FIL,160,
9,mag,FIL,161,
9,alaga,FIL,162,
9,ka,FIL,163,
9,mga,FIL,164,
9,anak,FIL,165,
9,mo,FIL,166,
9,maarod,UNK,167,
9,kaw,FIL,168,ABB
9,cge,FIL,169,ABB
9,Basta,FIL,170,
9,padal,FIL,171,
9,an,FIL,172,
9,mo,FIL,173,
9,at,FIL,174,
9,may,FIL,175,
9,kasuduan,FIL,176,
9,Tayo,FIL,177,
9,para,FIL,178,
9,sa,FIL,179,
9,mga,FIL,180,
9,anak,FIL,181,
9,mo,FIL,182,
10,tayaas,FIL,183,
10,ng,FIL,184,
10,pride,ENG,185,
10,ng,FIL,186,
10,mga,FIL,187,
10,viewers,ENG,188,
10,sa,FIL,189,
10,video,ENG,190,
10,ko,FIL,191,
10,HAHAHAHA,UNK,192,EXPR
10,kung,FIL,193,
10,nagreact,FIL,194,
10,kayo,FIL,195,
10,don,FIL,196,
10,HAHAHAHA,UNK,197,EXPR
11,Dahil,FIL,198,
11,dito,FIL,199,
11,",",SYM,200,
11,48,NUM,201,
11,",",SYM,202,
11,530,NUM,203,
11,na,FIL,204,
11,ang,FIL,205,
11,total,ENG,206,
11,recoveries,ENG,207,
11,sa,FIL,208,
11,hanay,FIL,209,
11,ng,FIL,210,
11,PNP,ENG,211,"ABB,NE"
11,sa,FIL,212,
11,naturang,FIL,213,
11,sakit,FIL,214,
11,.,SYM,215,
12,Mejo,FIL,216,
12,bumabalik,FIL,217,
12,na,FIL,218,
12,ulit,FIL,219,
12,ang,FIL,220,
12,kamandag,FIL,221,
12,sa,FIL,222,
12,dots,ENG,223,
12,hahahaah,UNK,224,EXPR
13,Busy,ENG,225,
13,sa,FIL,226,
13,pagpapadami,FIL,227,
13,ng,FIL,228,
13,votes,ENG,229,
13,dun,FIL,230,
13,sa,FIL,231,
13,picture,ENG,232,
13,ni,FIL,233,
13,Belinda,UNK,234,NE
13,whahaaahah,UNK,235,EXPR
14,Kaya,FIL,236,
14,ito,FIL,237,
14,ngayon,FIL,238,
14,ang,FIL,239,
14,kinakatakutan,FIL,240,
14,ng,FIL,241,
14,mga,FIL,242,
14,tao,FIL,243,
14,sa,FIL,244,
14,amin,FIL,245,
14,.,SYM,246,
15,Ikaw,FIL,247,
15,pa,FIL,248,
15,rin,FIL,249,
15,ang,FIL,250,
15,pipiliin,FIL,251,
15,ko,FIL,252,
16,Sa,FIL,253,
16,isang,FIL,254,
16,paabiso,FIL,255,
16,",",SYM,256,
16,sinabi,FIL,257,
16,ng,FIL,258,
16,DepEd,FIL,259,"ABB,NE"
16,na,FIL,260,
16,ang,FIL,261,
16,mga,FIL,262,
16,EOSY,ENG,263,ABB
16,Rites,ENG,264,
16,para,FIL,265,
16,sa,FIL,266,
16,Kindergarten,ENG,267,
16,",",SYM,268,
16,Grades,ENG,269,
16,6,NUM,270,
16,",",SYM,271,
16,10,NUM,272,
16,",",SYM,273,
16,at,FIL,274,
16,12,NUM,275,
16,learners,ENG,276,
16,ay,FIL,277,
16,maaaring,FIL,278,
16,idaos,FIL,279,
16,sa,FIL,280,
16,anumang,FIL,281,
16,petsa,FIL,282,
16,mula,FIL,283,
16,Hunyo,FIL,284,NE
16,27,NUM,285,
16,hanggang,FIL,286,
16,Hulyo,FIL,287,NE
16,2,NUM,288,
16,",",SYM,289,
16,2022,NUM,290,
16,.,SYM,291,
17,Alamin,FIL,292,
17,ang,FIL,293,
17,4S,FIL,294,ABB
17,LABAN,FIL,295,
17,SA,FIL,296,
17,DENGUE,FIL,297,NE
17,upang,FIL,298,
17,maiwasan,FIL,299,
17,ang,FIL,300,
17,sakit,FIL,301,
17,na,FIL,302,
17,ito,FIL,303,
17,sa,FIL,304,
17,ating,FIL,305,
17,komunidad,FIL,306,
17,.,SYM,307,
18,yung,FIL,308,
18,may,FIL,309,
18,natutunan,FIL,310,
18,ka,FIL,311,
18,ng,FIL,312,
18,recipe,ENG,313,
18,tapos,FIL,314,
18,ang,FIL,315,
18,gwapo,FIL,316,
18,pa,FIL,317,
18,ng,FIL,318,
18,chef,ENG,319,
18,!,SYM,320,
19,Ito,FIL,321,
19,ang,FIL,322,
19,kantang,FIL,323,
19,isinulat,FIL,324,
19,ng,FIL,325,
19,TV,ENG,326,"ABB,NE"
19,host-comedian,ENG,327,
19,para,FIL,328,
19,sa,FIL,329,
19,kanya,FIL,330,
19,sa,FIL,331,
19,tulong,FIL,332,
19,na,FIL,333,
19,rin,FIL,334,
19,ng,FIL,335,
19,mag-asawang,FIL,336,
19,Moira,UNK,337,NE
19,dela,UNK,338,NE
19,Torre,UNK,339,NE
19,at,FIL,340,
19,Jason,UNK,341,NE
19,Marvin,UNK,342,NE
19,.,SYM,343,
20,May,FIL,344,
20,mga,FIL,345,
20,bahagi,FIL,346,
20,din,FIL,347,
20,ito,FIL,348,
20,katulad,FIL,349,
20,ng,FIL,350,
20,mga,FIL,351,
20,talulot,FIL,352,
20,na,FIL,353,
20,napagkukunan,FIL,354,
20,ng,FIL,355,
20,.,SYM,356,
21,Huwag,FIL,357,
21,mong,FIL,358,
21,hamakin,FIL,359,
21,palagi,FIL,360,
21,ang,FIL,361,
21,iyong,FIL,362,
21,sarili,FIL,363,
21,.,SYM,364,
22,Wala,FIL,365,
22,nang,FIL,366,
22,ibang,FIL,367,
22,kayang,FIL,368,
22,gawin,FIL,369,
22,?,SYM,370,
23,Kulang,FIL,371,
23,pa,FIL,372,
23,yan,FIL,373,
23,kuya,FIL,374,
23,gawin,FIL,375,
23,mo,FIL,376,
23,anim,FIL,377,
23,ang,FIL,378,
23,puge,FIL,379,
23,mo,FIL,380,
23,naman,FIL,381,
24,Ayon,FIL,382,
24,sa,FIL,383,
24,2018,NUM,384,
24,Programme,ENG,385,NE
24,for,ENG,386,
24,International,ENG,387,NE
24,Student,ENG,388,NE
24,Assessment,ENG,389,NE
24,(,SYM,390,
24,PISA,ENG,391,"ABB,NE"
24,),SYM,392,
24,",",SYM,393,
24,94,NUM,394,
24,%,SYM,395,
24,ng,FIL,396,
24,mga,FIL,397,
24,estudyanteng,FIL,398,
24,nakilahok,FIL,399,
24,dito,FIL,400,
24,na,FIL,401,
24,nasa,FIL,402,
24,edad,FIL,403,
24,na,FIL,404,
24,15,NUM,405,
24,ay,FIL,406,
24,gumagamit,FIL,407,
24,sa,FIL,408,
24,bahay,FIL,409,
24,ng,FIL,410,
24,lengguwaheng,FIL,411,
24,iba,FIL,412,
24,sa,FIL,413,
24,ginamit,FIL,414,
24,na,FIL,415,
24,medium,ENG,416,
24,of,ENG,417,
24,instruction,ENG,418,
24,sa,FIL,419,
24,mismong,FIL,420,
24,assessment,ENG,421,
24,.,SYM,422,
25,Natanggal,FIL,423,
25,na,FIL,424,
25,sama,FIL,425,
25,ng,FIL,426,
25,loob,FIL,427,
25,ko,FIL,428,
25,ng,FIL,429,
25,dahil,FIL,430,
25,sa,FIL,431,
25,basketball,ENG,432,
26,mukhang,FIL,433,
26,sa,FIL,434,
26,literature,ENG,435,
26,pa,FIL,436,
26,ako,FIL,437,
26,babagsak,FIL,438,
26,ah,UNK,439,EXPR
27,Malakas,FIL,440,
27,ang,FIL,441,
27,kanyang,FIL,442,
27,ugnay,FIL,443,
27,sa,FIL,444,
27,mga,FIL,445,
27,sambayanang,FIL,446,
27,Pilipino,FIL,447,
27,at,FIL,448,
27,mga,FIL,449,
27,kababayang,FIL,450,
27,naninirahan,FIL,451,
27,sa,FIL,452,
27,ibang,FIL,453,
27,bansa,FIL,454,
27,.,SYM,455,
28,Umay,FIL,456,
28,ang,FIL,457,
28,galing,FIL,458,
28,ni,FIL,459,
28,hesa,UNK,460,NE
28,bakit,FIL,461,
28,sa,FIL,462,
28,classic,ENG,463,
28,lods,FIL,464,
28,Natalu,FIL,465,
28,ako,FIL,466,
28,ni,FIL,467,
28,hesa,UNK,468,NE
28,sa,FIL,469,
28,classic,ENG,470,
28,.,SYM,471,
31,lakas,FIL,472,
31,magbigay,FIL,473,
31,ng,FIL,474,
31,ano,FIL,475,
31,",",SYM,476,
31,di,FIL,477,
31,naman,FIL,478,
31,pala,FIL,479,
31,totoo,FIL,480,
33,Kapagod,FIL,481,
33,na,FIL,482,
33,mag,FIL,483,
33,pawis,FIL,484,
33,At,FIL,485,
33,May,FIL,486,
33,mask,ENG,487,
33,pa,FIL,488,
33,Kaya,FIL,489,
33,ang,FIL,490,
33,saya,FIL,491,
33,ko,FIL,492,
33,na,FIL,493,
33,malamig,FIL,494,
33,na,FIL,495,
33,.,SYM,496,
34,na,FIL,497,
34,magtala,FIL,498,
34,ng,FIL,499,
34,pinakamataas,FIL,500,
34,na,FIL,501,
34,arawang,FIL,502,
34,pagtala,FIL,503,
34,ng,FIL,504,
34,mga,FIL,505,
34,kaso,FIL,506,
34,.,SYM,507,
35,Kung,FIL,508,
35,totoong,FIL,509,
35,may,FIL,510,
35,ibang,FIL,511,
35,tao,FIL,512,
35,na,FIL,513,
35,nagkanulo,FIL,514,
35,sa,FIL,515,
35,Diyos,FIL,516,NE
35,",",SYM,517,
35,tiyak,FIL,518,
35,na,FIL,519,
35,lubhang,FIL,520,
35,nasasaktan,FIL,521,
35,at,FIL,522,
35,nagdadalamhati,FIL,523,
35,ngayon,FIL,524,
35,ang,FIL,525,
35,Diyos,FIL,526,NE
35,",",SYM,527,
35,at,FIL,528,
35,dapat,FIL,529,
35,kong,FIL,530,
35,subukan,FIL,531,
35,ngayong,FIL,532,
35,aliwin,FIL,533,
35,ang,FIL,534,
35,puso,FIL,535,
35,ng,FIL,536,
35,Diyos,FIL,537,NE
35,sa,FIL,538,
35,pamamagitan,FIL,539,
35,ng,FIL,540,
35,aking,FIL,541,
35,sariling,FIL,542,
35,katapatan,FIL,543,
35,.,SYM,544,
36,Ito,FIL,545,
36,ang,FIL,546,
36,bagong,FIL,547,
36,ticket,ENG,548,
36,para,FIL,549,
36,makapasok,FIL,550,
36,sa,FIL,551,
36,freezer,ENG,552,
36,/,SYM,553,
36,j,UNK,554,ABB
36,ayaw,FIL,555,
36,nyo,FIL,556,
36,bang,FIL,557,
36,tanggapin,FIL,558,
36,ang,FIL,559,
36,pa,FIL,560,
36,shanghai,FIL,561,
36,ni,FIL,562,
36,bb,UNK,563,ABB
36,pahaw,UNK,564,NE
36,?,SYM,565,
37,Inutusan,FIL,566,
37,naman,FIL,567,
37,ng,FIL,568,
37,chairman,ENG,569,
37,ng,FIL,570,
37,komite,FIL,571,
37,na,FIL,572,
37,si,FIL,573,
37,DIWA,UNK,574,"ABB,NE"
37,Rep,ENG,575,ABB
37,.,SYM,576,
37,Michael,UNK,577,NE
37,Edgar,UNK,578,NE
37,Aglipay,UNK,579,NE
37,ang,FIL,580,
37,DA,ENG,581,"ABB,NE"
37,na,FIL,582,
37,magsumite,FIL,583,
37,ng,FIL,584,
37,mga,FIL,585,
37,dokumento,FIL,586,
37,kaugnay,FIL,587,
37,ng,FIL,588,
37,pagbili,FIL,589,
37,nito,FIL,590,
37,ng,FIL,591,
37,fertilizer,ENG,592,
37,upang,FIL,593,
37,mapag-aralan,FIL,594,
37,ito,FIL,595,
37,ng,FIL,596,
37,mga,FIL,597,
37,miyembro,FIL,598,
37,.,SYM,599,
38,Paano,FIL,600,
38,magiging,FIL,601,
38,kapareho,FIL,602,
38,ng,FIL,603,
38,Diyos,FIL,604,NE
38,ang,FIL,605,
38,Kanyang,FIL,606,
38,sangnilikha,FIL,607,
38,?,SYM,608,
39,Naghahanap,FIL,609,
39,po,FIL,610,
39,ako,FIL,611,
39,nang,FIL,612,
39,mas,FIL,613,
39,matanda,FIL,614,
39,sa,FIL,615,
39,akin,FIL,616,
39,.,SYM,617,
40,So,ENG,618,
40,na-miss,FIL,619,
40,ko,FIL,620,
40,makipagkuwentuhan,FIL,621,
40,sa,FIL,622,
40,mga,FIL,623,
40,showbiz,ENG,624,
40,people,ENG,625,
40,",",SYM,626,
40,sa,FIL,627,
40,mga,FIL,628,
40,co-actors,ENG,629,
40,ko,FIL,630,
40,.,SYM,631,
41,Kakahiya,FIL,632,
41,kayo,FIL,633,
41,GMA,ENG,634,"ABB,NE"
41,",",SYM,635,
41,hanap,FIL,636,
41,naman,FIL,637,
41,kayo,FIL,638,
41,ng,FIL,639,
41,sensitive,ENG,640,
41,na,FIL,641,
41,interviewee,ENG,642,
41,sa,FIL,643,
41,isyu,FIL,644,
41,.,SYM,645,
42,patapos,FIL,646,
42,na,FIL,647,
42,yung,FIL,648,
42,buwan,FIL,649,
42,ng,FIL,650,
42,oct,UNK,651,ABB
45,Hi,UNK,652,EXPR
45,ako,FIL,653,
45,po,FIL,654,
45,ay,FIL,655,
45,nangagarap,FIL,656,
45,pasukin,FIL,657,
45,ang,FIL,658,
45,mundo,FIL,659,
45,ng,FIL,660,
45,youtube,ENG,661,NE
45,upang,FIL,662,
45,makatulong,FIL,663,
45,ako,FIL,664,
45,kay,FIL,665,
45,papa,FIL,666,
45,sapagkat,FIL,667,
45,siya,FIL,668,
45,ay,FIL,669,
45,60,NUM,670,
45,years,ENG,671,
45,old,ENG,672,
45,na,FIL,673,
45,at,FIL,674,
45,wla,FIL,675,
45,na,FIL,676,
45,siyang,FIL,677,
45,trabaho,FIL,678,
45,kaya,FIL,679,
45,naisipan,FIL,680,
45,ko,FIL,681,
45,na,FIL,682,
45,gumawa,FIL,683,
45,ng,FIL,684,
45,youtube,ENG,685,NE
45,channel,ENG,686,
45,baka,FIL,687,
45,sakaling,FIL,688,
45,makatulong,FIL,689,
45,ako,FIL,690,
45,sa,FIL,691,
45,kanya,FIL,692,
45,para,FIL,693,
45,sa,FIL,694,
45,mga,FIL,695,
45,gastusin,FIL,696,
45,sa,FIL,697,
45,bahay,FIL,698,
45,at,FIL,699,
45,syempre,FIL,700,
45,makabili,FIL,701,
45,ng,FIL,702,
45,HOLLOW,ENG,703,
45,BLOCKS,ENG,704,
45,para,FIL,705,
45,sa,FIL,706,
45,bahay,FIL,707,
45,maraming,FIL,708,
45,salamat,FIL,709,
45,nga,FIL,710,
45,pala,FIL,711,
45,sa,FIL,712,
45,solid,ENG,713,
45,subscriber,ENG,714,
45,ng,FIL,715,
45,aking,FIL,716,
45,channel,ENG,717,
45,at,FIL,718,
45,para,FIL,719,
45,sa,FIL,720,
45,lahat,FIL,721,
45,ng,FIL,722,
45,nag,FIL,723,
45,basa,FIL,724,
45,ngayon,FIL,725,
45,neto,FIL,726,
45,sana,FIL,727,
45,matulungan,FIL,728,
45,nyo,FIL,729,
45,ako,FIL,730,
45,parami,FIL,731,
45,na,FIL,732,
45,po,FIL,733,
45,kase,FIL,734,
45,ng,FIL,735,
45,parami,FIL,736,
45,ang,FIL,737,
45,utang,FIL,738,
45,namin,FIL,739,
45,sa,FIL,740,
45,tindahan,FIL,741,
45,ok,ENG,742,
45,lang,FIL,743,
45,sakin,FIL,744,
45,kahit,FIL,745,
45,puro,FIL,746,
45,sardinas,FIL,747,
45,at,FIL,748,
45,itlog,FIL,749,
45,lang,FIL,750,
45,ang,FIL,751,
45,ulam,FIL,752,
45,namin,FIL,753,
45,ang,FIL,754,
45,importante,FIL,755,
45,masaya,FIL,756,
45,kami,FIL,757,
45,kung,FIL,758,
45,anong,FIL,759,
45,meron,FIL,760,
45,kami,FIL,761,
45,ang,FIL,762,
45,makakain,FIL,763,
45,kami,FIL,764,
45,ng,FIL,765,
45,sapat,FIL,766,
45,sa,FIL,767,
45,pang,FIL,768,
45,araw,FIL,769,
45,araw,FIL,770,
45,sana,FIL,771,
45,matulungan,FIL,772,
45,nyo,FIL,773,
45,ako,FIL,774,
45,sa,FIL,775,
45,pamamagitan,FIL,776,
45,ng,FIL,777,
45,pag,FIL,778,
45,subscribe,ENG,779,
45,sa,FIL,780,
45,aking,FIL,781,
45,channel,ENG,782,
45,thank,ENG,783,
45,you,ENG,784,
45,po,FIL,785,
45,Salamat,FIL,786,
45,po,FIL,787,
45,sainyo,FIL,788,
45,ng,FIL,789,
45,marami,FIL,790,
45,slamat,FIL,791,
45,po,FIL,792,
46,"""",SYM,793,
46,Ask,ENG,794,
46,ko,FIL,795,
46,lang,FIL,796,
46,sana,FIL,797,
46,if,ENG,798,
46,hindi,FIL,799,
46,ako,FIL,800,
46,nakakaistorbo,FIL,801,
46,sa,FIL,802,
46,pagbabasa,FIL,803,
46,mo,FIL,804,
46,"""",SYM,805,
46,"""",SYM,806,
46,Yes,ENG,807,
46,ok,ENG,808,
46,lang,FIL,809,
46,naman,FIL,810,
46,"""",SYM,811,
46,"""",SYM,812,
46,Bakit,FIL,813,
46,ba,FIL,814,
46,ang,FIL,815,
46,daming,FIL,816,
46,fangirls,ENG,817,
46,nila,FIL,818,
46,?,SYM,819,
47,nakakahiya,FIL,820,
47,kang,FIL,821,
47,kamag,FIL,822,
47,anak,FIL,823,
47,ang,FIL,824,
47,lakas,FIL,825,
47,mang,FIL,826,
47,block,ENG,827,
47,ni,FIL,828,
47,wala,FIL,829,
47,nga,FIL,830,
47,kami,FIL,831,
47,pake,FIL,832,
47,kung,FIL,833,
47,sasali,FIL,834,
47,ka,FIL,835,
47,don,FIL,836,
47,kahit,FIL,837,
47,may,FIL,838,
47,utang,FIL,839,
47,sa,FIL,840,
47,amin,FIL,841,
48,Sa,FIL,842,
48,opisyal,FIL,843,
48,na,FIL,844,
48,pagkaluklok,FIL,845,
48,kay,FIL,846,
48,Velasco,UNK,847,NE
48,",",SYM,848,
48,ang,FIL,849,
48,bawat,FIL,850,
48,partido,FIL,851,
48,sa,FIL,852,
48,Kamara,FIL,853,NE
48,ay,FIL,854,
48,nagpahayag,FIL,855,
48,ng,FIL,856,
48,kanilang,FIL,857,
48,suportado,FIL,858,
48,sa,FIL,859,
48,liderato,FIL,860,
48,nito,FIL,861,
48,.,SYM,862,
49,Nakahanda,FIL,863,
49,aniya,FIL,864,
49,ang,FIL,865,
49,Duterte,UNK,866,NE
49,administration,ENG,867,
49,na,FIL,868,
49,pahiramin,FIL,869,
49,ng,FIL,870,
49,pondo,FIL,871,
49,ang,FIL,872,
49,mga,FIL,873,
49,maliliit,FIL,874,
49,na,FIL,875,
49,manggagawa,FIL,876,
49,para,FIL,877,
49,makapagsimula,FIL,878,
49,at,FIL,879,
49,magkaroon,FIL,880,
49,ng,FIL,881,
49,pagkakitaan,FIL,882,
49,.,SYM,883,
50,Ang,FIL,884,
50,hirap,FIL,885,
50,sa,FIL,886,
50,part,ENG,887,
50,nyo,FIL,888,
50,na,FIL,889,
50,sobrang,FIL,890,
50,pagod,FIL,891,
50,mabigyan,FIL,892,
50,lng,FIL,893,ABB
50,ng,FIL,894,
50,slot,ENG,895,
50,lahat,FIL,896,
50,ng,FIL,897,
50,naka,FIL,898,
50,schedule,ENG,899,
50,na,FIL,900,
50,laro,FIL,901,
50,sa,FIL,902,
50,leyte,UNK,903,NE
50,wla,FIL,904,ABB
50,pang,FIL,905,
50,maayos,FIL,906,
50,na,FIL,907,
50,pahinga,FIL,908,
50,.,SYM,909,
52,Deko,FIL,910,
52,alam,FIL,911,
52,bakit,FIL,912,
52,gustong,FIL,913,
52,gusto,FIL,914,
52,ng,FIL,915,
52,mga,FIL,916,
52,pinoy,FIL,917,
52,si,FIL,918,
52,cong,UNK,919,NE
52,",",SYM,920,
52,as,ENG,921,
52,i,ENG,922,
52,can,ENG,923,
52,see,ENG,924,
52,napakakorny,UNK,925,
52,nya,FIL,926,
52,",",SYM,927,
52,de,FIL,928,
52,ko,FIL,929,
52,ba,FIL,930,
52,alam,FIL,931,
52,kung,FIL,932,
52,natatakpan,FIL,933,
52,ng,FIL,934,
52,kasikatan,FIL,935,
52,ang,FIL,936,
52,kakornihan,FIL,937,
52,nya,FIL,938,
52,o,FIL,939,
52,talagang,FIL,940,
52,marmi,FIL,941,
52,lng,FIL,942,
52,talagang,FIL,943,
52,jejemon,FIL,944,
52,sa,FIL,945,
52,pinas,FIL,946,NE
52,?,SYM,947,
53,Dahil,FIL,948,
53,makikita,FIL,949,
53,ninyo,FIL,950,
53,ang,FIL,951,
53,Diyos,FIL,952,NE
53,",",SYM,953,
53,sa,FIL,954,
53,gayon,FIL,955,
53,Siya,FIL,956,
53,ang,FIL,957,
53,inyong,FIL,958,
53,magiging,FIL,959,
53,Diyos,FIL,960,NE
53,magpakailanman,FIL,961,
53,",",SYM,962,
53,mula,FIL,963,
53,sa,FIL,964,
53,umpisa,FIL,965,
53,magpahanggang,FIL,966,
53,sa,FIL,967,
53,hinaharap,FIL,968,
53,.,SYM,969,
54,Eh,UNK,970,EXPR
54,diba,FIL,971,
54,kayong,FIL,972,
54,mga,FIL,973,
54,bumoboto,FIL,974,
54,nakasalalay,FIL,975,
54,sa,FIL,976,
54,inyo,FIL,977,
54,kung,FIL,978,
54,sino,FIL,979,
54,ang,FIL,980,
54,ihahalal,FIL,981,
54,?,SYM,982,
55,Ang,FIL,983,
55,sarap,FIL,984,
55,nang,FIL,985,
55,feeling,ENG,986,
55,na,FIL,987,
55,may,FIL,988,
55,kaibigan,FIL,989,
55,ka,FIL,990,
55,na,FIL,991,
55,mahal,FIL,992,
55,.,SYM,993,
57,Hahaha,UNK,994,EXPR
57,sa,FIL,995,
57,tagal,FIL,996,
57,ngayon,FIL,997,
57,nalang,FIL,998,
57,nagkaron,FIL,999,
57,ng,FIL,1000,
57,mahabang,FIL,1001,
57,title,ENG,1002,
57,hahaha,UNK,1003,EXPR
58,KoLab,FIL,1004,NE
58,:,SYM,1005,
58,Komunidad,FIL,1006,
58,Laban,FIL,1007,
58,sa,FIL,1008,
58,COVID,ENG,1009,"ABB,NE"
58,ang,FIL,1010,
58,isa,FIL,1011,
58,ring,FIL,1012,
58,programang,FIL,1013,
58,inilunsad,FIL,1014,
58,ngayong,FIL,1015,
58,linggo,FIL,1016,
58,at,FIL,1017,
58,sinimulan,FIL,1018,
58,ito,FIL,1019,
58,sa,FIL,1020,
58,Naga,UNK,1021,NE
58,City,ENG,1022,NE
58,.,SYM,1023,
59,Sinasabing,FIL,1024,
59,pili,FIL,1025,
59,ang,FIL,1026,
59,mga,FIL,1027,
59,pinagsasarang,FIL,1028,
59,tindahan,FIL,1029,
59,.,SYM,1030,
60,Please,ENG,1031,
60,pasagot,FIL,1032,
60,po,FIL,1033,
60,ayoko,FIL,1034,
60,na,FIL,1035,
60,po,FIL,1036,
60,kasi,FIL,1037,
60,siyang,FIL,1038,
60,maging,FIL,1039,
60,prof,ENG,1040,ABB
60,ulit,FIL,1041,
60,sa,FIL,1042,
60,next,ENG,1043,
60,sem,ENG,1044,ABB
61,Bibigyan,FIL,1045,
61,natin,FIL,1046,
61,ng,FIL,1047,
61,flexibility,ENG,1048,
61,ang,FIL,1049,
61,ating,FIL,1050,
61,mga,FIL,1051,
61,government,ENG,1052,
61,chief,ENG,1053,
61,executive,ENG,1054,
61,para,FIL,1055,
61,i-determine,FIL,1056,
61,sino,FIL,1057,
61,ang,FIL,1058,
61,mga,FIL,1059,
61,kasama,FIL,1060,
61,sa,FIL,1061,
61,A5,UNK,1062,ABB
61,(,SYM,1063,
61,We,ENG,1064,
61,will,ENG,1065,
61,start,ENG,1066,
61,with,ENG,1067,
61,A4,UNK,1068,ABB
61,vaccination,ENG,1069,
61,in,ENG,1070,
61,NCR,ENG,1071,"ABB,NE"
61,Plus,ENG,1072,
61,8,NUM,1073,
61,.,SYM,1074,
62,tangina,FIL,1075,
62,bat,FIL,1076,
62,ang,FIL,1077,
62,vague,ENG,1078,
62,ng,FIL,1079,
62,rason,FIL,1080,
62,HAHAHAHAHA,UNK,1081,EXPR
62,any,ENG,1082,
62,any,ENG,1083,
62,na,FIL,1084,
62,lng,FIL,1085,ABB
62,talaga,FIL,1086,
62,mga,FIL,1087,
62,bbm,UNK,1088,"ABB,NE"
62,supporters,ENG,1089,
63,Si,FIL,1090,
63,Vanessa,UNK,1091,NE
63,Valdez,UNK,1092,NE
63,na,FIL,1093,
63,isang,FIL,1094,
63,housekeeper,ENG,1095,
63,sa,FIL,1096,
63,Texas,ENG,1097,NE
63,ay,FIL,1098,
63,nagtuturo,FIL,1099,
63,kung,FIL,1100,
63,paano,FIL,1101,
63,linisin,FIL,1102,
63,ang,FIL,1103,
63,bawat,FIL,1104,
63,sulok,FIL,1105,
63,ng,FIL,1106,
63,bahay,FIL,1107,
63,.,SYM,1108,
64,Sa,FIL,1109,
64,Caloocan,UNK,1110,NE
64,City,ENG,1111,NE
64,",",SYM,1112,
64,pinagbabaklas,FIL,1113,
64,na,FIL,1114,
64,ang,FIL,1115,
64,mga,FIL,1116,
64,posters,ENG,1117,
64,sa,FIL,1118,
64,mga,FIL,1119,
64,pader,FIL,1120,
64,at,FIL,1121,
64,poste,FIL,1122,
64,sa,FIL,1123,
64,bahagi,FIL,1124,
64,ng,FIL,1125,
64,Sangandaan,UNK,1126,NE
64,",",SYM,1127,
64,Rizal,UNK,1128,NE
64,Ave,ENG,1129,"ABB,NE"
64,at,FIL,1130,
64,iba,FIL,1131,
64,pa,FIL,1132,
64,.,SYM,1133,
64,Maging,FIL,1134,
64,sa,FIL,1135,
64,Valenzuela,UNK,1136,NE
64,City,ENG,1137,NE
64,",",SYM,1138,
64,inalis,FIL,1139,
64,na,FIL,1140,
64,rin,FIL,1141,
64,ang,FIL,1142,
64,iba-ibang,FIL,1143,
64,klase,FIL,1144,
64,ng,FIL,1145,
64,mga,FIL,1146,
64,paraphernalia,ENG,1147,
64,sa,FIL,1148,
64,mga,FIL,1149,
64,pampublikong,FIL,1150,
64,lugar,FIL,1151,
64,at,FIL,1152,
64,maging,FIL,1153,
64,sa,FIL,1154,
64,gilid,FIL,1155,
64,at,FIL,1156,
64,tabi,FIL,1157,
64,ng,FIL,1158,
64,polling,ENG,1159,
64,precinct,ENG,1160,
64,.,SYM,1161,
65,Ma'am,ENG,1162,
65,Ivana,UNK,1163,NE
65,sana,FIL,1164,
65,po,FIL,1165,
65,matulogan,FIL,1166,
65,niyu,FIL,1167,
65,po,FIL,1168,
65,ako,FIL,1169,
65,kac,FIL,1170,
65,po,FIL,1171,
65,may,FIL,1172,
65,sakit,FIL,1173,
65,po,FIL,1174,
65,ako,FIL,1175,
65,sa,FIL,1176,
65,liig,FIL,1177,
65,tinotoboan,FIL,1178,
65,po,FIL,1179,
65,kac,FIL,1180,
65,ako,FIL,1181,
65,ng,FIL,1182,
65,mga,FIL,1183,
65,bukol,FIL,1184,
65,sa,FIL,1185,
65,liig,FIL,1186,
65,wla,FIL,1187,
65,po,FIL,1188,
65,kac,FIL,1189,
65,akong,FIL,1190,
65,pambili,FIL,1191,
65,ng,FIL,1192,
65,gamot,FIL,1193,
65,ko,FIL,1194,
65,sana,FIL,1195,
65,po,FIL,1196,
65,matulongan,FIL,1197,
65,niyu,FIL,1198,
65,po,FIL,1199,
65,ako,FIL,1200,
65,ma'am,ENG,1201,
65,ivana,UNK,1202,NE
65,kakapalan,FIL,1203,
65,kona,FIL,1204,
65,po,FIL,1205,
65,itong,FIL,1206,
65,moka,FIL,1207,
65,ko,FIL,1208,
66,Huwag,FIL,1209,
66,kayong,FIL,1210,
66,lalaban,FIL,1211,
66,baka,FIL,1212,
66,mabura,FIL,1213,
66,kayo,FIL,1214,
66,sa,FIL,1215,
66,mapa,FIL,1216,
67,Samantala,FIL,1217,
67,",",SYM,1218,
67,lumampas,FIL,1219,
67,na,FIL,1220,
67,sa,FIL,1221,
67,36,NUM,1222,
67,milyon,FIL,1223,
67,ang,FIL,1224,
67,dami,FIL,1225,
67,ng,FIL,1226,
67,mga,FIL,1227,
67,taong,FIL,1228,
67,nadapuan,FIL,1229,
67,ng,FIL,1230,
67,COVID-19,ENG,1231,"ABB,NE"
67,sa,FIL,1232,
67,buong,FIL,1233,
67,mundo,FIL,1234,
67,.,SYM,1235,
68,Sa,FIL,1236,
68,Budismo,FIL,1237,NE
68,",",SYM,1238,
68,ang,FIL,1239,
68,pagtatamo,FIL,1240,
68,ng,FIL,1241,
68,kawalang-kamatayan,FIL,1242,
68,ay,FIL,1243,
68,nangangahulugang,FIL,1244,
68,pagpasok,FIL,1245,
68,sa,FIL,1246,
68,Nirvana,UNK,1247,NE
68,",",SYM,1248,
68,ngunit,FIL,1249,
68,ano,FIL,1250,
68,ang,FIL,1251,
68,tawag,FIL,1252,
68,nila,FIL,1253,
68,dito,FIL,1254,
68,sa,FIL,1255,
68,Kristiyanismo,FIL,1256,NE
68,?,SYM,1257,
69,hindi,FIL,1258,
69,ka,FIL,1259,
69,na,FIL,1260,
69,nga,FIL,1261,
69,matino,FIL,1262,
69,",",SYM,1263,
69,hindi,FIL,1264,
69,pa,FIL,1265,
69,matino,FIL,1266,
69,tulog,FIL,1267,
69,mo,FIL,1268,
69,",",SYM,1269,
69,hindi,FIL,1270,
69,pa,FIL,1271,
69,matino,FIL,1272,
69,ang,FIL,1273,
69,kain,FIL,1274,
69,.,SYM,1275,
71,Baka,FIL,1276,
71,matalo,FIL,1277,
71,kayo,FIL,1278,
71,ng,FIL,1279,
71,jamill,UNK,1280,NE
71,haha,UNK,1281,EXPR
72,Dito,FIL,1282,
72,samin,FIL,1283,
72,sa,FIL,1284,
72,Palar,UNK,1285,NE
72,Brgy,FIL,1286,ABB
72,pinagsama,FIL,1287,
72,taguig,UNK,1288,NE
72,300,NUM,1289,
72,lng,FIL,1290,
72,ang,FIL,1291,
72,kilo,FIL,1292,
72,ng,FIL,1293,
72,baka,FIL,1294,
72,tanong,FIL,1295,
72,ko,FIL,1296,
72,sa,FIL,1297,
72,ngtitinda,FIL,1298,
72,bkit,FIL,1299,
72,kako,FIL,1300,
72,mura,FIL,1301,
72,lng,FIL,1302,
72,sayo,FIL,1303,
72,sabi,FIL,1304,
72,niya,FIL,1305,
72,hindi,FIL,1306,
72,mauubos,FIL,1307,
72,pag,FIL,1308,
72,tataasan,FIL,1309,
72,ko,FIL,1310,
72,ang,FIL,1311,
72,presyo,FIL,1312,
72,kya,FIL,1313,
72,napaka,FIL,1314,
72,haba,FIL,1315,
72,ng,FIL,1316,
72,pila,FIL,1317,
72,pag,FIL,1318,
72,sakaniya,FIL,1319,
72,ka,FIL,1320,
72,bibili,FIL,1321,
74,MagpaGA,UNK,1322,
74,na,FIL,1323,
74,lang,FIL,1324,
74,kaya,FIL,1325,
74,ako,FIL,1326,
74,ng,FIL,1327,
74,bigas,FIL,1328,
74,para,FIL,1329,
74,sa,FIL,1330,
74,birthday,ENG,1331,
74,ni,FIL,1332,
74,Woozi,UNK,1333,NE
74,?,SYM,1334,
75,D,FIL,1335,ABB
75,ko,FIL,1336,
75,maintindihan,FIL,1337,
75,ang,FIL,1338,
75,Ganda,UNK,1339,NE
75,nibea,UNK,1340,
75,but,ENG,1341,
75,pa,FIL,1342,
75,lolokohin,FIL,1343,
75,?,SYM,1344,
76,Nakaparada,FIL,1345,
76,umano,FIL,1346,
76,ang,FIL,1347,
76,kotse,FIL,1348,
76,ni,FIL,1349,
76,Hilario,UNK,1350,NE
76,nang,FIL,1351,
76,magsidatingan,FIL,1352,
76,ang,FIL,1353,
76,mga,FIL,1354,
76,suspek,FIL,1355,
76,na,FIL,1356,
76,lulan,FIL,1357,
76,ng,FIL,1358,
76,puting,FIL,1359,
76,Isuzu,ENG,1360,NE
76,Crosswind,ENG,1361,NE
76,(,SYM,1362,
76,XYF,ENG,1363,NE
76,-,SYM,1364,
76,188,NUM,1365,
76,),SYM,1366,
76,at,FIL,1367,
76,maroon,ENG,1368,
76,na,FIL,1369,
76,Honda,ENG,1370,NE
76,City,ENG,1371,NE
76,(,SYM,1372,
76,NCV,ENG,1373,NE
76,-,SYM,1374,
76,9054,NUM,1375,
76,),SYM,1376,
76,.,SYM,1377,
77,kawawa,FIL,1378,
77,ang,FIL,1379,
77,mga,FIL,1380,
77,kabataan,FIL,1381,
77,dahil,FIL,1382,
77,sa,FIL,1383,
77,drugs,ENG,1384,
77,na,FIL,1385,
77,yan,FIL,1386,
78,Ituro,FIL,1387,
78,mo,FIL,1388,
78,ang,FIL,1389,
78,opisina,FIL,1390,
78,na,FIL,1391,
78,korap,FIL,1392,
78,at,FIL,1393,
78,ako,FIL,1394,
78,na,FIL,1395,
78,ang,FIL,1396,
78,bahala,FIL,1397,
78,.,SYM,1398,
79,Sa,FIL,1399,
79,buong,FIL,1400,
79,buhay,FIL,1401,
79,ko,FIL,1402,
79,",",SYM,1403,
79,wala,FIL,1404,
79,akong,FIL,1405,
79,laban,FIL,1406,
79,na,FIL,1407,
79,inaatrasan,FIL,1408,
79,dahil,FIL,1409,
79,sa,FIL,1410,
79,ngalan,FIL,1411,
79,ng,FIL,1412,
79,prinsipyo,FIL,1413,
79,",",SYM,1414,
79,karangalan,FIL,1415,
79,ng,FIL,1416,
79,bayan,FIL,1417,
79,ay,FIL,1418,
79,tumayo,FIL,1419,
79,ako,FIL,1420,
79,",",SYM,1421,
79,nanindigan,FIL,1422,
79,at,FIL,1423,
79,nakikipaglaban,FIL,1424,
79,.,SYM,1425,
80,Need,ENG,1426,
80,tignan,FIL,1427,
80,ng,FIL,1428,
80,present,ENG,1429,
80,school,ENG,1430,
80,ang,FIL,1431,
80,history,ENG,1432,
80,ng,FIL,1433,
80,student,ENG,1434,
80,sa,FIL,1435,
80,LIS,ENG,1436,"ABB,NE"
80,.,SYM,1437,
81,Napatay,FIL,1438,
81,ang,FIL,1439,
81,isang,FIL,1440,
81,tindera,FIL,1441,
81,ng,FIL,1442,
81,gulay,FIL,1443,
81,matapos,FIL,1444,
81,barilin,FIL,1445,
81,ng,FIL,1446,
81,isang,FIL,1447,
81,lalaki,FIL,1448,
81,sa,FIL,1449,
81,Barangay,FIL,1450,NE
81,Central,ENG,1451,NE
81,East,ENG,1452,NE
81,",",SYM,1453,
81,Bauang,UNK,1454,NE
81,",",SYM,1455,
81,La,UNK,1456,NE
81,Union,ENG,1457,NE
81,kamakailan,FIL,1458,
81,.,SYM,1459,
82,Naiyak,FIL,1460,
82,ako,FIL,1461,
82,doon,FIL,1462,
82,sa,FIL,1463,
82,sinabi,FIL,1464,
82,ng,FIL,1465,
82,tatay,FIL,1466,
82,na,FIL,1467,
82,"""",SYM,1468,
82,Anak,FIL,1469,
82,",",SYM,1470,
82,"""",SYM,1471,
82,,SYM,1472,
82,at,FIL,1473,
82,"""",SYM,1474,
82,I,ENG,1475,
82,love,ENG,1476,
82,you,ENG,1477,
82,.,SYM,1478,
82,"""",SYM,1479,
82,,SYM,1480,
83,Sa,FIL,1481,
83,sobrang,FIL,1482,
83,pag,FIL,1483,
83,titipid,FIL,1484,
83,ng,FIL,1485,
83,gobyerno,FIL,1486,
83,ayan,FIL,1487,
83,buhay,FIL,1488,
83,ng,FIL,1489,
83,mga,FIL,1490,
83,sundalo,FIL,1491,
83,natin,FIL,1492,
83,ang,FIL,1493,
83,naka,FIL,1494,
83,taya,FIL,1495,
83,.,SYM,1496,
84,mga,FIL,1497,
84,kabbayan,FIL,1498,
84,eto,FIL,1499,
84,ba,FIL,1500,
84,ang,FIL,1501,
84,iboboto,FIL,1502,
84,ninyo,FIL,1503,
84,walang,FIL,1504,
84,planong,FIL,1505,
84,tumakbo,FIL,1506,
84,tapos,FIL,1507,
84,ngayon,FIL,1508,
84,kakandidato,FIL,1509,
84,!,SYM,1510,
85,Isinailalim,FIL,1511,
85,sa,FIL,1512,
85,state,ENG,1513,
85,of,ENG,1514,
85,calamity,ENG,1515,
85,ang,FIL,1516,
85,Barangay,FIL,1517,NE
85,Pasian,UNK,1518,NE
85,sa,FIL,1519,
85,bayan,FIL,1520,
85,ng,FIL,1521,
85,Monkayo,UNK,1522,NE
85,",",SYM,1523,
85,Davao,UNK,1524,NE
85,de,UNK,1525,NE
85,Oro,UNK,1526,NE
85,ngayong,FIL,1527,
85,Biyernes,FIL,1528,
85,",",SYM,1529,
85,dahil,FIL,1530,
85,sa,FIL,1531,
85,diarrhea,ENG,1532,
85,outbreak,ENG,1533,
85,na,FIL,1534,
85,nagsimula,FIL,1535,
85,noong,FIL,1536,
85,Linggo,FIL,1537,
85,.,SYM,1538,
86,Hindi,FIL,1539,
86,sa,FIL,1540,
86,nagyayabang,FIL,1541,
86,tayo,FIL,1542,
86,",",SYM,1543,
86,ha,UNK,1544,EXPR
86,?,SYM,1545,
87,Pero,FIL,1546,
87,sa,FIL,1547,
87,totoo,FIL,1548,
87,lang,FIL,1549,
87,",",SYM,1550,
87,bagay,FIL,1551,
87,sana,FIL,1552,
87,na,FIL,1553,
87,gumawa,FIL,1554,
87,rin,FIL,1555,
87,sila,FIL,1556,
87,ng,FIL,1557,
87,pelikula,FIL,1558,
87,ni,FIL,1559,
87,Julia,UNK,1560,NE
87,",",SYM,1561,
87,di,FIL,1562,
87,ba,FIL,1563,
87,?,SYM,1564,
88,Marahil,FIL,1565,
88,nagkaroon,FIL,1566,
88,ng,FIL,1567,
88,pagbabago,FIL,1568,
88,kasi,FIL,1569,
88,magkalapit,FIL,1570,
88,lamang,FIL,1571,
88,sila,FIL,1572,
88,ng,FIL,1573,
88,pagbigkas,FIL,1574,
88,.,SYM,1575,
89,Isiniwalat,FIL,1576,
89,ni,FIL,1577,
89,Jeffrey,UNK,1578,NE
89,kung,FIL,1579,
89,ano,FIL,1580,
89,ba,FIL,1581,
89,talaga,FIL,1582,
89,ang,FIL,1583,
89,nangyari,FIL,1584,
89,.,SYM,1585,
90,Patay,FIL,1586,
90,ang,FIL,1587,
90,dalawang,FIL,1588,
90,big-time,ENG,1589,
90,drug,ENG,1590,
90,pusher,ENG,1591,
90,habang,FIL,1592,
90,tinatayang,FIL,1593,
90,nasa,FIL,1594,
90,31,NUM,1595,
90,kilo,FIL,1596,
90,ng,FIL,1597,
90,shabu,FIL,1598,
90,na,FIL,1599,
90,nagkakahalaga,FIL,1600,
90,ng,FIL,1601,
90,P210,NUM,1602,
90,milyon,FIL,1603,
90,ang,FIL,1604,
90,nasamsam,FIL,1605,
90,sa,FIL,1606,
90,mga,FIL,1607,
90,ito,FIL,1608,
90,",",SYM,1609,
90,matapos,FIL,1610,
90,ang,FIL,1611,
90,buy-bust,ENG,1612,
90,operation,ENG,1613,
90,ng,FIL,1614,
90,Philippine,ENG,1615,NE
90,National,ENG,1616,NE
90,Police-Drug,ENG,1617,NE
90,Enforcement,ENG,1618,NE
90,Group,ENG,1619,NE
90,(,SYM,1620,
90,PDEG,ENG,1621,"ABB,NE"
90,),SYM,1622,
90,sa,FIL,1623,
90,Las,FIL,1624,NE
90,Pinas,FIL,1625,NE
90,City,ENG,1626,NE
90,",",SYM,1627,
90,Martes,FIL,1628,
90,ng,FIL,1629,
90,gabi,FIL,1630,
90,.,SYM,1631,
91,Si,FIL,1632,
91,baby,ENG,1633,
91,yung,FIL,1634,
91,nakakaawa,FIL,1635,
91,pag,FIL,1636,
91,nagkasipon,FIL,1637,
91,si,FIL,1638,
91,baby,ENG,1639,
91,dahil,FIL,1640,
91,nagpapahamog,FIL,1641,
91,ka,FIL,1642,
91,ng,FIL,1643,
91,nagbubuntis,FIL,1644,
91,.,SYM,1645,
92,i,ENG,1646,
92,think,ENG,1647,
92,gusto,FIL,1648,
92,ko,FIL,1649,
92,pumatay,FIL,1650,
92,ng,FIL,1651,
92,mga,FIL,1652,
92,paimon,UNK,1653,NE
92,haters,ENG,1654,
94,hAHAHAHHAAHSHHAHA,UNK,1655,EXPR
94,pls,ENG,1656,ABB
94,kaharap,FIL,1657,
94,ko,FIL,1658,
94,ngayon,FIL,1659,
94,mga,FIL,1660,
94,dapat,FIL,1661,
94,hugasan,FIL,1662,
94,na,FIL,1663,
94,plato,FIL,1664,
94,sige,FIL,1665,
94,pi,UNK,1666,
94,feel,ENG,1667,
94,ko,FIL,1668,
94,eto,FIL,1669,
94,na,FIL,1670,
94,ang,FIL,1671,
94,sign,ENG,1672,
94,",",SYM,1673,
95,Napaka,FIL,1674,
95,bano,FIL,1675,
95,mo,FIL,1676,
95,naman,FIL,1677,
95,mag,FIL,1678,
95,commentator,ENG,1679,
95,wala,FIL,1680,
95,man,FIL,1681,
95,lang,FIL,1682,
95,pang,FIL,1683,
95,hype,ENG,1684,
95,sa,FIL,1685,
95,mga,FIL,1686,
95,crowd,ENG,1687,
95,.,SYM,1688,
97,try,ENG,1689,
97,mo,FIL,1690,
97,na,FIL,1691,
97,bilisan,FIL,1692,
97,mo,FIL,1693,
97,ako,FIL,1694,
97,ang,FIL,1695,
97,desisyon,FIL,1696,
97,sa,FIL,1697,
97,mundong,FIL,1698,
97,ito,FIL,1699,
98,Ang,FIL,1700,
98,Zoom,ENG,1701,NE
98,at,FIL,1702,
98,Google,ENG,1703,NE
98,Teams,ENG,1704,NE
98,meeting,ENG,1705,
98,ay,FIL,1706,
98,malayo,FIL,1707,
98,sa,FIL,1708,
98,katotohanannoon,UNK,1709,
98,.,SYM,1710,
99,Layon,FIL,1711,
99,ng,FIL,1712,
99,SMC,ENG,1713,"ABB,NE"
99,",",SYM,1714,
99,sabi,FIL,1715,
99,ni,FIL,1716,
99,Ang,UNK,1717,NE
99,",",SYM,1718,
99,na,FIL,1719,
99,linisin,FIL,1720,
99,ang,FIL,1721,
99,mga,FIL,1722,
99,pangunahing,FIL,1723,
99,ilog,FIL,1724,
99,at,FIL,1725,
99,mga,FIL,1726,
99,dinadaluyan,FIL,1727,
99,nito,FIL,1728,
99,na,FIL,1729,
99,barado,FIL,1730,
99,ng,FIL,1731,
99,mga,FIL,1732,
99,basura,FIL,1733,
99,at,FIL,1734,
99,burak,FIL,1735,
99,sa,FIL,1736,
99,nakalipas,FIL,1737,
99,na,FIL,1738,
99,maraming,FIL,1739,
99,dekada,FIL,1740,
99,kung,FIL,1741,
99,kayat,FIL,1742,
99,hindi,FIL,1743,
99,maayos,FIL,1744,
99,ang,FIL,1745,
99,pag-agos,FIL,1746,
99,ng,FIL,1747,
99,tubig,FIL,1748,
99,baha,FIL,1749,
99,patungo,FIL,1750,
99,sa,FIL,1751,
99,Manila,UNK,1752,NE
99,Bay,ENG,1753,NE
99,.,SYM,1754,
101,Hindi,FIL,1755,
101,naman,FIL,1756,
101,ito,FIL,1757,
101,winika,FIL,1758,
101,ni,FIL,1759,
101,Hudas,UNK,1760,NE
101,dahil,FIL,1761,
101,siya,FIL,1762,
101,ay,FIL,1763,
101,nagmamalasakit,FIL,1764,
101,sa,FIL,1765,
101,mga,FIL,1766,
101,dukha,FIL,1767,
101,.,SYM,1768,
102,Ano,FIL,1769,
102,magnda,FIL,1770,
102,gawin,FIL,1771,
102,sa,FIL,1772,
102,mga,FIL,1773,
102,Bbw,ENG,1774,ABB
102,?,SYM,1775,
103,Matatandaang,FIL,1776,
103,nakaraang,FIL,1777,
103,linggo,FIL,1778,
103,ay,FIL,1779,
103,hayagang,FIL,1780,
103,idineklara,FIL,1781,
103,ng,FIL,1782,
103,mga,FIL,1783,
103,kaalyado,FIL,1784,
103,ni,FIL,1785,
103,Cayetano,UNK,1786,NE
103,ang,FIL,1787,
103,patuloy,FIL,1788,
103,na,FIL,1789,
103,suporta,FIL,1790,
103,sa,FIL,1791,
103,liderato,FIL,1792,
103,nito,FIL,1793,
103,sa,FIL,1794,
103,kabila,FIL,1795,
103,selyadong,FIL,1796,
103,term,ENG,1797,
103,sharing,ENG,1798,
103,.,SYM,1799,
104,Nung,FIL,1800,
104,2019,NUM,1801,
104,nagstart,FIL,1802,
104,kami,FIL,1803,
104,mag-ipon,FIL,1804,
104,ng,FIL,1805,
104,materyales,FIL,1806,
104,para,FIL,1807,
104,sa,FIL,1808,
104,bahay,FIL,1809,
104,",",SYM,1810,
104,nung,FIL,1811,
104,october,ENG,1812,
104,2020,NUM,1813,
104,naman,FIL,1814,
104,nag-umpisa,FIL,1815,
104,na,FIL,1816,
104,sila,FIL,1817,
104,tatay,FIL,1818,
104,sa,FIL,1819,
104,pagpatayo,FIL,1820,
104,nung,FIL,1821,
104,bahay,FIL,1822,
104,",",SYM,1823,
104,dahil,FIL,1824,
104,nga,FIL,1825,
104,di,FIL,1826,
104,naman,FIL,1827,
104,kalakihan,FIL,1828,
104,ang,FIL,1829,
104,kita,FIL,1830,
104,ko,FIL,1831,
104,dito,FIL,1832,
104,sa,FIL,1833,
104,Malaysia,ENG,1834,NE
104,kaya,FIL,1835,
104,mejo,FIL,1836,
104,mabagal,FIL,1837,
104,ang,FIL,1838,
104,pagpapatayo,FIL,1839,
104,namin,FIL,1840,
104,hanggang,FIL,1841,
104,sa,FIL,1842,
104,pumanaw,FIL,1843,
104,si,FIL,1844,
104,tatay,FIL,1845,
104,nung,FIL,1846,
104,may,ENG,1847,
104,18,NUM,1848,
104,2021,NUM,1849,
104,.,SYM,1850,
105,May,FIL,1851,
105,ilan,FIL,1852,
105,pang,FIL,1853,
105,naghamon,FIL,1854,
105,sa,FIL,1855,
105,binata,FIL,1856,
105,na,FIL,1857,
105,sagutin,FIL,1858,
105,na,FIL,1859,
105,kasi,FIL,1860,
105,niya,FIL,1861,
105,kung,FIL,1862,
105,ano,FIL,1863,
105,ba,FIL,1864,
105,talaga,FIL,1865,
105,ang,FIL,1866,
105,rason,FIL,1867,
105,ng,FIL,1868,
105,break,ENG,1869,
105,up,ENG,1870,
105,nila,FIL,1871,
105,ni,FIL,1872,
105,Andrea,UNK,1873,NE
105,para,FIL,1874,
105,tumigil,FIL,1875,
105,na,FIL,1876,
105,ang,FIL,1877,
105,mga,FIL,1878,
105,bashers,ENG,1879,
105,sa,FIL,1880,
105,panghaharas,FIL,1881,
105,sa,FIL,1882,
105,kanya,FIL,1883,
105,.,SYM,1884,
106,di,FIL,1885,
106,po,FIL,1886,
106,ako,FIL,1887,
106,magtatanong,FIL,1888,
106,kung,FIL,1889,
106,kelan,FIL,1890,
106,next,ENG,1891,
106,vlog,ENG,1892,
106,ng,FIL,1893,
106,bopin,UNK,1894,NE
107,Kaya,FIL,1895,
107,noong,FIL,1896,
107,bata,FIL,1897,
107,pa,FIL,1898,
107,siya,FIL,1899,
107,",",SYM,1900,
107,sinasamahan,FIL,1901,
107,niya,FIL,1902,
107,ang,FIL,1903,
107,tatay,FIL,1904,
107,niya,FIL,1905,
107,sa,FIL,1906,
107,mga,FIL,1907,
107,business,ENG,1908,
107,adventures,ENG,1909,
107,nila,FIL,1910,
107,.,SYM,1911,
108,HELP,ENG,1912,
108,HAHAHSHA,UNK,1913,EXPR
108,di,FIL,1914,
108,na,FIL,1915,
108,nga,FIL,1916,
108,ako,FIL,1917,
108,sumasali,FIL,1918,
108,or,ENG,1919,
108,nakikinig,FIL,1920,
108,dahil,FIL,1921,
108,gumagawa,FIL,1922,
108,pa,FIL,1923,
108,kami,FIL,1924,
108,ng,FIL,1925,
108,group,ENG,1926,
108,activity,ENG,1927,
108,jdjdjd,UNK,1928,EXPR
110,"""",SYM,1929,
110,,SYM,1930,
110,Inay,FIL,1931,
110,",",SYM,1932,
110,maghahanap,FIL,1933,
110,po,FIL,1934,
110,ako,FIL,1935,
110,bukas,FIL,1936,
110,ng,FIL,1937,
110,trabaho,FIL,1938,
110,.,SYM,1939,
112,Matagal,FIL,1940,
112,na,FIL,1941,
112,siyang,FIL,1942,
112,nagpapahiwatig,FIL,1943,
112,na,FIL,1944,
112,ayaw,FIL,1945,
112,na,FIL,1946,
112,niyang,FIL,1947,
112,mabuhay,FIL,1948,
112,makaraang,FIL,1949,
112,matanggal,FIL,1950,
112,sa,FIL,1951,
112,trabaho,FIL,1952,
112,at,FIL,1953,
112,walang,FIL,1954,
112,kinikita,FIL,1955,
112,nang,FIL,1956,
112,magkaroon,FIL,1957,
112,ng,FIL,1958,
112,lockdown,ENG,1959,
112,.,SYM,1960,
113,Kung,FIL,1961,
113,ang,FIL,1962,
113,mga,FIL,1963,
113,satanikong,FIL,1964,
113,kalikasan,FIL,1965,
113,at,FIL,1966,
113,mga,FIL,1967,
113,tiwaling,FIL,1968,
113,disposisyon,FIL,1969,
113,",",SYM,1970,
113,na,FIL,1971,
113,labis,FIL,1972,
113,kung,FIL,1973,
113,lumaban,FIL,1974,
113,sa,FIL,1975,
113,Diyos,FIL,1976,NE
113,",",SYM,1977,
113,ay,FIL,1978,
113,hindi,FIL,1979,
113,pa,FIL,1980,
113,nalulutas,FIL,1981,
113,",",SYM,1982,
113,hindi,FIL,1983,
113,natin,FIL,1984,
113,maiiwasang,FIL,1985,
113,gumawa,FIL,1986,
113,ng,FIL,1987,
113,maraming,FIL,1988,
113,kasalanan,FIL,1989,
113,.,SYM,1990,
114,Gayumpaman,FIL,1991,
114,",",SYM,1992,
114,mayroong,FIL,1993,
114,mararaming,FIL,1994,
114,di-pagkakasundo,FIL,1995,
114,hinggil,FIL,1996,
114,sa,FIL,1997,
114,hugis,FIL,1998,
114,ng,FIL,1999,
114,isang,FIL,2000,
114,pinal,FIL,2001,
114,na,FIL,2002,
114,kasunduan,FIL,2003,
114,at,FIL,2004,
114,gayundin,FIL,2005,
114,sa,FIL,2006,
114,antas,FIL,2007,
114,ng,FIL,2008,
114,tiwala,FIL,2009,
114,na,FIL,2010,
114,natatanaw,FIL,2011,
114,ng,FIL,2012,
114,bawat,FIL,2013,
114,panig,FIL,2014,
114,sa,FIL,2015,
114,kabila,FIL,2016,
114,sa,FIL,2017,
114,pagtibay,FIL,2018,
114,nito,FIL,2019,
114,ng,FIL,2020,
114,mga,FIL,2021,
114,saligang,FIL,2022,
114,.,SYM,2023,
115,tanggalan,FIL,2024,
115,ng,FIL,2025,
115,lisensya,FIL,2026,
115,mga,FIL,2027,
115,nahuhuling,FIL,2028,
115,nag,FIL,2029,
115,drive,ENG,2030,
115,ng,FIL,2031,
115,lasing,FIL,2032,
115,mangdadamay,FIL,2033,
115,pa,FIL,2034,
115,yan,FIL,2035,
116,Inamin,FIL,2036,
116,din,FIL,2037,
116,ni,FIL,2038,
116,Dasuri,UNK,2039,NE
116,na,FIL,2040,
116,mas,FIL,2041,
116,type,ENG,2042,
116,niyang,FIL,2043,
116,mapangasawa,FIL,2044,
116,ang,FIL,2045,
116,Pinoy,FIL,2046,NE
116,.,SYM,2047,
117,Kamakailan,FIL,2048,
117,lang,FIL,2049,
117,nang,FIL,2050,
117,magsalita,FIL,2051,
117,si,FIL,2052,
117,Bianca,UNK,2053,NE
117,ukol,FIL,2054,
117,sa,FIL,2055,
117,kontrobersyang,FIL,2056,
117,kinasasangkutan,FIL,2057,
117,ng,FIL,2058,
117,kaniyang,FIL,2059,
117,kaibigan,FIL,2060,
117,at,FIL,2061,
117,katrabahong,FIL,2062,
117,si,FIL,2063,
117,Toni,UNK,2064,NE
117,Gonzaga,UNK,2065,NE
117,.,SYM,2066,
118,'wag,FIL,2067,
118,mo,FIL,2068,
118,ko,FIL,2069,
118,andaran,FIL,2070,
118,ng,FIL,2071,
118,pag,FIL,2072,
118,iinarte,FIL,2073,
118,mo,FIL,2074,
118,valo,UNK,2075,
118,ha,UNK,2076,EXPR
118,lakas,FIL,2077,
118,ng,FIL,2078,
118,topak,FIL,2079,
118,mo,FIL,2080,
118,ah,UNK,2081,EXPR
119,Matthew,UNK,2082,NE
119,Manotoc,UNK,2083,NE
119,",",SYM,2084,
119,isang,FIL,2085,
119,22-anyos,UNK,2086,
119,ang,FIL,2087,
119,pasyente,FIL,2088,
119,at,FIL,2089,
119,mula,FIL,2090,
119,sa,FIL,2091,
119,Barangay,FIL,2092,NE
119,Duripes,UNK,2093,NE
119,sa,FIL,2094,
119,bayan,FIL,2095,
119,ng,FIL,2096,
119,Bacarra,UNK,2097,NE
119,.,SYM,2098,
120,Siyempre,FIL,2099,
120,",",SYM,2100,
120,palitan,FIL,2101,
120,kayo,FIL,2102,
120,ng,FIL,2103,
120,mga,FIL,2104,
120,pagkain,FIL,2105,
120,",",SYM,2106,
120,mga,FIL,2107,
120,baon,FIL,2108,
120,",",SYM,2109,
120,pahayag,FIL,2110,
120,pa,FIL,2111,
120,ng,FIL,2112,
120,sexy,ENG,2113,
120,actress,ENG,2114,
120,.,SYM,2115,
121,Sinuman,FIL,2116,
121,ang,FIL,2117,
121,lumayas,FIL,2118,
121,",",SYM,2119,
121,hindi,FIL,2120,
121,mo,FIL,2121,
121,kayang,FIL,2122,
121,gawin,FIL,2123,
121,iyon,FIL,2124,
121,.,SYM,2125,
122,hindi,FIL,2126,
122,tayo,FIL,2127,
122,personally,ENG,2128,
122,na,FIL,2129,
122,mag,FIL,2130,
122,kaka-kilala,FIL,2131,
122,ha,FIL,2132,
122,pero,FIL,2133,
122,kung,FIL,2134,
122,magsalita,FIL,2135,
122,kayo,FIL,2136,
122,ng,FIL,2137,
122,ganyan,FIL,2138,
122,grabe,FIL,2139,
122,kayo,FIL,2140,
122,",",SYM,2141,
122,sino,FIL,2142,
122,ba,FIL,2143,
122,kayo,FIL,2144,
122,?,SYM,2145,
123,Shout,ENG,2146,
123,out,ENG,2147,
123,sa,FIL,2148,
123,lahat,FIL,2149,
123,ng,FIL,2150,
123,naka,FIL,2151,
123,AAP,ENG,2152,ABB
123,!,SYM,2153,
124,Ang,FIL,2154,
124,bilang,FIL,2155,
124,ng,FIL,2156,
124,mga,FIL,2157,
124,namamatay,FIL,2158,
124,ay,FIL,2159,
124,bumaba,FIL,2160,
124,sa,FIL,2161,
124,pagitan,FIL,2162,
124,ng,FIL,2163,
124,at,FIL,2164,
124,.,SYM,2165,
125,Ang,FIL,2166,
125,Lusitania,UNK,2167,NE
125,ay,FIL,2168,
125,isang,FIL,2169,
125,lalawigan,FIL,2170,
125,ng,FIL,2171,
125,.,SYM,2172,
126,Talagang,FIL,2173,
126,traidor,FIL,2174,
126,ang,FIL,2175,
126,mga,FIL,2176,
126,Intsik,FIL,2177,
126,dito,FIL,2178,
126,.,SYM,2179,
127,Maganda,FIL,2180,
127,ang,FIL,2181,
127,pagkaka-construct,UNK,2182,
127,ng,FIL,2183,
127,joke,ENG,2184,
127,",",SYM,2185,
127,gumamit,FIL,2186,
127,mg,FIL,2187,ABB
127,matatanghilagang,FIL,2188,
127,salita,FIL,2189,
127,para,FIL,2190,
127,impactful,ENG,2191,
127,ang,FIL,2192,
127,joke,ENG,2193,
127,niya,FIL,2194,
127,",",SYM,2195,
127,ang,FIL,2196,
127,delivery,ENG,2197,
127,at,FIL,2198,
127,timing,ENG,2199,
127,ay,FIL,2200,
127,on,ENG,2201,
127,point,ENG,2202,
127,",",SYM,2203,
127,madaling,FIL,2204,
127,ma-gets,UNK,2205,
127,at,FIL,2206,
127,higit,FIL,2207,
127,sa,FIL,2208,
127,lahat,FIL,2209,
127,",",SYM,2210,
127,relatable,ENG,2211,
127,siya,FIL,2212,
127,.,SYM,2213,
128,Bistado,FIL,2214,
128,ang,FIL,2215,
128,babaeng,FIL,2216,
128,Thai,ENG,2217,NE
128,na,FIL,2218,
128,nagtangkang,FIL,2219,
128,magpuslit,FIL,2220,
128,ng,FIL,2221,
128,milyon-milyong,FIL,2222,
128,pisong,FIL,2223,
128,halaga,FIL,2224,
128,ng,FIL,2225,
128,droga,FIL,2226,
128,sa,FIL,2227,
128,Ninoy,UNK,2228,NE
128,Aquino,UNK,2229,NE
128,International,ENG,2230,NE
128,Airport,ENG,2231,NE
128,(,SYM,2232,
128,NAIA,FIL,2233,"ABB,NE"
128,),SYM,2234,
128,.,SYM,2235,
129,nag-promise,UNK,2236,
129,ang,FIL,2237,
129,japan,ENG,2238,NE
129,ng,FIL,2239,
129,independence,ENG,2240,
129,at,FIL,2241,
129,tinatag,FIL,2242,
129,ang,FIL,2243,
129,PCPI,FIL,2244,"ABB,NE"
129,",",SYM,2245,
129,isa,FIL,2246,
129,si,FIL,2247,
129,aquino,UNK,2248,NE
129,sa,FIL,2249,
129,narecruit,FIL,2250,
129,.,SYM,2251,
130,Ang,FIL,2252,
130,kaparusahang,FIL,2253,
130,ito,FIL,2254,
130,ay,FIL,2255,
130,hindi,FIL,2256,
130,matatagpuan,FIL,2257,
130,sa,FIL,2258,
130,Quran,ENG,2259,NE
130,kundi,FIL,2260,
130,ang,FIL,2261,
130,binabanggit,FIL,2262,
130,ay,FIL,2263,
130,dalawang,FIL,2264,
130,magkaibang,FIL,2265,
130,parusa,FIL,2266,
130,sa,FIL,2267,
130,pangangalunya,FIL,2268,
130,na,FIL,2269,
130,paghataw,FIL,2270,
130,.,SYM,2271,
131,Umaasa,FIL,2272,
131,ang,FIL,2273,
131,grupo,FIL,2274,
131,ng,FIL,2275,
131,mga,FIL,2276,
131,poultry,ENG,2277,
131,raiser,ENG,2278,
131,na,FIL,2279,
131,makakabawi,FIL,2280,
131,na,FIL,2281,
131,sila,FIL,2282,
131,sa,FIL,2283,
131,kita,FIL,2284,
131,matapos,FIL,2285,
131,luwagan,FIL,2286,
131,ang,FIL,2287,
131,pagbiyahe,FIL,2288,
131,ng,FIL,2289,
131,hayop,FIL,2290,
131,galing,FIL,2291,
131,sa,FIL,2292,
131,mga,FIL,2293,
131,lugar,FIL,2294,
131,na,FIL,2295,
131,tinamaan,FIL,2296,
131,noon,FIL,2297,
131,ng,FIL,2298,
131,bird,ENG,2299,
131,flu,ENG,2300,
131,.,SYM,2301,
132,Ra,FIL,2302,
132,ulo,FIL,2303,
132,ka,FIL,2304,
132,Leo,UNK,2305,NE
132,ikaw,FIL,2306,
132,na,FIL,2307,
132,nga,FIL,2308,
132,ginawan,FIL,2309,
132,ng,FIL,2310,
132,favor,ENG,2311,
132,",",SYM,2312,
132,ikaw,FIL,2313,
132,pa,FIL,2314,
132,ang,FIL,2315,
132,nang,FIL,2316,
132,ggalaiti,FIL,2317,
132,sa,FIL,2318,
132,glitany,UNK,2319,
132,tym,ENG,2320,ABB
132,pwd,FIL,2321,ABB
132,ka,FIL,2322,
132,nyan,FIL,2323,
132,ilaglag,FIL,2324,
132,",",SYM,2325,
132,wala,FIL,2326,
132,na,FIL,2327,
132,rin,FIL,2328,
132,nman,FIL,2329,
132,yan,FIL,2330,
132,kay,FIL,2331,
132,Franco,UNK,2332,NE
132,ikaw,FIL,2333,
132,dami,FIL,2334,
132,mawwala,FIL,2335,
132,sayo,FIL,2336,
132,",",SYM,2337,
132,kulong,FIL,2338,
132,kapa,FIL,2339,
133,Inaalam,FIL,2340,
133,pa,FIL,2341,
133,rin,FIL,2342,
133,ang,FIL,2343,
133,motibo,FIL,2344,
133,sa,FIL,2345,
133,krimen,FIL,2346,
133,.,SYM,2347,
135,Natanong,FIL,2348,
135,din,FIL,2349,
135,ang,FIL,2350,
135,aktres,FIL,2351,
135,kung,FIL,2352,
135,ano,FIL,2353,
135,ang,FIL,2354,
135,feeling,ENG,2355,
135,nang,FIL,2356,
135,sabay,FIL,2357,
135,nilang,FIL,2358,
135,iwan,FIL,2359,
135,ni,FIL,2360,
135,McCoy,UNK,2361,NE
135,si,FIL,2362,
135,Baby,UNK,2363,NE
135,Felize,UNK,2364,NE
135,dahil,FIL,2365,
135,sa,FIL,2366,
135,pagsabak,FIL,2367,
135,nila,FIL,2368,
135,sa,FIL,2369,
135,lock-in,ENG,2370,
135,shooting,ENG,2371,
135,ng,FIL,2372,
135,kanilang,FIL,2373,
135,bagong,FIL,2374,
135,movie,ENG,2375,
135,.,SYM,2376,
136,Bukod,FIL,2377,
136,sa,FIL,2378,
136,ganda,FIL,2379,
136,",",SYM,2380,
136,nagpapakita,FIL,2381,
136,na,FIL,2382,
136,rin,FIL,2383,
136,ng,FIL,2384,
136,magandang,FIL,2385,
136,hubog,FIL,2386,
136,ang,FIL,2387,
136,kanyang,FIL,2388,
136,katawan,FIL,2389,
136,ang,FIL,2390,
136,mga,FIL,2391,
136,larawan,FIL,2392,
136,.,SYM,2393,
137,Luh,UNK,2394,EXPR
137,",",SYM,2395,
137,betlog,FIL,2396,
137,lang,FIL,2397,
137,nyan,FIL,2398,
137,ang,FIL,2399,
137,mabigat,FIL,2400,
137,.,SYM,2401,
138,Sinabi,FIL,2402,
138,pa,FIL,2403,
138,niya,FIL,2404,
138,na,FIL,2405,
138,hindi,FIL,2406,
138,pinapakita,FIL,2407,
138,ng,FIL,2408,
138,national,ENG,2409,
138,surveys,ENG,2410,
138,ang,FIL,2411,
138,totoong,FIL,2412,
138,nais,FIL,2413,
138,ng,FIL,2414,
138,mga,FIL,2415,
138,botante,FIL,2416,
138,.,SYM,2417,
139,Na,FIL,2418,
139,si,FIL,2419,
139,Julia,UNK,2420,NE
139,raw,FIL,2421,
139,ang,FIL,2422,
139,kaibigan,FIL,2423,
139,na,FIL,2424,
139,ayaw,FIL,2425,
139,sa,FIL,2426,
139,mga,FIL,2427,
139,nangba-backstab,UNK,2428,
139,",",SYM,2429,
139,habang,FIL,2430,
139,siya,FIL,2431,
139,naman,FIL,2432,
139,daw,FIL,2433,
139,ay,FIL,2434,
139,`yon,FIL,2435,
139,ang,FIL,2436,
139,hilig,FIL,2437,
139,.,SYM,2438,
140,Naging,FIL,2439,
140,mala-parking,UNK,2440,
140,lot,ENG,2441,
140,ng,FIL,2442,
140,halos,FIL,2443,
140,anim,FIL,2444,
140,na,FIL,2445,
140,oras,FIL,2446,
140,ang,FIL,2447,
140,kahabaan,FIL,2448,
140,ng,FIL,2449,
140,Dimasalang,UNK,2450,NE
140,Street,ENG,2451,NE
140,matapos,FIL,2452,
140,humambalang,FIL,2453,
140,at,FIL,2454,
140,magdulot,FIL,2455,
140,ng,FIL,2456,
140,trapiko,FIL,2457,
140,ang,FIL,2458,
140,isang,FIL,2459,
140,12-wheeler,UNK,2460,
140,na,FIL,2461,
140,truck,ENG,2462,
140,na,FIL,2463,
140,natanggalan,FIL,2464,
140,ng,FIL,2465,
140,gulong,FIL,2466,
140,sa,FIL,2467,
140,Sta,UNK,2468,"ABB,NE"
140,Cruz,UNK,2469,NE
140,",",SYM,2470,
140,Manila,UNK,2471,NE
140,.,SYM,2472,
142,Nsan,FIL,2473,
142,na,FIL,2474,
142,mga,FIL,2475,
142,pasabog,FIL,2476,
142,nila,FIL,2477,
142,?,SYM,2478,
143,Pero,FIL,2479,
143,ngayon,FIL,2480,
143,gabi,FIL,2481,
143,gabi,FIL,2482,
143,ko,FIL,2483,
143,pinapanoof,FIL,2484,
143,lahat,FIL,2485,
143,ng,FIL,2486,
143,vlogs,ENG,2487,
143,niyo,FIL,2488,
143,nakaka,FIL,2489,
143,taba,FIL,2490,
143,ng,FIL,2491,
143,puso,FIL,2492,
143,nakaka,FIL,2493,
143,tuwa,FIL,2494,
143,ito,FIL,2495,
143,ang,FIL,2496,
143,kailangan,FIL,2497,
143,ng,FIL,2498,
143,pilipinas,FIL,2499,NE
143,Positibe,ENG,2500,
143,energy,ENG,2501,
144,malapit,FIL,2502,
144,ko,FIL,2503,
144,ng,FIL,2504,
144,makalbo,FIL,2505,
144,si,FIL,2506,
144,mama,FIL,2507,
144,huhu,UNK,2508,EXPR
144,jennie,UNK,2509,NE
144,bat,FIL,2510,
144,ang,FIL,2511,
144,ganda,FIL,2512,
145,Noong,FIL,2513,
145,2002,NUM,2514,
145,",",SYM,2515,
145,nang,FIL,2516,
145,ibahagi,FIL,2517,
145,sa,FIL,2518,
145,akin,FIL,2519,
145,ng,FIL,2520,
145,ilang,FIL,2521,
145,kapatid,FIL,2522,
145,ang,FIL,2523,
145,ebanghelyo,FIL,2524,
145,ng,FIL,2525,
145,gawain,FIL,2526,
145,ng,FIL,2527,
145,Makapangyarihang,FIL,2528,NE
145,Diyos,FIL,2529,NE
145,sa,FIL,2530,
145,mga,FIL,2531,
145,huling,FIL,2532,
145,araw,FIL,2533,
145,",",SYM,2534,
145,masaya,FIL,2535,
145,ko,FIL,2536,
145,itong,FIL,2537,
145,tinanggap,FIL,2538,
145,at,FIL,2539,
145,saka,FIL,2540,
145,ko,FIL,2541,
145,isinama,FIL,2542,
145,ang,FIL,2543,
145,aking,FIL,2544,
145,asawat,FIL,2545,
145,mga,FIL,2546,
145,anak,FIL,2547,
145,sa,FIL,2548,
145,harap,FIL,2549,
145,ng,FIL,2550,
145,Diyos,FIL,2551,NE
145,.,SYM,2552,
146,Pinipinsala,FIL,2553,
146,lamang,FIL,2554,
146,nila,FIL,2555,
146,ang,FIL,2556,
146,kanilang,FIL,2557,
146,sarili,FIL,2558,
146,sa,FIL,2559,
146,paggawa,FIL,2560,
146,nito,FIL,2561,
146,",",SYM,2562,
146,at,FIL,2563,
146,wala,FIL,2564,
146,itong,FIL,2565,
146,dalang,FIL,2566,
146,pakinabang,FIL,2567,
146,sa,FIL,2568,
146,kanilang,FIL,2569,
146,pagpasok,FIL,2570,
146,0,NUM,2571,
146,pagbabago,FIL,2572,
146,.,SYM,2573,
147,I'm,ENG,2574,
147,here,ENG,2575,
147,dahil,FIL,2576,
147,nakamit,FIL,2577,
147,na,FIL,2578,
147,natin,FIL,2579,
147,ang,FIL,2580,
147,M2,UNK,2581,NE
148,hindi,FIL,2582,
148,naman,FIL,2583,
148,nakakatakot,FIL,2584,
148,pero,FIL,2585,
148,ang,FIL,2586,
148,galing,FIL,2587,
149,Mga,FIL,2588,
149,Barangay,FIL,2589,NE
149,Ang,FIL,2590,
149,bayan,FIL,2591,
149,ng,FIL,2592,
149,Garcia,UNK,2593,NE
149,Hernandez,UNK,2594,NE
149,ay,FIL,2595,
149,nahahati,FIL,2596,
149,sa,FIL,2597,
149,na,FIL,2598,
149,mga,FIL,2599,
149,.,SYM,2600,
150,Balita,FIL,2601,
150,lang,FIL,2602,
150,",",SYM,2603,
150,d,FIL,2604,ABB
150,sapat,FIL,2605,
150,yan,FIL,2606,
150,",",SYM,2607,
150,maniniwala,FIL,2608,
150,ang,FIL,2609,
150,pamilya,FIL,2610,
150,na,FIL,2611,
150,pinatay,FIL,2612,
150,nya,FIL,2613,
150,kung,FIL,2614,
150,cla,FIL,2615,ABB
150,mismo,FIL,2616,
150,ang,FIL,2617,
150,makakakita,FIL,2618,
150,na,FIL,2619,
150,tutuong,FIL,2620,
150,patay,FIL,2621,
150,na,FIL,2622,
150,",",SYM,2623,
150,para,FIL,2624,
150,makamit,FIL,2625,
150,ang,FIL,2626,
150,hostisya,FIL,2627,
150,",",SYM,2628,
150,d,FIL,2629,ABB
150,maniniwala,FIL,2630,
150,mga,FIL,2631,
150,tao,FIL,2632,
150,na,FIL,2633,
150,patay,FIL,2634,
150,na,FIL,2635,
150,",",SYM,2636,
151,On,ENG,2637,
151,time,ENG,2638,
151,naman,FIL,2639,
151,lagi,FIL,2640,
151,si,FIL,2641,
151,madam,ENG,2642,
151,ano,FIL,2643,
151,",",SYM,2644,
151,hindi,FIL,2645,
151,kagaya,FIL,2646,
151,ng,FIL,2647,
151,iba,FIL,2648,
151,diyan,FIL,2649,
151,?,SYM,2650,
152,Anong,FIL,2651,
152,nagbago,FIL,2652,
152,sa,FIL,2653,
152,kanya,FIL,2654,
152,kaya,FIL,2655,
152,?,SYM,2656,
153,Bwahahaha,UNK,2657,EXPR
153,pagkatapos,FIL,2658,
153,ng,FIL,2659,
153,stock,ENG,2660,
153,ng,FIL,2661,
153,ABS,FIL,2662,"ABB,NE"
153,ngayon,FIL,2663,
153,kung,FIL,2664,
153,sino,FIL,2665,
153,nmn,FIL,2666,ABB
153,ang,FIL,2667,
153,pinakamayaman,FIL,2668,
153,BWAHAHAHAHA,UNK,2669,EXPR
153,YOUAR,UNK,2670,
153,SO,ENG,2671,
153,LOW,ENG,2672,
154,Ways,ENG,2673,
154,para,FIL,2674,
154,hindi,FIL,2675,
154,maging,FIL,2676,
154,marupok,FIL,2677,
154,wag,FIL,2678,
154,mag,FIL,2679,
154,tambay,FIL,2680,
154,sa,FIL,2681,
154,messenger,ENG,2682,NE
154,sa,FIL,2683,
154,youtube,ENG,2684,NE
154,nlang,FIL,2685,
154,ang,FIL,2686,
154,sakit,FIL,2687,
154,lang,FIL,2688,
154,kakayanin,FIL,2689,
154,ko,FIL,2690,
154,to,FIL,2691,
155,pacnsya,FIL,2692,
155,k,FIL,2693,
155,na,FIL,2694,
155,si,FIL,2695,
155,cee,UNK,2696,NE
155,ang,FIL,2697,
155,may,FIL,2698,
155,sala,FIL,2699,
155,sabi,FIL,2700,
155,nya,FIL,2701,
155,ano,FIL,2702,
155,iwan,FIL,2703,
155,ka,FIL,2704,
155,daw,FIL,2705,
155,namin,FIL,2706,
155,tas,FIL,2707,
155,ako,FIL,2708,
155,daw,FIL,2709,
155,mauna,FIL,2710,
156,Nag-post,FIL,2711,
156,ang,FIL,2712,
156,singer,ENG,2713,
156,sa,FIL,2714,
156,Facebook,ENG,2715,NE
156,kamakalawa,FIL,2716,
156,kung,FIL,2717,
156,saan,FIL,2718,
156,may,FIL,2719,
156,naka-chat,FIL,2720,
156,nga,FIL,2721,
156,siyang,FIL,2722,
156,apat,FIL,2723,
156,na,FIL,2724,
156,kapwa-Filipino,FIL,2725,
156,sa,FIL,2726,
156,online,ENG,2727,
156,video,ENG,2728,
156,chat,ENG,2729,
156,na,FIL,2730,
156,OmeTV,ENG,2731,NE
156,.,SYM,2732,
157,Bigyan,FIL,2733,
157,ang,FIL,2734,
157,kabataan,FIL,2735,
157,ng,FIL,2736,
157,kalayaang,FIL,2737,
157,makipagtalakayan,FIL,2738,
157,",",SYM,2739,
157,magsaliksik,FIL,2740,
157,",",SYM,2741,
157,tumuklas,FIL,2742,
157,ng,FIL,2743,
157,katotohanan,FIL,2744,
157,",",SYM,2745,
157,at,FIL,2746,
157,maging,FIL,2747,
157,bukas,FIL,2748,
157,ang,FIL,2749,
157,isipan,FIL,2750,
157,nang,FIL,2751,
157,mahubog,FIL,2752,
157,ang,FIL,2753,
157,isang,FIL,2754,
157,henerasyon,FIL,2755,
157,ng,FIL,2756,
157,mga,FIL,2757,
157,Pilipinong,FIL,2758,
157,may,FIL,2759,
157,pakialam,FIL,2760,
157,sa,FIL,2761,
157,lipunan,FIL,2762,
157,",",SYM,2763,
157,may,FIL,2764,
157,pagpapahalaga,FIL,2765,
157,sa,FIL,2766,
157,kapwa,FIL,2767,
157,",",SYM,2768,
157,at,FIL,2769,
157,mga,FIL,2770,
157,tunay,FIL,2771,
157,na,FIL,2772,
157,lingkod-bayan,FIL,2773,
157,(,SYM,2774,
157,Promote,ENG,2775,
157,academic,ENG,2776,
157,freedom,ENG,2777,
157,and,ENG,2778,
157,safeguard,ENG,2779,
157,the,ENG,2780,
157,independence,ENG,2781,
157,of,ENG,2782,
157,our,ENG,2783,
157,universities,ENG,2784,
157,.,SYM,2785,
158,Hindi,FIL,2786,
158,mahalaga,FIL,2787,
158,kung,FIL,2788,
158,naiintindihan,FIL,2789,
158,mo,FIL,2790,
158,o,FIL,2791,
158,kung,FIL,2792,
158,maaari,FIL,2793,
158,mong,FIL,2794,
158,sundin,FIL,2795,
158,kung,FIL,2796,
158,ano,FIL,2797,
158,ang,FIL,2798,
158,ginagawa,FIL,2799,
158,ng,FIL,2800,
158,Diyos,FIL,2801,NE
158,sa,FIL,2802,
158,iyo,FIL,2803,
158,",",SYM,2804,
158,kung,FIL,2805,
158,ano,FIL,2806,
158,ang,FIL,2807,
158,isinasaayos,FIL,2808,
158,Niya,FIL,2809,
158,para,FIL,2810,
158,sa,FIL,2811,
158,iyo,FIL,2812,
158,at,FIL,2813,
158,ang,FIL,2814,
158,mga,FIL,2815,
158,bagay,FIL,2816,
158,na,FIL,2817,
158,idudulot,FIL,2818,
158,Niya,FIL,2819,
158,sa,FIL,2820,
158,iyo,FIL,2821,
158,",",SYM,2822,
158,lubos,FIL,2823,
158,na,FIL,2824,
158,huwag,FIL,2825,
158,makipagpaligsahan,FIL,2826,
158,sa,FIL,2827,
158,Diyos,FIL,2828,NE
158,.,SYM,2829,
159,Tungkol,FIL,2830,
159,naman,FIL,2831,
159,sa,FIL,2832,
159,pagkakaroon,FIL,2833,
159,ng,FIL,2834,
159,anak,FIL,2835,
159,",",SYM,2836,
159,Ang,FIL,2837,
159,daming,FIL,2838,
159,nagtatanong,FIL,2839,
159,niyan,FIL,2840,
159,.,SYM,2841,
160,Samantala,FIL,2842,
160,nagmahal,FIL,2843,
160,rin,FIL,2844,
160,ang,FIL,2845,
160,ilang,FIL,2846,
160,isda,FIL,2847,
160,gaya,FIL,2848,
160,ng,FIL,2849,
160,galunggong,FIL,2850,
160,at,FIL,2851,
160,tulingan,FIL,2852,
160,sa,FIL,2853,
160,ilang,FIL,2854,
160,pamilihan,FIL,2855,
160,sa,FIL,2856,
160,Tandang,FIL,2857,NE
160,Sora,FIL,2858,NE
160,market,ENG,2859,
160,.,SYM,2860,
161,Kasabay,FIL,2861,
161,ng,FIL,2862,
161,pag-anunsyo,FIL,2863,
161,na,FIL,2864,
161,opisyal,FIL,2865,
161,nang,FIL,2866,
161,kasama,FIL,2867,
161,si,FIL,2868,
161,Megastar,ENG,2869,NE
161,Sharon,UNK,2870,NE
161,Cuneta,UNK,2871,NE
161,sa,FIL,2872,
161,longest,ENG,2873,
161,running,ENG,2874,
161,show,ENG,2875,
161,ng,FIL,2876,
161,ABS-CBN,FIL,2877,"ABB,NE"
161,na,FIL,2878,
161,FPJs,ENG,2879,"ABB,NE"
161,Ang,FIL,2880,
161,Probinsyano,FIL,2881,NE
161,nitong,FIL,2882,
161,Martes,FIL,2883,
161,sa,FIL,2884,
161,pamamagitan,FIL,2885,
161,ng,FIL,2886,
161,solong,FIL,2887,
161,mediacon,UNK,2888,
161,ay,FIL,2889,
161,in-anunsyo,FIL,2890,
161,rin,FIL,2891,
161,ng,FIL,2892,
161,management,ENG,2893,
161,company,ENG,2894,
161,ni,FIL,2895,
161,John,UNK,2896,NE
161,Prats,UNK,2897,NE
161,na,FIL,2898,
161,Cornerstone,ENG,2899,NE
161,Entertainment,ENG,2900,NE
161,na,FIL,2901,
161,isa,FIL,2902,
161,na,FIL,2903,
161,siya,FIL,2904,
161,sa,FIL,2905,
161,direktor,FIL,2906,
161,ng,FIL,2907,
161,programa,FIL,2908,
161,.,SYM,2909,
162,kahit,FIL,2910,
162,noong,FIL,2911,
162,araw,FIL,2912,
162,pa,FIL,2913,
162,sa,FIL,2914,
162,panahon,FIL,2915,
162,ni,FIL,2916,
162,moises,UNK,2917,NE
162,may,FIL,2918,
162,mga,FIL,2919,
162,agimat,FIL,2920,
162,na,FIL,2921,
162,ang,FIL,2922,
162,tao,FIL,2923,
162,sa,FIL,2924,
162,katunayan,FIL,2925,
162,binigyan,FIL,2926,
162,ng,FIL,2927,
162,Dios,FIL,2928,NE
162,si,FIL,2929,
162,moises,UNK,2930,NE
162,ng,FIL,2931,
162,kapangyarihan,FIL,2932,
162,tulad,FIL,2933,
162,na,FIL,2934,
162,lng,FIL,2935,ABB
162,ng,FIL,2936,
162,kanyang,FIL,2937,
162,baston,FIL,2938,
162,or,ENG,2939,
162,tungkod,FIL,2940,
162,na,FIL,2941,
162,naging,FIL,2942,
162,ahas,FIL,2943,
162,at,FIL,2944,
162,hinati,FIL,2945,
162,ang,FIL,2946,
162,dagat,FIL,2947,
162,sa,FIL,2948,
162,gitna,FIL,2949,
162,na,FIL,2950,
162,naging,FIL,2951,
162,lupa,FIL,2952,
162,daanan,FIL,2953,
162,.,SYM,2954,
163,Pinabulaanan,FIL,2955,
163,ni,FIL,2956,
163,Senator,ENG,2957,
163,Christopher,UNK,2958,NE
163,Go,UNK,2959,NE
163,ang,FIL,2960,
163,mga,FIL,2961,
163,naglabasang,FIL,2962,
163,ulat,FIL,2963,
163,na,FIL,2964,
163,may,FIL,2965,
163,isyu,FIL,2966,
163,sa,FIL,2967,
163,pagitan,FIL,2968,
163,nila,FIL,2969,
163,ni,FIL,2970,
163,Davao,UNK,2971,NE
163,City,ENG,2972,NE
163,Mayor,ENG,2973,
163,Sara,UNK,2974,NE
163,Duterte,UNK,2975,NE
163,.,SYM,2976,
164,Sa,FIL,2977,
164,salaysay,FIL,2978,
164,ng,FIL,2979,
164,testigong,FIL,2980,
164,si,FIL,2981,
164,Frenciss,UNK,2982,NE
164,Ruby,UNK,2983,NE
164,",",SYM,2984,
164,dating,FIL,2985,
164,kinakasama,FIL,2986,
164,ng,FIL,2987,
164,suspek,FIL,2988,
164,",",SYM,2989,
164,bago,FIL,2990,
164,ang,FIL,2991,
164,krimen,FIL,2992,
164,ay,FIL,2993,
164,patungo,FIL,2994,
164,umano,FIL,2995,
164,siya,FIL,2996,
164,sa,FIL,2997,
164,isang,FIL,2998,
164,common,ENG,2999,
164,comfort,ENG,3000,
164,room,ENG,3001,
164,sa,FIL,3002,
164,naturang,FIL,3003,
164,lugar,FIL,3004,
164,",",SYM,3005,
164,nang,FIL,3006,
164,makita,FIL,3007,
164,si,FIL,3008,
164,Ortillo,UNK,3009,NE
164,na,FIL,3010,
164,kasama,FIL,3011,
164,ang,FIL,3012,
164,isang,FIL,3013,
164,alyas,FIL,3014,
164,John,UNK,3015,NE
164,Dapulag,UNK,3016,NE
164,.,SYM,3017,
165,Yun,FIL,3018,
165,kasi,FIL,3019,
165,siya,FIL,3020,
165,hindi,FIL,3021,
165,siya,FIL,3022,
165,madamot,FIL,3023,
165,lalo,FIL,3024,
165,na,FIL,3025,
165,pag,FIL,3026,
165,dating,FIL,3027,
165,samin,FIL,3028,
165,tatlo,FIL,3029,
165,",",SYM,3030,
165,and,ENG,3031,
165,sa,FIL,3032,
165,fam,ENG,3033,ABB
165,namin,FIL,3034,
165,.,SYM,3035,
166,gantong,FIL,3036,
166,ganto,FIL,3037,
166,yung,FIL,3038,
166,scenario,ENG,3039,
166,ng,FIL,3040,
166,mga,FIL,3041,
166,batang,FIL,3042,
166,90's,NUM,3043,
166,pag,FIL,3044,
166,hapon,FIL,3045,
166,na,FIL,3046,
166,",",SYM,3047,
166,kwentuhan,FIL,3048,
166,ng,FIL,3049,
166,nangyare,FIL,3050,
166,sa,FIL,3051,
166,slamdunk,ENG,3052,NE
166,o,FIL,3053,
166,flame,ENG,3054,NE
166,of,ENG,3055,NE
166,recca,ENG,3056,NE
166,HAHAHAHAH,UNK,3057,EXPR
167,or,ENG,3058,
167,hayaan,FIL,3059,
167,ko,FIL,3060,
167,na,FIL,3061,
167,lang,FIL,3062,
167,masayang,FIL,3063,
167,ang,FIL,3064,
167,flight,ENG,3065,
167,ko,FIL,3066,
167,at,FIL,3067,
167,pera,FIL,3068,
167,ko,FIL,3069,
167,.,SYM,3070,
169,Ba't,FIL,3071,
169,kaya,FIL,3072,
169,iniiwan,FIL,3073,
169,pa,FIL,3074,
169,pinaginuman,FIL,3075,
169,at,FIL,3076,
169,pinagkainan,FIL,3077,
169,sa,FIL,3078,
169,loob,FIL,3079,
169,ng,FIL,3080,
169,bus,ENG,3081,
169,kung,FIL,3082,
169,pwede,FIL,3083,
169,naman,FIL,3084,
169,ibulsa,FIL,3085,
169,at,FIL,3086,
169,sa,FIL,3087,
169,bahay,FIL,3088,
169,na,FIL,3089,
169,lang,FIL,3090,
169,itapon,FIL,3091,
169,?,SYM,3092,
171,Sabihin,FIL,3093,
171,mo,FIL,3094,
171,:,SYM,3095,
171,"""",SYM,3096,
171,Kaya,FIL,3097,
171,hindi,FIL,3098,
171,ba,FIL,3099,
171,kayo,FIL,3100,
171,mangingilag,FIL,3101,
171,magkasala,FIL,3102,
171,?,SYM,3103,
171,"""",SYM,3104,
171,,SYM,3105,
172,Mas,FIL,3106,
172,bilang,FIL,3107,
172,pa,FIL,3108,
172,nila,FIL,3109,
172,kesa,FIL,3110,
172,sa,FIL,3111,
172,akin,FIL,3112,
172,kung,FIL,3113,
172,ilang,FIL,3114,
172,years,ENG,3115,
172,na,FIL,3116,
172,akong,FIL,3117,
172,nagsstay,FIL,3118,
172,sa,FIL,3119,
172,UP,ENG,3120,"ABB,NE"
172,lol,UNK,3121,EXPR
172,.,SYM,3122,
174,Sa,FIL,3123,
174,isang,FIL,3124,
174,hiwalay,FIL,3125,
174,na,FIL,3126,
174,post,ENG,3127,
174,nito,FIL,3128,
174,",",SYM,3129,
174,may,FIL,3130,
174,nakapulupot,FIL,3131,
174,na,FIL,3132,
174,white,ENG,3133,
174,python,ENG,3134,
174,sa,FIL,3135,
174,katawan,FIL,3136,
174,ng,FIL,3137,
174,beauty,ENG,3138,
174,queen,ENG,3139,
174,habang,FIL,3140,
174,nakaupo,FIL,3141,
174,",",SYM,3142,
174,suot,FIL,3143,
174,ang,FIL,3144,
174,isang,FIL,3145,
174,red,ENG,3146,
174,skinny,ENG,3147,
174,outfit,ENG,3148,
174,.,SYM,3149,
176,Di,FIL,3150,
176,mo,FIL,3151,
176,na,FIL,3152,
176,alam,FIL,3153,
176,kung,FIL,3154,
176,saang,FIL,3155,
176,bahay,FIL,3156,
176,ka,FIL,3157,
176,nakitulog,FIL,3158,
177,Bagama't,FIL,3159,
177,ang,FIL,3160,
177,tao,FIL,3161,
177,nakakakita,FIL,3162,
177,man,FIL,3163,
177,.,SYM,3164,
177,malinaw,FIL,3165,
177,ang,FIL,3166,
177,paningin,FIL,3167,
177,.,SYM,3168,
180,Kapag,FIL,3169,
180,ang,FIL,3170,
180,isang,FIL,3171,
180,uri,FIL,3172,
180,ng,FIL,3173,
180,nabubuhay,FIL,3174,
180,na,FIL,3175,
180,nilalang,FIL,3176,
180,ay,FIL,3177,
180,masyadong,FIL,3178,
180,marami,FIL,3179,
180,sa,FIL,3180,
180,bilang,FIL,3181,
180,",",SYM,3182,
180,nanakawin,FIL,3183,
180,nito,FIL,3184,
180,sa,FIL,3185,
180,tao,FIL,3186,
180,ang,FIL,3187,
180,kanilang,FIL,3188,
180,pagkain,FIL,3189,
180,",",SYM,3190,
180,sisirain,FIL,3191,
180,ang,FIL,3192,
180,mga,FIL,3193,
180,pinagkukunan,FIL,3194,
180,ng,FIL,3195,
180,tubig,FIL,3196,
180,ng,FIL,3197,
180,mga,FIL,3198,
180,tao,FIL,3199,
180,",",SYM,3200,
180,at,FIL,3201,
180,sisirain,FIL,3202,
180,ang,FIL,3203,
180,kanilang,FIL,3204,
180,mga,FIL,3205,
180,bayan,FIL,3206,
180,.,SYM,3207,
181,May,FIL,3208,
181,isang,FIL,3209,
181,nakakaalam,FIL,3210,
181,ng,FIL,3211,
181,list,ENG,3212,
181,na,FIL,3213,
181,yun,FIL,3214,
181,hahaha,UNK,3215,EXPR
182,Ibinahagi,FIL,3216,
182,rin,FIL,3217,
182,ng,FIL,3218,
182,mag-asawa,FIL,3219,
182,sa,FIL,3220,
182,kanilang,FIL,3221,
182,YouTube,ENG,3222,NE
182,channel,ENG,3223,
182,ang,FIL,3224,
182,isang,FIL,3225,
182,video,ENG,3226,
182,kung,FIL,3227,
182,saan,FIL,3228,
182,mapapanood,FIL,3229,
182,ang,FIL,3230,
182,pagbabalik,FIL,3231,
182,ni,FIL,3232,
182,Marco,UNK,3233,NE
182,sa,FIL,3234,
182,kanilang,FIL,3235,
182,tahanan,FIL,3236,
182,.,SYM,3237,
183,Pagnanalo,FIL,3238,
183,si,FIL,3239,
183,Bong2,UNK,3240,NE
183,sya,FIL,3241,
183,ang,FIL,3242,
183,sasalba,FIL,3243,
183,kay,FIL,3244,
183,Du30,UNK,3245,NE
183,!,SYM,3246,
184,Napakainit,FIL,3247,
184,ng,FIL,3248,
184,pagtanggap,FIL,3249,
184,ng,FIL,3250,
184,mga,FIL,3251,
184,residente,FIL,3252,
184,ng,FIL,3253,
184,Lupang,FIL,3254,NE
184,Pangako,FIL,3255,NE
184,sa,FIL,3256,
184,Barangay,FIL,3257,NE
184,Payatas,UNK,3258,NE
184,",",SYM,3259,
184,Quezon,UNK,3260,NE
184,City,ENG,3261,NE
184,kay,FIL,3262,
184,Vice,ENG,3263,
184,Presidential,ENG,3264,
184,aspirant,ENG,3265,
184,Mayor,ENG,3266,
184,Inday,UNK,3267,NE
184,Sara,UNK,3268,NE
184,Duterte,UNK,3269,NE
184,sa,FIL,3270,
184,kanyang,FIL,3271,
184,pagbisita,FIL,3272,
184,sa,FIL,3273,
184,nasabing,FIL,3274,
184,lugar,FIL,3275,
184,.,SYM,3276,
185,Isinilang,FIL,3277,
185,ang,FIL,3278,
185,kanyang,FIL,3279,
185,panganay,FIL,3280,
185,na,FIL,3281,
185,sanggol,FIL,3282,
185,noong,FIL,3283,
185,Oktubre,FIL,3284,NE
185,taong,FIL,3285,
185,.,SYM,3286,
186,mabait,FIL,3287,
186,naman,FIL,3288,
186,ang,FIL,3289,
186,mga,FIL,3290,
186,Marcoses,UNK,3291,NE
186,",",SYM,3292,
186,malinis,FIL,3293,
186,ang,FIL,3294,
186,Pinas,FIL,3295,NE
186,daming,FIL,3296,
186,mga,FIL,3297,
186,ipinatayong,FIL,3298,
186,mga,FIL,3299,
186,building,ENG,3300,
186,gaya,FIL,3301,
186,ng,FIL,3302,
186,world,ENG,3303,NE
186,trade,ENG,3304,NE
186,kaya,FIL,3305,
186,lang,FIL,3306,
186,naging,FIL,3307,
186,ganid,FIL,3308,
186,sa,FIL,3309,
186,power,ENG,3310,
186,at,FIL,3311,
186,at,FIL,3312,
186,pera,FIL,3313,
186,.,SYM,3314,
187,Darating,FIL,3315,
187,ang,FIL,3316,
187,araw,FIL,3317,
187,na,FIL,3318,
187,malalagpasan,FIL,3319,
187,na,FIL,3320,
187,tayo,FIL,3321,
187,ng,FIL,3322,
187,Vietnam,UNK,3323,NE
187,.,SYM,3324,
189,Kahit,FIL,3325,
189,sa,FIL,3326,
189,susunod,FIL,3327,
189,na,FIL,3328,
189,bigayan,FIL,3329,
189,",",SYM,3330,
189,hindi,FIL,3331,
189,rin,FIL,3332,
189,sigurado,FIL,3333,
189,.,SYM,3334,
190,6:47,NUM,3335,
190,yung,FIL,3336,
190,hindi,FIL,3337,
190,na,FIL,3338,
190,kaya,FIL,3339,
190,ng,FIL,3340,
190,jr,ENG,3341,ABB
190,mo,FIL,3342,
190,bumangun,FIL,3343,
190,HAHAHAHAHA,UNK,3344,EXPR
191,Sagot,FIL,3345,
191,nya,FIL,3346,
191,po,FIL,3347,
191,na,FIL,3348,
191,mangutang,FIL,3349,
191,daw,FIL,3350,
191,po,FIL,3351,
191,ako,FIL,3352,
191,sa,FIL,3353,
191,mga,FIL,3354,
191,kaibigan,FIL,3355,
191,ko,FIL,3356,
191,po,FIL,3357,
191,kasi,FIL,3358,
191,baka,FIL,3359,
191,wla,FIL,3360,
191,na,FIL,3361,
191,yung,FIL,3362,
191,TV,ENG,3363,ABB
191,na,FIL,3364,
191,yun,FIL,3365,
191,tapos,FIL,3366,
191,sayang,FIL,3367,
191,daw,FIL,3368,
191,kasi,FIL,3369,
191,sale,ENG,3370,
191,po,FIL,3371,
191,",",SYM,3372,
191,nangutang,FIL,3373,
191,pa,FIL,3374,
191,ako,FIL,3375,
191,para,FIL,3376,
191,mkadown,UNK,3377,
191,ng,FIL,3378,
191,TV,ENG,3379,ABB
191,.,SYM,3380,
192,Noong,FIL,3381,
192,Great,ENG,3382,NE
192,Depression,ENG,3383,NE
192,sa,FIL,3384,
192,USA,ENG,3385,"ABB,NE"
192,noong,FIL,3386,
192,1929,NUM,3387,
192,",",SYM,3388,
192,ang,FIL,3389,
192,akala,FIL,3390,
192,ng,FIL,3391,
192,mga,FIL,3392,
192,tao,FIL,3393,
192,",",SYM,3394,
192,na,FIL,3395,
192,since,ENG,3396,
192,may,FIL,3397,
192,economic,ENG,3398,
192,crisis,ENG,3399,
192,",",SYM,3400,
192,lahat,FIL,3401,
192,magtipid,FIL,3402,
192,.,SYM,3403,
193,Idaan,FIL,3404,
193,sa,FIL,3405,
193,kanta,FIL,3406,
193,ang,FIL,3407,
193,lumbay,FIL,3408,
193,.,SYM,3409,
195,Kapag,FIL,3410,
195,8,NUM,3411,
195,years,ENG,3412,
195,old,ENG,3413,
195,or,ENG,3414,
195,10,NUM,3415,
195,years,ENG,3416,
195,old,ENG,3417,
195,siyana,FIL,3418,
195,pipili,FIL,3419,
195,kong,FIL,3420,
195,saan,FIL,3421,
195,niya,FIL,3422,
195,gusto,FIL,3423,
195,matanda,FIL,3424,
195,na,FIL,3425,
195,siya,FIL,3426,
195,bawal,FIL,3427,
195,na,FIL,3428,
195,siya,FIL,3429,
195,kuhanin,FIL,3430,
195,kapag,FIL,3431,
195,ayaw,FIL,3432,
195,niya,FIL,3433,
197,Noong,FIL,3434,
197,2020,NUM,3435,
197,",",SYM,3436,
197,ipinagpatuloy,FIL,3437,
197,ang,FIL,3438,
197,protesta,FIL,3439,
197,sa,FIL,3440,
197,SONA,FIL,3441,"ABB,NE"
197,sa,FIL,3442,
197,kabila,FIL,3443,
197,ng,FIL,3444,
197,pandemya,FIL,3445,
197,sa,FIL,3446,
197,University,ENG,3447,NE
197,Avenue,ENG,3448,NE
197,ng,FIL,3449,
197,Unibersidad,FIL,3450,NE
197,ng,FIL,3451,
197,Pilipinas,FIL,3452,NE
197,Diliman,FIL,3453,NE
197,.,SYM,3454,
198,Baka,FIL,3455,
198,meron,FIL,3456,
198,dumalaw,FIL,3457,
198,sa,FIL,3458,
198,akin,FIL,3459,
198,at,FIL,3460,
198,wag,FIL,3461,
198,kayo,FIL,3462,
198,mag,FIL,3463,
198,skip,ENG,3464,
198,ng,FIL,3465,
198,.,SYM,3466,
199,Alalayan,FIL,3467,
199,mo,FIL,3468,
199,caren,UNK,3469,NE
199,ang,FIL,3470,
199,tanong,FIL,3471,
199,.,SYM,3472,
200,Ang,FIL,3473,
200,sangkatauhan,FIL,3474,
200,ay,FIL,3475,
200,hindi,FIL,3476,
200,na,FIL,3477,
200,malungkot,FIL,3478,
200,;,SYM,3479,
200,sa,FIL,3480,
200,lupa,FIL,3481,
200,",",SYM,3482,
200,hindi,FIL,3483,
200,na,FIL,3484,
200,dumadaing,FIL,3485,
200,ang,FIL,3486,
200,mga,FIL,3487,
200,tao,FIL,3488,
200,sa,FIL,3489,
200,pagiging,FIL,3490,
200,walang,FIL,3491,
200,kabuluhan,FIL,3492,
200,ng,FIL,3493,
200,buhay,FIL,3494,
200,",",SYM,3495,
200,at,FIL,3496,
200,humihinto,FIL,3497,
200,mula,FIL,3498,
200,sa,FIL,3499,
200,lahat,FIL,3500,
200,ng,FIL,3501,
200,pakikitungo,FIL,3502,
200,sa,FIL,3503,
200,buhay,FIL,3504,
200,.,SYM,3505,
201,Ano,FIL,3506,
201,kaya,FIL,3507,
201,kung,FIL,3508,
201,ang,FIL,3509,
201,mga,FIL,3510,
201,namatay,FIL,3511,
201,na,FIL,3512,
201,kamaganak,FIL,3513,
201,natin,FIL,3514,
201,ang,FIL,3515,
201,dumalaw,FIL,3516,
201,na,FIL,3517,
201,lang,FIL,3518,
201,sa,FIL,3519,
201,ating,FIL,3520,
201,mga,FIL,3521,
201,bahay,FIL,3522,
201,?,SYM,3523,
202,ang,FIL,3524,
202,ganda,FIL,3525,
202,pala,FIL,3526,
202,nung,FIL,3527,
202,nightlight,ENG,3528,
202,bibili,FIL,3529,
202,nga,FIL,3530,
202,din,FIL,3531,
202,ako,FIL,3532,
202,ng,FIL,3533,
202,aken,FIL,3534,
203,Huwag,FIL,3535,
203,na,FIL,3536,
203,kayong,FIL,3537,
203,magtaka,FIL,3538,
203,kung,FIL,3539,
203,bakit,FIL,3540,
203,handang,FIL,3541,
203,ipaglaban,FIL,3542,
203,ni,FIL,3543,
203,Janus,UNK,3544,NE
203,del,UNK,3545,NE
203,Prado,UNK,3546,NE
203,ang,FIL,3547,
203,mga,FIL,3548,
203,kaibigan,FIL,3549,
203,niya,FIL,3550,
203,.,SYM,3551,
204,Nakikiisa,FIL,3552,
204,kami,FIL,3553,
204,sa,FIL,3554,
204,KWF,FIL,3555,ABB
204,sa,FIL,3556,
204,adhikain,FIL,3557,
204,nitong,FIL,3558,
204,linangin,FIL,3559,
204,at,FIL,3560,
204,palaganapin,FIL,3561,
204,ang,FIL,3562,
204,paggamit,FIL,3563,
204,ng,FIL,3564,
204,wikang,FIL,3565,
204,Filipino,FIL,3566,NE
204,sa,FIL,3567,
204,bansa,FIL,3568,
204,.,SYM,3569,
205,Binibigyan,FIL,3570,
205,din,FIL,3571,
205,aniya,FIL,3572,
205,ng,FIL,3573,
205,flu,ENG,3574,
205,vaccine,ENG,3575,
205,at,FIL,3576,
205,bitamina,FIL,3577,
205,ang,FIL,3578,
205,mga,FIL,3579,
205,bilanggo,FIL,3580,
205,.,SYM,3581,
206,Tinanggap,FIL,3582,
206,ng,FIL,3583,
206,mga,FIL,3584,
206,Romano,FIL,3585,NE
206,ang,FIL,3586,
206,maraming,FIL,3587,
206,bathalang,FIL,3588,
206,Griyego,FIL,3589,NE
206,ngunit,FIL,3590,
206,binigyan,FIL,3591,
206,ng,FIL,3592,
206,karampatang,FIL,3593,
206,pangalan,FIL,3594,
206,sa,FIL,3595,
206,Latin,ENG,3596,NE
206,.,SYM,3597,
207,bwisit,FIL,3598,
207,ka,FIL,3599,
207,shoma,FIL,3600,
207,dahil,FIL,3601,
207,sayo,FIL,3602,
207,di,FIL,3603,
207,ako,FIL,3604,
207,makapagkape,FIL,3605,
208,Hi,UNK,3606,EXPR
208,ate,FIL,3607,
208,zeinab,UNK,3608,NE
208,",",SYM,3609,
208,sana,FIL,3610,
208,poh,FIL,3611,
208,kapag,FIL,3612,
208,mgbibigay,FIL,3613,
208,kau,FIL,3614,
208,ng,FIL,3615,
208,pinagliitan,FIL,3616,
208,nha,FIL,3617,
208,mga,FIL,3618,
208,damit,FIL,3619,
208,ni,FIL,3620,
208,baby,ENG,3621,
208,bia,UNK,3622,NE
208,ay,FIL,3623,
208,mabigyan,FIL,3624,
208,poh,FIL,3625,
208,kami,FIL,3626,
208,para,FIL,3627,
208,poh,FIL,3628,
208,sa,FIL,3629,
208,baby,ENG,3630,
208,gurl,ENG,3631,
208,ko,FIL,3632,
208,.,SYM,3633,
209,Nasaan,FIL,3634,
209,na,FIL,3635,
209,ang,FIL,3636,
209,helicopter,ENG,3637,
209,na,FIL,3638,
209,bumagsak,FIL,3639,
209,?,SYM,3640,
213,Kabataan,FIL,3641,
213,Si,FIL,3642,
213,Muhammad,UNK,3643,NE
213,ay,FIL,3644,
213,ipinanganak,FIL,3645,
213,sa,FIL,3646,
213,buwan,FIL,3647,
213,ng,FIL,3648,
213,Rabi,UNK,3649,NE
213,al-awwal,UNK,3650,NE
213,noong,FIL,3651,
213,CE,ENG,3652,ABB
213,.,SYM,3653,
214,amen,FIL,3654,
214,tayo,FIL,3655,
214,sa,FIL,3656,
214,santo,FIL,3657,
214,ng,FIL,3658,
214,kabadingan,FIL,3659,
215,Takot,FIL,3660,
215,ka,FIL,3661,
215,bang,FIL,3662,
215,magkamali,FIL,3663,
215,?,SYM,3664,
216,Hindi,FIL,3665,
216,ko,FIL,3666,
216,na,FIL,3667,
216,nasundan,FIL,3668,
216,yung,FIL,3669,
216,process,ENG,3670,
216,ng,FIL,3671,
216,pagluluto,FIL,3672,
216,ng,FIL,3673,
216,lugaw,FIL,3674,
216,hahahaha,UNK,3675,EXPR
216,nakichika,FIL,3676,
216,nalang,FIL,3677,
216,ako,FIL,3678,
216,sa,FIL,3679,
216,q&a,ENG,3680,ABB
217,In,ENG,3681,
217,fairness,ENG,3682,
217,po,FIL,3683,
217,sa,FIL,3684,
217,China,ENG,3685,NE
217,",",SYM,3686,
217,hnd,FIL,3687,ABB
217,q,FIL,3688,ABB
217,maisip,FIL,3689,
217,na,FIL,3690,
217,sila,FIL,3691,
217,ay,FIL,3692,
217,mananakop,FIL,3693,
217,",",SYM,3694,
217,Sapagkat,FIL,3695,
217,sa,FIL,3696,
217,history,ENG,3697,
217,sila,FIL,3698,
217,po,FIL,3699,
217,lagi,FIL,3700,
217,Ang,FIL,3701,
217,sinasakop,FIL,3702,
217,.,SYM,3703,
217,2,NUM,3704,
217,beses,FIL,3705,
217,cl,FIL,3706,ABB
217,sinakop,FIL,3707,
217,ng,FIL,3708,
217,mga,FIL,3709,
217,British,ENG,3710,NE
217,",",SYM,3711,
217,maging,FIL,3712,
217,ng,FIL,3713,
217,mga,FIL,3714,
217,Kano,FIL,3715,NE
217,at,FIL,3716,
217,mga,FIL,3717,
217,hapon,FIL,3718,NE
217,.,SYM,3719,
217,kng,FIL,3720,ABB
217,ngaun,FIL,3721,ABB
217,man,FIL,3722,
217,ay,FIL,3723,
217,gusto,FIL,3724,
217,nilang,FIL,3725,
217,sakupin,FIL,3726,
217,sa,FIL,3727,
217,paningin,FIL,3728,
217,ng,FIL,3729,
217,iba,FIL,3730,
217,Ang,FIL,3731,
217,Taiwan,ENG,3732,NE
217,",",SYM,3733,
217,o,FIL,3734,
217,Ang,FIL,3735,
217,Hong,ENG,3736,NE
217,Kong,ENG,3737,NE
217,man,FIL,3738,
217,",",SYM,3739,
217,balikan,FIL,3740,
217,po,FIL,3741,
217,ninyo,FIL,3742,
217,Ang,FIL,3743,
217,history,ENG,3744,
217,Sapagkat,FIL,3745,
217,Ang,FIL,3746,
217,Taiwan,ENG,3747,NE
217,at,FIL,3748,
217,Hong,ENG,3749,NE
217,Kong,ENG,3750,NE
217,ay,FIL,3751,
217,parte,FIL,3752,
217,ng,FIL,3753,
217,bansang,FIL,3754,
217,china,ENG,3755,NE
217,.,SYM,3756,
217,nahiwalay,FIL,3757,
217,lng,FIL,3758,ABB
217,sila,FIL,3759,
217,dahil,FIL,3760,
217,sa,FIL,3761,
217,panankop,FIL,3762,
217,ng,FIL,3763,
217,Briton,FIL,3764,NE
217,at,FIL,3765,
217,mga,FIL,3766,
217,kano0,UNK,3767,
219,Nabanggit,FIL,3768,
219,din,FIL,3769,
219,ni,FIL,3770,
219,Gigo,UNK,3771,NE
219,na,FIL,3772,
219,hopeful,ENG,3773,
219,siya,FIL,3774,
219,sa,FIL,3775,
219,lahat,FIL,3776,
219,ng,FIL,3777,
219,mga,FIL,3778,
219,nangyayari,FIL,3779,
219,dahil,FIL,3780,
219,nasa,FIL,3781,
219,tabi,FIL,3782,
219,niya,FIL,3783,
219,ang,FIL,3784,
219,boyfriend,ENG,3785,
219,niya,FIL,3786,
219,na,FIL,3787,
219,para,FIL,3788,
219,sa,FIL,3789,
219,kanya,FIL,3790,
219,ay,FIL,3791,
219,ito,FIL,3792,
219,ang,FIL,3793,
219,dahilan,FIL,3794,
219,kaya,FIL,3795,
219,lumalakas,FIL,3796,
219,siyang,FIL,3797,
219,harapin,FIL,3798,
219,ang,FIL,3799,
219,lahat,FIL,3800,
219,at,FIL,3801,
219,financially,ENG,3802,
219,ay,FIL,3803,
219,malaki,FIL,3804,
219,ang,FIL,3805,
219,naitutulong,FIL,3806,
219,nito,FIL,3807,
219,sa,FIL,3808,
219,kanya,FIL,3809,
219,.,SYM,3810,
220,Nung,FIL,3811,
220,isang,FIL,3812,
220,araw,FIL,3813,
220,inulanan,FIL,3814,
220,ako,FIL,3815,
220,ng,FIL,3816,
220,pogi,FIL,3817,
220,",",SYM,3818,
220,ngayon,FIL,3819,
220,mga,FIL,3820,
220,bobo,FIL,3821,
220,.,SYM,3822,
222,Samantala,FIL,3823,
222,",",SYM,3824,
222,ang,FIL,3825,
222,biktima,FIL,3826,
222,ay,FIL,3827,
222,nakilalang,FIL,3828,
222,si,FIL,3829,
222,Christian,UNK,3830,NE
222,Tabio,UNK,3831,NE
222,",",SYM,3832,
222,23,NUM,3833,
222,.,SYM,3834,
223,Dugtong,FIL,3835,
223,pa,FIL,3836,
223,niyang,FIL,3837,
223,mensahe,FIL,3838,
223,para,FIL,3839,
223,kay,FIL,3840,
223,Regine,UNK,3841,NE
223,",",SYM,3842,
223,Dasal,FIL,3843,
223,ko,FIL,3844,
223,na,FIL,3845,
223,lagi,FIL,3846,
223,kang,FIL,3847,
223,may,FIL,3848,
223,kapayapaan,FIL,3849,
223,sa,FIL,3850,
223,iyong,FIL,3851,
223,puso,FIL,3852,
223,at,FIL,3853,
223,damdamin,FIL,3854,
223,kahit,FIL,3855,
223,na,FIL,3856,
223,ang,FIL,3857,
223,mga,FIL,3858,
223,misteryo,FIL,3859,
223,at,FIL,3860,
223,tila,FIL,3861,
223,kaguluhan,FIL,3862,
223,ng,FIL,3863,
223,buhay,FIL,3864,
223,ay,FIL,3865,
223,kadalasan,FIL,3866,
223,na,FIL,3867,
223,nakapanghihina,FIL,3868,
223,.,SYM,3869,
224,Hwag,FIL,3870,
224,tayong,FIL,3871,
224,sumunod,FIL,3872,
224,sa,FIL,3873,
224,kagustuhan,FIL,3874,
224,nitong,FIL,3875,
224,mga,FIL,3876,
224,pulitiko,FIL,3877,
224,na,FIL,3878,
224,gustung,FIL,3879,
224,maging,FIL,3880,
224,hari,FIL,3881,
224,sa,FIL,3882,
224,Pilipinas,FIL,3883,NE
224,.,SYM,3884,
225,grabe,FIL,3885,
225,na,FIL,3886,
225,talaga,FIL,3887,
225,ang,FIL,3888,
225,katamadan,FIL,3889,
225,ko,FIL,3890,
225,",",SYM,3891,
225,wala,FIL,3892,
225,pa,FIL,3893,
225,akong,FIL,3894,
225,simula,FIL,3895,
225,sa,FIL,3896,
225,CW,ENG,3897,ABB
227,sobra,FIL,3898,
227,na,FIL,3899,
227,talaga,FIL,3900,
227,kalamidad,FIL,3901,
227,na,FIL,3902,
227,dumarating,FIL,3903,
227,sa,FIL,3904,
227,ating,FIL,3905,
227,bansa,FIL,3906,
227,",",SYM,3907,
227,kawawa,FIL,3908,
227,nman,FIL,3909,
227,mga,FIL,3910,
227,kababayan,FIL,3911,
227,ko,FIL,3912,
227,",",SYM,3913,
227,patuloy,FIL,3914,
227,tayo,FIL,3915,
227,manalig,FIL,3916,
227,sa,FIL,3917,
227,Dios,FIL,3918,NE
227,mga,FIL,3919,
227,kabayan,FIL,3920,
227,",",SYM,3921,
227,kc,FIL,3922,ABB
227,wala,FIL,3923,
227,na,FIL,3924,
227,takot,FIL,3925,
227,sa,FIL,3926,
227,Dios,FIL,3927,NE
227,ang,FIL,3928,
227,iba,FIL,3929,
227,lalo,FIL,3930,
227,mga,FIL,3931,
227,opisyal,FIL,3932,
227,ng,FIL,3933,
227,gobyerno,FIL,3934,
227,natin,FIL,3935,
227,.,SYM,3936,
228,Sabi,FIL,3937,
228,na,FIL,3938,
228,eh,UNK,3939,EXPR
228,iiyak,FIL,3940,
228,nanaman,FIL,3941,
228,ako,FIL,3942,
228,haha,UNK,3943,EXPR
228,nakakasaya,FIL,3944,
228,sa,FIL,3945,
228,puso,FIL,3946,
228,yung,FIL,3947,
228,pag,FIL,3948,
228,mamahal,FIL,3949,
228,niyo,FIL,3950,
228,po,FIL,3951,
228,ate,FIL,3952,
228,pat,UNK,3953,NE
228,napaka,FIL,3954,
228,totoo,FIL,3955,
228,ng,FIL,3956,
228,pag,FIL,3957,
228,mamahal,FIL,3958,
228,niyo,FIL,3959,
228,.,SYM,3960,
229,And,ENG,3961,
229,thank,ENG,3962,
229,you,ENG,3963,
229,again,ENG,3964,
229,sa,FIL,3965,
229,isang,FIL,3966,
229,madaliang,FIL,3967,
229,version,ENG,3968,
229,ng,FIL,3969,
229,kaldereta,FIL,3970,
229,.,SYM,3971,
230,Wa,FIL,3972,
230,epek,FIL,3973,
230,na,FIL,3974,
230,saming,FIL,3975,
230,mga,FIL,3976,
230,marcos,UNK,3977,NE
230,loyalist,ENG,3978,
230,ang,FIL,3979,
230,lahat2,FIL,3980,
230,ng,FIL,3981,
230,pannra,FIL,3982,
230,nla,FIL,3983,
230,ky,FIL,3984,
230,bbm,UNK,3985,"ABB,NE"
230,at,FIL,3986,
230,gicing,FIL,3987,
230,nrin,FIL,3988,
230,amg,FIL,3989,
230,sambayanang,FIL,3990,
230,pilipino,FIL,3991,
230,sa,FIL,3992,
230,katthanan,FIL,3993,
230,.,SYM,3994,
231,Mahal,FIL,3995,
231,ko,FIL,3996,
231,kayo,FIL,3997,
231,kaya,FIL,3998,
231,nasasaktan,FIL,3999,
231,ako,FIL,4000,
231,kapag,FIL,4001,
231,hindi,FIL,4002,
231,kayo,FIL,4003,
231,okay,ENG,4004,
231,dalawa,FIL,4005,
232,naiyak,FIL,4006,
232,ako,FIL,4007,
232,sa,FIL,4008,
232,ganda,FIL,4009,
232,ng,FIL,4010,
232,penmanship,ENG,4011,
232,HSHDJSJAHS,UNK,4012,EXPR
234,Bawal,FIL,4013,
234,na,FIL,4014,
234,ulit,FIL,4015,
234,lumabas,FIL,4016,
234,ang,FIL,4017,
234,mga,FIL,4018,
234,bata,FIL,4019,
234,at,FIL,4020,
234,pinamo-monitor,FIL,4021,
234,ang,FIL,4022,
234,mga,FIL,4023,
234,pagtitipon,FIL,4024,
234,kahit,FIL,4025,
234,sa,FIL,4026,
234,loob,FIL,4027,
234,lang,FIL,4028,
234,ng,FIL,4029,
234,bahay,FIL,4030,
234,.,SYM,4031,
235,Dahil,FIL,4032,
235,ito,FIL,4033,
235,ang,FIL,4034,
235,pambansang,FIL,4035,
235,awit,FIL,4036,
235,ng,FIL,4037,
235,Kaharian,FIL,4038,NE
235,ng,FIL,4039,
235,Serbia,FIL,4040,NE
235,",",SYM,4041,
235,pinupuri,FIL,4042,
235,ng,FIL,4043,
235,orihinal,FIL,4044,
235,na,FIL,4045,
235,liriks,FIL,4046,
235,ang,FIL,4047,
235,hari,FIL,4048,
235,ng,FIL,4049,
235,Serbia,FIL,4050,NE
235,.,SYM,4051,
236,Anuman,FIL,4052,
236,ang,FIL,4053,
236,tungkulin,FIL,4054,
236,ng,FIL,4055,
236,isang,FIL,4056,
236,tao,FIL,4057,
236,",",SYM,4058,
236,ang,FIL,4059,
236,paghahanap,FIL,4060,
236,ng,FIL,4061,
236,katotohanan,FIL,4062,
236,at,FIL,4063,
236,pagbabago,FIL,4064,
236,ng,FIL,4065,
236,disposisyon,FIL,4066,
236,ang,FIL,4067,
236,susi,FIL,4068,
236,.,SYM,4069,
238,Pero,FIL,4070,
238,kung,FIL,4071,
238,isasauli,FIL,4072,
238,talaga,FIL,4073,
238,ay,FIL,4074,
238,50,NUM,4075,
238,%,SYM,4076,
238,lang,FIL,4077,
238,ang,FIL,4078,
238,maibabalik,FIL,4079,
238,na,FIL,4080,
238,ikinagulat,FIL,4081,
238,ng,FIL,4082,
238,nanay,FIL,4083,
238,nito,FIL,4084,
238,dahil,FIL,4085,
238,mahigit,FIL,4086,
238,five,ENG,4087,
238,milyon,FIL,4088,
238,ang,FIL,4089,
238,mawawala,FIL,4090,
238,.,SYM,4091,
240,Isa,FIL,4092,
240,ka,FIL,4093,
240,sa,FIL,4094,
240,nagpapaganda,FIL,4095,
240,ng,FIL,4096,
240,araw,FIL,4097,
240,ko,FIL,4098,
240,mapanood,FIL,4099,
240,kita,FIL,4100,
240,buo,FIL,4101,
240,na,FIL,4102,
240,ang,FIL,4103,
240,arw,FIL,4104,
240,ko,FIL,4105,
240,.,SYM,4106,
241,Ibig,FIL,4107,
241,sabihin,FIL,4108,
241,",",SYM,4109,
241,babalik,FIL,4110,
241,tayo,FIL,4111,
241,doon,FIL,4112,
241,sa,FIL,4113,
241,napakataas,FIL,4114,
241,na,FIL,4115,
241,ating,FIL,4116,
241,growth,ENG,4117,
241,rate,ENG,4118,
241,taon-taon,FIL,4119,
241,because,ENG,4120,
241,ang,FIL,4121,
241,kaniyang,FIL,4122,
241,pangako,FIL,4123,
241,ay,FIL,4124,
241,mas,FIL,4125,
241,komportableng,FIL,4126,
241,buhay,FIL,4127,
241,sa,FIL,4128,
241,lahat,FIL,4129,
241,",",SYM,4130,
241,ayon,FIL,4131,
241,kay,FIL,4132,
241,presidential,ENG,4133,
241,spokesperson,ENG,4134,
241,Harry,UNK,4135,NE
241,Roque,UNK,4136,NE
241,.,SYM,4137,
242,Samantala,FIL,4138,
242,",",SYM,4139,
242,sinabi,FIL,4140,
242,ni,FIL,4141,
242,Pasig,UNK,4142,NE
242,City,ENG,4143,NE
242,Mayor,ENG,4144,
242,Vico,UNK,4145,NE
242,Sotto,UNK,4146,NE
242,na,FIL,4147,
242,hindi,FIL,4148,
242,rin,FIL,4149,
242,kailangan,FIL,4150,
242,ng,FIL,4151,
242,permit,ENG,4152,
242,upang,FIL,4153,
242,magtayo,FIL,4154,
242,ng,FIL,4155,
242,community,ENG,4156,
242,pantry,ENG,4157,
242,sa,FIL,4158,
242,kanilang,FIL,4159,
242,lungsod,FIL,4160,
242,.,SYM,4161,
243,Nakakasawa,FIL,4162,
243,na,FIL,4163,
243,ang,FIL,4164,
243,probinsyano,FIL,4165,
243,ni,FIL,4166,
243,Coco,UNK,4167,NE
243,wala,FIL,4168,
243,sinabi,FIL,4169,
243,sa,FIL,4170,
243,probinsyano,FIL,4171,
243,ni,FIL,4172,
243,FPJ,UNK,4173,"ABB,NE"
243,impossible,ENG,4174,
243,lahat,FIL,4175,
244,Hell,UNK,4176,EXPR
244,",",SYM,4177,
244,maybe,ENG,4178,
244,if,ENG,4179,
244,shit,ENG,4180,
244,turned,ENG,4181,
244,out,ENG,4182,
244,super,ENG,4183,
244,well,ENG,4184,
244,baka,FIL,4185,
244,makasali,FIL,4186,
244,ako,FIL,4187,
244,sa,FIL,4188,
244,mga,FIL,4189,
244,nagpopost,FIL,4190,
244,ng,FIL,4191,
244,new,ENG,4192,
244,custom,ENG,4193,
244,builds,ENG,4194,
244,dito,FIL,4195,
244,.,SYM,4196,
245,sulit,FIL,4197,
245,panonood,FIL,4198,
245,hindi,FIL,4199,
245,tinipid,FIL,4200,
245,ang,FIL,4201,
245,content,ENG,4202,
248,hindi,FIL,4203,
248,mo,FIL,4204,
248,alam,FIL,4205,
248,ang,FIL,4206,
248,buhay,FIL,4207,
248,at,FIL,4208,
248,sakripisyo,FIL,4209,
248,ng,FIL,4210,
248,isang,FIL,4211,
248,ina,FIL,4212,
248,OFW,ENG,4213,ABB
248,din,FIL,4214,
248,ako,FIL,4215,
248,s,FIL,4216,
248,matagal,FIL,4217,
248,n,FIL,4218,
248,panahon,FIL,4219,
248,pero,FIL,4220,
248,minahal,FIL,4221,
248,at,FIL,4222,
248,iginalang,FIL,4223,
248,ako,FIL,4224,
248,ng,FIL,4225,
248,mga,FIL,4226,
248,anak,FIL,4227,
248,ko,FIL,4228,
248,!,SYM,4229,
249,Alam,FIL,4230,
249,nyo,FIL,4231,
249,bang,FIL,4232,
249,kayo,FIL,4233,
249,lang,FIL,4234,
249,ang,FIL,4235,
249,natatanging,FIL,4236,
249,ligaya,FIL,4237,
249,ko,FIL,4238,
250,Kabahan,FIL,4239,
250,na,FIL,4240,
250,ang,FIL,4241,
250,mga,FIL,4242,
250,dilawan,FIL,4243,
253,hindi,FIL,4244,
253,mo,FIL,4245,
253,hinahadlangan,FIL,4246,
253,ang,FIL,4247,
253,paglawak,FIL,4248,
253,ng,FIL,4249,
253,karunungan,FIL,4250,
253,ng,FIL,4251,
253,iba,FIL,4252,
253,.,SYM,4253,
255,Ibigay,FIL,4254,
255,ng,FIL,4255,
255,buo,FIL,4256,
255,ang,FIL,4257,
255,CCTV,ENG,4258,ABB
255,footage,ENG,4259,
255,kasi,FIL,4260,
255,!,SYM,4261,
256,Sheena,UNK,4262,NE
256,Halili,UNK,4263,NE
256,at,FIL,4264,
256,Baby,ENG,4265,
256,Martina,UNK,4266,NE
256,MARAMING,FIL,4267,
256,parents,ENG,4268,
256,ang,FIL,4269,
256,naka-relate,UNK,4270,
256,sa,FIL,4271,
256,pagiging,FIL,4272,
256,praning,FIL,4273,
256,na,FIL,4274,
256,mommy,ENG,4275,
256,ng,FIL,4276,
256,Kapuso,FIL,4277,NE
256,actress,ENG,4278,
256,na,FIL,4279,
256,si,FIL,4280,
256,Sheena,UNK,4281,NE
256,Halili,UNK,4282,NE
256,sa,FIL,4283,
256,gitna,FIL,4284,
256,pa,FIL,4285,
256,rin,FIL,4286,
256,ng,FIL,4287,
256,patuloy,FIL,4288,
256,na,FIL,4289,
256,banta,FIL,4290,
256,ng,FIL,4291,
256,pandemya,FIL,4292,
256,.,SYM,4293,
257,Dahil,FIL,4294,
257,sa,FIL,4295,
257,mga,FIL,4296,
257,katangahang,FIL,4297,
257,content,ENG,4298,
257,mo,FIL,4299,
257,daming,FIL,4300,
257,gumagayang,FIL,4301,
257,ML,ENG,4302,ABB
257,player,ENG,4303,
257,.,SYM,4304,
258,Alangan,FIL,4305,
258,punta,FIL,4306,
258,ako,FIL,4307,
258,dyan,FIL,4308,
258,ng,FIL,4309,
258,di,FIL,4310,
258,tayo,FIL,4311,
258,okay,ENG,4312,
258,?,SYM,4313,
260,Shuta,FIL,4314,
260,ang,FIL,4315,
260,lakas,FIL,4316,
260,nang,FIL,4317,
260,mga,FIL,4318,
260,kaklase,FIL,4319,
260,ko,FIL,4320,
260,mag,FIL,4321,
260,vc,ENG,4322,ABB
260,sa,FIL,4323,
260,gc,ENG,4324,ABB
260,HAHAHAHA,UNK,4325,EXPR
262,Ganda,FIL,4326,
262,ng,FIL,4327,
262,name,ENG,4328,
262,ko,FIL,4329,
262,tas,FIL,4330,
262,tatawagin,FIL,4331,
262,mo,FIL,4332,
262,akong,FIL,4333,
262,pogi,FIL,4334,
262,?,SYM,4335,
263,Sabi,FIL,4336,
263,ng,FIL,4337,
263,Nayong,FIL,4338,NE
263,Filipino,FIL,4339,NE
263,sa,FIL,4340,
263,inilabas,FIL,4341,
263,na,FIL,4342,
263,pahayag,FIL,4343,
263,sa,FIL,4344,
263,kanilang,FIL,4345,
263,website,ENG,4346,
263,",",SYM,4347,
263,Sabi,FIL,4348,
263,ng,FIL,4349,
263,NPF,FIL,4350,"ABB,NE"
263,sa,FIL,4351,
263,inilabas,FIL,4352,
263,na,FIL,4353,
263,pahayag,FIL,4354,
263,sa,FIL,4355,
263,kanilang,FIL,4356,
263,website,ENG,4357,
263,",",SYM,4358,
263,humihingi,FIL,4359,
263,ito,FIL,4360,
263,ng,FIL,4361,
263,clarification,ENG,4362,
263,sa,FIL,4363,
263,National,ENG,4364,NE
263,Task,ENG,4365,NE
263,Force,ENG,4366,NE
263,Against,ENG,4367,NE
263,COVID-19,ENG,4368,NE
263,at,FIL,4369,
263,sa,FIL,4370,
263,Department,ENG,4371,NE
263,of,ENG,4372,NE
263,Health,ENG,4373,NE
263,(,SYM,4374,
263,DOH,ENG,4375,"ABB,NE"
263,),SYM,4376,
263,tungkol,FIL,4377,
263,sa,FIL,4378,
263,magiging,FIL,4379,
263,pamamalakad,FIL,4380,
263,sa,FIL,4381,
263,mega,ENG,4382,
263,vaccination,ENG,4383,
263,facility,ENG,4384,
263,dahil,FIL,4385,
263,hindi,FIL,4386,
263,umano,FIL,4387,
263,maganda,FIL,4388,
263,o,FIL,4389,
263,tama,FIL,4390,
263,kung,FIL,4391,
263,isang,FIL,4392,
263,private,ENG,4393,
263,foundation,ENG,4394,
263,ang,FIL,4395,
263,gagamit,FIL,4396,
263,ng,FIL,4397,
263,government,ENG,4398,
263,property,ENG,4399,
263,.,SYM,4400,
264,you,ENG,4401,
264,truly,ENG,4402,
264,deserve,ENG,4403,
264,it,ENG,4404,
264,",",SYM,4405,
264,thank,ENG,4406,
264,you,ENG,4407,
264,po,FIL,4408,
264,sa,FIL,4409,
264,wlaang,FIL,4410,
264,sawang,FIL,4411,
264,pagbasbas,FIL,4412,
264,sa,FIL,4413,
264,mga,FIL,4414,
264,gcash,ENG,4415,NE
264,namin,FIL,4416,
264,at,FIL,4417,
264,sa,FIL,4418,
264,kabaitan,FIL,4419,
264,niyo,FIL,4420,
264,po,FIL,4421,
264,sa,FIL,4422,
264,amin,FIL,4423,
264,more,ENG,4424,
264,to,ENG,4425,
264,come,ENG,4426,
264,!,SYM,4427,
265,Good,ENG,4428,
265,luck,ENG,4429,
265,angel,ENG,4430,
265,laki,FIL,4431,
265,ng,FIL,4432,
265,tulong,FIL,4433,
265,mo,FIL,4434,
265,sa,FIL,4435,
265,kanila,FIL,4436,
265,at,FIL,4437,
265,sana,FIL,4438,
265,hnd,FIL,4439,ABB
265,mawala,FIL,4440,
265,ang,FIL,4441,
265,ganitong,FIL,4442,
265,tradisyon,FIL,4443,
265,natin,FIL,4444,
265,na,FIL,4445,
265,paglalala,FIL,4446,
265,dito,FIL,4447,
265,sa,FIL,4448,
265,ating,FIL,4449,
265,bansang,FIL,4450,
265,pilipinas,FIL,4451,NE
266,Di,FIL,4452,
266,po,FIL,4453,
266,kami,FIL,4454,
266,nagsasawa,FIL,4455,
266,sa,FIL,4456,
266,business,ENG,4457,
266,niyo,FIL,4458,
266,po,FIL,4459,
267,sa,FIL,4460,
267,palagay,FIL,4461,
267,mo,FIL,4462,
267,ba,FIL,4463,
267,ay,FIL,4464,
267,paniniwalaan,FIL,4465,
267,ka,FIL,4466,
267,pa,FIL,4467,
267,ngayon,FIL,4468,
267,ng,FIL,4469,
267,mga,FIL,4470,
267,kababayan,FIL,4471,
267,mong,FIL,4472,
267,gumagamit,FIL,4473,
267,talaga,FIL,4474,
267,ng,FIL,4475,
267,tamang,FIL,4476,
267,pag-iisip,FIL,4477,
267,?,SYM,4478,
268,Wawakasan,FIL,4479,
268,Ko,FIL,4480,
268,ang,FIL,4481,
268,Aking,FIL,4482,
268,gawain,FIL,4483,
268,;,SYM,4484,
268,kukumpletuhin,FIL,4485,
268,Ko,FIL,4486,
268,ang,FIL,4487,
268,gawaing,FIL,4488,
268,dapat,FIL,4489,
268,Kong,FIL,4490,
268,gawin,FIL,4491,
268,",",SYM,4492,
268,at,FIL,4493,
268,ipapaalam,FIL,4494,
268,Ko,FIL,4495,
268,sa,FIL,4496,
268,inyo,FIL,4497,
268,ang,FIL,4498,
268,lahat,FIL,4499,
268,ng,FIL,4500,
268,naipagbilin,FIL,4501,
268,Ko,FIL,4502,
268,sa,FIL,4503,
268,inyo,FIL,4504,
268,",",SYM,4505,
268,kung,FIL,4506,
268,hindi,FIL,4507,
268,ay,FIL,4508,
268,baka,FIL,4509,
268,muli,FIL,4510,
268,kayong,FIL,4511,
268,maligaw,FIL,4512,
268,ng,FIL,4513,
268,landas,FIL,4514,
268,at,FIL,4515,
268,mahulog,FIL,4516,
268,sa,FIL,4517,
268,mga,FIL,4518,
268,pakana,FIL,4519,
268,ng,FIL,4520,
268,diyablo,FIL,4521,
268,kapag,FIL,4522,
268,nagsimulang,FIL,4523,
268,dumilim,FIL,4524,
268,.,SYM,4525,
269,Ito,FIL,4526,
269,ay,FIL,4527,
269,sa,FIL,4528,
269,kabila,FIL,4529,
269,ng,FIL,4530,
269,inihain,FIL,4531,
269,na,FIL,4532,
269,petisyon,FIL,4533,
269,ng,FIL,4534,
269,dalawang,FIL,4535,
269,magulang,FIL,4536,
269,sa,FIL,4537,
269,Quezon,ENG,4538,NE
269,City,ENG,4539,NE
269,na,FIL,4540,
269,humihiling,FIL,4541,
269,na,FIL,4542,
269,mag-isyu,FIL,4543,
269,ng,FIL,4544,
269,temporary,ENG,4545,
269,restraining,ENG,4546,
269,order,ENG,4547,
269,o,FIL,4548,
269,ipahinto,FIL,4549,
269,ang,FIL,4550,
269,pagbabakuna,FIL,4551,
269,sa,FIL,4552,
269,mga,FIL,4553,
269,bata,FIL,4554,
269,.,SYM,4555,
270,Ito,FIL,4556,
270,ang,FIL,4557,
270,kauna-unahang,FIL,4558,
270,edisyon,FIL,4559,
270,na,FIL,4560,
270,idinaos,FIL,4561,
270,sa,FIL,4562,
270,bansang,FIL,4563,
270,Indonesia,UNK,4564,NE
270,.,SYM,4565,
271,Agosto,FIL,4566,NE
271,naman,FIL,4567,
271,ng,FIL,4568,
271,mag-agaw,FIL,4569,
271,daw,FIL,4570,
271,ng,FIL,4571,
271,baril,FIL,4572,
271,ang,FIL,4573,
271,isang,FIL,4574,
271,inmate,ENG,4575,
271,sa,FIL,4576,
271,isang,FIL,4577,
271,nagi-inspeksiyong,FIL,4578,
271,pulis,FIL,4579,
271,sa,FIL,4580,
271,Mandaluyong,UNK,4581,NE
271,City,ENG,4582,NE
271,.,SYM,4583,
272,Dito,FIL,4584,
272,",",SYM,4585,
272,gayon,FIL,4586,
272,din,FIL,4587,
272,naman,FIL,4588,
272,",",SYM,4589,
272,mayroon,FIL,4590,
272,ding,FIL,4591,
272,disposisyon,FIL,4592,
272,ng,FIL,4593,
272,Diyos,FIL,4594,NE
272,na,FIL,4595,
272,dapat,FIL,4596,
272,nating,FIL,4597,
272,makita,FIL,4598,
272,.,SYM,4599,
273,Wala,FIL,4600,
273,kakayahan,FIL,4601,
273,ung,FIL,4602,
273,mga,FIL,4603,
273,i,ENG,4604,ABB
273,.,SYM,4605,
273,t,ENG,4606,ABB
273,nila,FIL,4607,
273,.,SYM,4608,
273,bka,FIL,4609,
273,nga,FIL,4610,
273,isa,FIL,4611,
273,s,FIL,4612,
273,mga,FIL,4613,
273,i,ENG,4614,ABB
273,.,SYM,4615,
273,t,ENG,4616,ABB
273,nila,FIL,4617,
273,sangkot,FIL,4618,
273,.,SYM,4619,
274,Ang,FIL,4620,
274,mga,FIL,4621,
274,tauhan,FIL,4622,
274,sa,FIL,4623,
274,kuwentong,FIL,4624,
274,ito,FIL,4625,
274,ay,FIL,4626,
274,isang,FIL,4627,
274,mataas,FIL,4628,
274,na,FIL,4629,
274,bundok,FIL,4630,
274,",",SYM,4631,
274,isang,FIL,4632,
274,munting,FIL,4633,
274,sapa,FIL,4634,
274,",",SYM,4635,
274,isang,FIL,4636,
274,malakas,FIL,4637,
274,na,FIL,4638,
274,hangin,FIL,4639,
274,",",SYM,4640,
274,at,FIL,4641,
274,isang,FIL,4642,
274,napakalaking,FIL,4643,
274,alon,FIL,4644,
274,.,SYM,4645,
275,Noong,FIL,4646,
275,",",SYM,4647,
275,bumalik,FIL,4648,
275,si,FIL,4649,
275,Padilla,UNK,4650,NE
275,sa,FIL,4651,
275,ABS-CBN,FIL,4652,"ABB,NE"
275,matapos,FIL,4653,
275,pumirma,FIL,4654,
275,ng,FIL,4655,
275,isang,FIL,4656,
275,eksklusibong,FIL,4657,
275,kontrata,FIL,4658,
275,sa,FIL,4659,
275,Dreamscape,ENG,4660,NE
275,Entertainment,ENG,4661,NE
275,Television,ENG,4662,NE
275,",",SYM,4663,
275,isa,FIL,4664,
275,sa,FIL,4665,
275,mga,FIL,4666,
275,sikat,FIL,4667,
275,na,FIL,4668,
275,assets,ENG,4669,
275,ng,FIL,4670,
275,ABS-CBN,FIL,4671,"ABB,NE"
275,",",SYM,4672,
275,at,FIL,4673,
275,ginampanan,FIL,4674,
275,ang,FIL,4675,
275,papel,FIL,4676,
275,bilang,FIL,4677,
275,Carmen,UNK,4678,NE
275,sa,FIL,4679,
275,hit,ENG,4680,
275,na,FIL,4681,
275,teleseryeng,FIL,4682,
275,.,SYM,4683,
276,sa,FIL,4684,
276,akin,FIL,4685,
276,nyo,FIL,4686,
276,gawin,FIL,4687,
276,yan,FIL,4688,
276,pag,FIL,4689,
276,untugin,FIL,4690,
276,ko,FIL,4691,
276,mga,FIL,4692,
276,ulo,FIL,4693,
276,nyo,FIL,4694,
277,Lumabas,FIL,4695,
277,ako,FIL,4696,
277,sa,FIL,4697,
277,bahay,FIL,4698,
277,para,FIL,4699,
277,bawas,FIL,4700,
277,stress,ENG,4701,
277,naman,FIL,4702,
277,",",SYM,4703,
277,tas,FIL,4704,ABB
277,pag,FIL,4705,
277,labas,FIL,4706,
277,ko,FIL,4707,
277,nakatapak,FIL,4708,
277,ako,FIL,4709,
277,ng,FIL,4710,
277,tae,FIL,4711,
277,haahahahahahahaha,UNK,4712,EXPR
278,Mag,FIL,4713,
278,iingat,FIL,4714,
278,kayo,FIL,4715,
278,d'yan,FIL,4716,
278,ng,FIL,4717,
278,pamilya,FIL,4718,
278,mo,FIL,4719,
278,.,SYM,4720,
279,Kasi,FIL,4721,
279,minsan,FIL,4722,
279,matagal,FIL,4723,
279,ang,FIL,4724,
279,proseso,FIL,4725,
279,.,SYM,4726,
280,ang,FIL,4727,
280,bangis,FIL,4728,
280,mapapa,FIL,4729,
280,isko,FIL,4730,
280,nalang,FIL,4731,
280,ata,FIL,4732,
280,ako,FIL,4733,
281,Sa,FIL,4734,
281,Instagram,ENG,4735,NE
281,ng,FIL,4736,
281,Cignal,ENG,4737,NE
281,HD,ENG,4738,"ABB,NE"
281,Spikers,ENG,4739,NE
281,ace,ENG,4740,
281,hitter,ENG,4741,
281,",",SYM,4742,
281,kasalukuyang,FIL,4743,
281,nasa,FIL,4744,
281,Hawaii,UNK,4745,NE
281,",",SYM,4746,
281,isang,FIL,4747,
281,mirror,ENG,4748,
281,selfie,ENG,4749,
281,ang,FIL,4750,
281,ipinost,FIL,4751,
281,ng,FIL,4752,
281,kilalang,FIL,4753,
281,balibolista,FIL,4754,
281,kung,FIL,4755,
281,saan,FIL,4756,
281,nito,FIL,4757,
281,ipinakita,FIL,4758,
281,ang,FIL,4759,
281,kanyang,FIL,4760,
281,pamatay,FIL,4761,
281,na,FIL,4762,
281,alindog,FIL,4763,
281,.,SYM,4764,
283,sana,FIL,4765,
283,umabot,FIL,4766,
283,ako,FIL,4767,
283,sa,FIL,4768,
283,mga,FIL,4769,
283,bagay,FIL,4770,
283,na,FIL,4771,
283,gusto,FIL,4772,
283,kong,FIL,4773,
283,habulin,FIL,4774,
284,Simple,ENG,4775,
284,lang,FIL,4776,
284,naman,FIL,4777,
284,diba,FIL,4778,
284,",",SYM,4779,
284,"""",SYM,4780,
284,hindi,FIL,4781,
284,na,FIL,4782,
284,kita,FIL,4783,
284,kayang,FIL,4784,
284,kausapin,FIL,4785,
284,",",SYM,4786,
284,may,FIL,4787,
284,sarili,FIL,4788,
284,akong,FIL,4789,
284,buhay,FIL,4790,
284,"""",SYM,4791,
284,-,SYM,4792,
284,tapos,FIL,4793,
284,ang,FIL,4794,
284,usapan,FIL,4795,
284,.,SYM,4796,
285,Patay,FIL,4797,
285,ang,FIL,4798,
285,isang,FIL,4799,
285,menor-de-edad,FIL,4800,
285,habang,FIL,4801,
285,11,NUM,4802,
285,ang,FIL,4803,
285,nasugatan,FIL,4804,
285,matapos,FIL,4805,
285,mahulog,FIL,4806,
285,sa,FIL,4807,
285,bangin,FIL,4808,
285,ang,FIL,4809,
285,sinasakyang,FIL,4810,
285,jeep,ENG,4811,
285,sa,FIL,4812,
285,Banaue,UNK,4813,NE
285,national,ENG,4814,
285,road,ENG,4815,
285,",",SYM,4816,
285,Maraggod,UNK,4817,NE
285,",",SYM,4818,
285,Tanudan,UNK,4819,NE
285,",",SYM,4820,
285,Kalinga,UNK,4821,NE
285,",",SYM,4822,
285,ayon,FIL,4823,
285,sa,FIL,4824,
285,Kalinga,UNK,4825,NE
285,Provincial,ENG,4826,NE
285,Police,ENG,4827,NE
285,Office,ENG,4828,NE
285,(,SYM,4829,
285,KPPO,ENG,4830,"ABB,NE"
285,),SYM,4831,
285,.,SYM,4832,
286,am,ENG,4833,
286,bobo,FIL,4834,
286,na,FIL,4835,
286,dala,FIL,4836,
286,ang,FIL,4837,
286,charger,ENG,4838,
286,sa,FIL,4839,
286,laptop,ENG,4840,
286,pero,FIL,4841,
286,ang,FIL,4842,
286,laptop,ENG,4843,
286,nabilin,FIL,4844,
287,napabili,FIL,4845,
287,pa,FIL,4846,
287,ako,FIL,4847,
287,ng,FIL,4848,
287,jpn,ENG,4849,ABB
287,outside,ENG,4850,
287,ng,FIL,4851,
287,wala,FIL,4852,
287,sa,FIL,4853,
287,oras,FIL,4854,
287,ge,FIL,4855,
287,lang,FIL,4856,
287,btob,ENG,4857,"ABB,NE"
287,mahal,FIL,4858,
287,ko,FIL,4859,
287,naman,FIL,4860,
287,kayo,FIL,4861,
288,Kung,FIL,4862,
288,kelan,FIL,4863,
288,naman,FIL,4864,
288,madami,FIL,4865,
288,akong,FIL,4866,
288,gagawin,FIL,4867,
288,saka,FIL,4868,
288,naman,FIL,4869,
288,masama,FIL,4870,
288,ang,FIL,4871,
288,pakiramdam,FIL,4872,
290,12years,UNK,4873,
290,ka,FIL,4874,
290,noon,FIL,4875,
290,sa,FIL,4876,
290,senate,ENG,4877,
290,ngayon,FIL,4878,
290,mo,FIL,4879,
290,lg,FIL,4880,ABB
290,naisip,FIL,4881,
290,yan,FIL,4882,
290,?,SYM,4883,
292,Sinasabi,FIL,4884,
292,ng,FIL,4885,
292,ilang,FIL,4886,
292,tao,FIL,4887,
292,:,SYM,4888,
292,Sinunod,FIL,4889,
292,ko,FIL,4890,
292,na,FIL,4891,
292,ang,FIL,4892,
292,Diyos,FIL,4893,NE
292,sa,FIL,4894,
292,loob,FIL,4895,
292,ng,FIL,4896,
292,maraming,FIL,4897,
292,taon,FIL,4898,
292,at,FIL,4899,
292,tinamasa,FIL,4900,
292,ang,FIL,4901,
292,napakarami,FIL,4902,
292,sa,FIL,4903,
292,Kanyang,FIL,4904,
292,mga,FIL,4905,
292,biyaya,FIL,4906,
292,",",SYM,4907,
292,napakaraming,FIL,4908,
292,pagpapala,FIL,4909,
292,.,SYM,4910,
293,minsan,FIL,4911,
293,nasa,FIL,4912,
293,taas,FIL,4913,
293,ka,FIL,4914,
293,sa,FIL,4915,
293,susunod,FIL,4916,
293,nasa,FIL,4917,
293,baba,FIL,4918,
293,kaya,FIL,4919,
293,kung,FIL,4920,
293,nasa,FIL,4921,
293,taas,FIL,4922,
293,ka,FIL,4923,
293,ngayon,FIL,4924,
293,wag,FIL,4925,
293,kang,FIL,4926,
293,hambog,FIL,4927,
293,para,FIL,4928,
293,pag,FIL,4929,
293,bumagsak,FIL,4930,
293,ka,FIL,4931,
293,di,FIL,4932,
293,mo,FIL,4933,
293,masyado,FIL,4934,
293,ramdam,FIL,4935,
294,kaya,FIL,4936,
294,ayaw,FIL,4937,
294,ko,FIL,4938,
294,ng,FIL,4939,
294,groupings,ENG,4940,
294,eh,FIL,4941,
294,",",SYM,4942,
294,lagi,FIL,4943,
294,leader,ENG,4944,
294,nasusunod,FIL,4945,
294,.,SYM,4946,
295,Ang,FIL,4947,
295,Eskosya,FIL,4948,NE
295,ay,FIL,4949,
295,sinalakay,FIL,4950,
295,ulit,FIL,4951,
295,ng,FIL,4952,
295,mga,FIL,4953,
295,Ingles,FIL,4954,NE
295,",",SYM,4955,
295,at,FIL,4956,
295,natalo,FIL,4957,
295,ang,FIL,4958,
295,mga,FIL,4959,
295,Eskoses,FIL,4960,NE
295,sa,FIL,4961,
295,digmaan,FIL,4962,
295,sa,FIL,4963,
295,Pinkie,ENG,4964,NE
295,.,SYM,4965,
297,Maririnig,FIL,4966,
297,sa,FIL,4967,
297,unang,FIL,4968,
297,IG,ENG,4969,ABB
297,video,ENG,4970,
297,ni,FIL,4971,
297,Greta,UNK,4972,NE
297,si,FIL,4973,
297,Tonyboy,UNK,4974,NE
297,na,FIL,4975,
297,nagsabing,FIL,4976,
297,",",SYM,4977,
297,Ang,FIL,4978,
297,dami-daming,FIL,4979,
297,babae,FIL,4980,
297,dito,FIL,4981,
297,pero,FIL,4982,
297,sa,FIL,4983,
297,totoo,FIL,4984,
297,lang,FIL,4985,
297,",",SYM,4986,
297,si,FIL,4987,
297,Gretchen,UNK,4988,NE
297,pa,FIL,4989,
297,rin,FIL,4990,
297,ang,FIL,4991,
297,pinakamaganda,FIL,4992,
297,.,SYM,4993,
299,Sana,FIL,4994,
299,sa,FIL,4995,
299,susunod,FIL,4996,
299,na,FIL,4997,
299,pangulo,FIL,4998,
299,gawing,FIL,4999,
299,priority,ENG,5000,
299,ang,FIL,5001,
299,pag,FIL,5002,
299,abolish,ENG,5003,
299,sa,FIL,5004,
299,IATF,ENG,5005,"ABB,NE"
299,",",SYM,5006,
299,napakalaking,FIL,5007,
299,salot,FIL,5008,
299,ito,FIL,5009,
299,Lalo,FIL,5010,
299,na,FIL,5011,
299,sa,FIL,5012,
299,mga,FIL,5013,
299,OFW,FIL,5014,"ABB,NE"
300,Asahan,FIL,5015,
300,na,FIL,5016,
300,ang,FIL,5017,
300,matitinding,FIL,5018,
300,talakayan,FIL,5019,
300,sa,FIL,5020,
300,usaping,FIL,5021,
300,pag-ibig,FIL,5022,
300,at,FIL,5023,
300,pangangaliwa,FIL,5024,
300,",",SYM,5025,
300,panggagantso,FIL,5026,
300,",",SYM,5027,
300,at,FIL,5028,
300,iba,FIL,5029,
300,pa,FIL,5030,
300,sa,FIL,5031,
300,pagsisimula,FIL,5032,
300,ng,FIL,5033,
300,Amy-nin,FIL,5034,NE
300,para,FIL,5035,
300,rin,FIL,5036,
300,magbigay-linaw,FIL,5037,
300,at,FIL,5038,
300,gabay,FIL,5039,
300,sa,FIL,5040,
300,mga,FIL,5041,
300,manonood,FIL,5042,
300,.,SYM,5043,
301,Sa,FIL,5044,
301,tingin,FIL,5045,
301,ko,FIL,5046,
301,",",SYM,5047,
301,maganda,FIL,5048,
301,din,FIL,5049,
301,tingnan,FIL,5050,
301,ang,FIL,5051,
301,tunay,FIL,5052,
301,na,FIL,5053,
301,pag-uugali,FIL,5054,
301,ng,FIL,5055,
301,mga,FIL,5056,
301,kandidato,FIL,5057,
301,.,SYM,5058,
302,Hayaan,FIL,5059,
302,mong,FIL,5060,
302,sagutin,FIL,5061,
302,ko,FIL,5062,
302,ang,FIL,5063,
302,mga,FIL,5064,
302,katanungan,FIL,5065,
302,mo,FIL,5066,
302,.,SYM,5067,
303,*,SYM,5068,
303,/,SYM,5069,
303,namatay,FIL,5070,
303,sa,FIL,5071,
303,visuals,ENG,5072,
303,nila,FIL,5073,
303,at,FIL,5074,
303,di,FIL,5075,
303,na,FIL,5076,
303,nabuhay,FIL,5077,
304,Isa,FIL,5078,
304,sa,FIL,5079,
304,bawat,FIL,5080,
304,taon,FIL,5081,
304,sa,FIL,5082,
304,pagitan,FIL,5083,
304,ng,FIL,5084,
304,mga,FIL,5085,
304,Palarong,FIL,5086,NE
304,Olimpiko,FIL,5087,NE
304,.,SYM,5088,
305,ipakita,FIL,5089,
305,ng,FIL,5090,
305,live,ENG,5091,
305,ang,FIL,5092,
305,burol,FIL,5093,
305,nya,FIL,5094,
305,para,FIL,5095,
305,maniwala,FIL,5096,
306,nakakamiss,UNK,5097,
306,yung,FIL,5098,
306,gantong,FIL,5099,
306,misyon,FIL,5100,
306,ni,FIL,5101,
306,kuya,FIL,5102,
307,Happy,ENG,5103,
307,new,ENG,5104,
307,year,ENG,5105,
307,vice,UNK,5106,NE
307,ganda,UNK,5107,NE
307,wow,UNK,5108,EXPR
307,nmn,FIL,5109,ABB
307,ang,FIL,5110,
307,ganda,FIL,5111,
307,"""",SYM,5112,
307,buti,FIL,5113,
307,k,FIL,5114,ABB
307,p,FIL,5115,ABB
307,"""",SYM,5116,
307,ok,ENG,5117,
307,na,FIL,5118,
307,ang,FIL,5119,
307,house,ENG,5120,
307,mo,FIL,5121,
307,sana,FIL,5122,
307,mahelp,UNK,5123,
307,mo,FIL,5124,
307,kami,FIL,5125,
307,pls,ENG,5126,ABB
307,hangngayon,FIL,5127,
307,kse,FIL,5128,ABB
307,wala,FIL,5129,
307,parin,FIL,5130,
307,akong,FIL,5131,
307,work,ENG,5132,
307,ikaw,FIL,5133,
307,n,FIL,5134,ABB
307,lng,FIL,5135,ABB
307,ang,FIL,5136,
307,pag,FIL,5137,
307,ASA,FIL,5138,
307,namin,FIL,5139,
307,at,FIL,5140,
307,sana,FIL,5141,
307,nabasa,FIL,5142,
307,"""",SYM,5143,
307,mo,FIL,5144,
307,ang,FIL,5145,
307,msg,ENG,5146,ABB
307,ko,FIL,5147,
307,namamasko,FIL,5148,
307,lng,FIL,5149,ABB
307,ako,FIL,5150,
307,vice's,ENG,5151,NE
307,plsssss,ENG,5152,
307,call,ENG,5153,
307,me,ENG,5154,
307,09569284456,NUM,5155,
308,Ibinandera,FIL,5156,
308,ni,FIL,5157,
308,Rabiya,UNK,5158,NE
308,ang,FIL,5159,
308,mga,FIL,5160,
308,bago,FIL,5161,
308,niyang,FIL,5162,
308,sexy,ENG,5163,
308,photos,ENG,5164,
308,sa,FIL,5165,
308,IG,ENG,5166,ABB
308,suot,FIL,5167,
308,with,ENG,5168,
308,her,ENG,5169,
308,shiny,ENG,5170,
308,pink,ENG,5171,
308,bikini,ENG,5172,
308,kung,FIL,5173,
308,saan,FIL,5174,
308,talaga,FIL,5175,
308,namang,FIL,5176,
308,kitang-kita,FIL,5177,
308,ang,FIL,5178,
308,kanyang,FIL,5179,
308,kaseksihan,FIL,5180,
308,.,SYM,5181,
309,May,FIL,5182,
309,mga,FIL,5183,
309,nakitang,FIL,5184,
309,paglabag,FIL,5185,
309,ang,FIL,5186,
309,Philippine,ENG,5187,NE
309,National,ENG,5188,NE
309,Police,ENG,5189,NE
309,(,SYM,5190,
309,PNP,ENG,5191,"ABB,NE"
309,),SYM,5192,
309,sa,FIL,5193,
309,pag-iikot,FIL,5194,
309,at,FIL,5195,
309,campaign,ENG,5196,
309,rallies,ENG,5197,
309,ng,FIL,5198,
309,mga,FIL,5199,
309,kandidato,FIL,5200,
309,sa,FIL,5201,
309,Metro,ENG,5202,NE
309,Manila,FIL,5203,NE
309,at,FIL,5204,
309,sa,FIL,5205,
309,ibat,FIL,5206,
309,ibang,FIL,5207,
309,lugar,FIL,5208,
309,sa,FIL,5209,
309,bansa,FIL,5210,
309,.,SYM,5211,
310,sabi,FIL,5212,
310,nya,FIL,5213,
310,habang,FIL,5214,
310,mayat-mayang,FIL,5215,
310,tinutulak,FIL,5216,
310,ng,FIL,5217,
310,kanyang,FIL,5218,
310,daliri,FIL,5219,
310,ang,FIL,5220,
310,salamin,FIL,5221,
310,nyang,FIL,5222,
310,dumudulas,FIL,5223,
310,sa,FIL,5224,
310,kanyang,FIL,5225,
310,matangos,FIL,5226,
310,na,FIL,5227,
310,ilong,FIL,5228,
310,.,SYM,5229,
311,At,FIL,5230,
311,gaya,FIL,5231,
311,ng,FIL,5232,
311,ibang,FIL,5233,
311,magkarelasyon,FIL,5234,
311,na,FIL,5235,
311,nagkaroon,FIL,5236,
311,ng,FIL,5237,
311,problema,FIL,5238,
311,sa,FIL,5239,
311,samahan,FIL,5240,
311,dahil,FIL,5241,
311,sa,FIL,5242,
311,online,ENG,5243,
311,games,ENG,5244,
311,",",SYM,5245,
311,pinagdaanan,FIL,5246,
311,din,FIL,5247,
311,ito,FIL,5248,
311,ni,FIL,5249,
311,Edgar,UNK,5250,NE
311,kaya,FIL,5251,
311,nagpasya,FIL,5252,
311,siyang,FIL,5253,
311,balansehin,FIL,5254,
311,ang,FIL,5255,
311,paglalaro,FIL,5256,
311,at,FIL,5257,
311,ang,FIL,5258,
311,pamilya,FIL,5259,
311,.,SYM,5260,
312,Saludo,FIL,5261,
312,ako,FIL,5262,
312,sa,FIL,5263,
312,mga,FIL,5264,
312,magulang,FIL,5265,
312,na,FIL,5266,
312,pag,FIL,5267,
312,aaral,FIL,5268,
312,ang,FIL,5269,
312,priority,ENG,5270,
312,para,FIL,5271,
312,sa,FIL,5272,
312,kanilang,FIL,5273,
312,mga,FIL,5274,
312,anak,FIL,5275,
312,.,SYM,5276,
313,Kuwento,FIL,5277,
313,naman,FIL,5278,
313,ni,FIL,5279,
313,Jerald,UNK,5280,NE
313,",",SYM,5281,
313,sila,FIL,5282,
313,pa,FIL,5283,
313,raw,FIL,5284,
313,ang,FIL,5285,
313,nag-suggest,FIL,5286,
313,ng,FIL,5287,
313,ilang,FIL,5288,
313,mga,FIL,5289,
313,anggulo,FIL,5290,
313,kay,FIL,5291,
313,Direk,FIL,5292,ABB
313,Irene,UNK,5293,NE
313,para,FIL,5294,
313,mas,FIL,5295,
313,lumabas,FIL,5296,
313,na,FIL,5297,
313,natural,ENG,5298,
313,ang,FIL,5299,
313,eksena,FIL,5300,
313,.,SYM,5301,
314,Hindi,FIL,5302,
314,pantay,FIL,5303,
314,palagi,FIL,5304,
314,ang,FIL,5305,
314,pagkaluto,FIL,5306,
314,ng,FIL,5307,
314,karne,FIL,5308,
314,kaya,FIL,5309,
314,masusunog,FIL,5310,
314,na,FIL,5311,
314,yung,FIL,5312,
314,iba,FIL,5313,
314,pag,FIL,5314,
314,nakaipit,FIL,5315,
314,sa,FIL,5316,
314,flipper,ENG,5317,
314,na,FIL,5318,
314,yan,FIL,5319,
314,.,SYM,5320,
315,Kinakabhan,FIL,5321,
315,ako,FIL,5322,
315,mukhang,FIL,5323,
315,gagastos,FIL,5324,
315,ako,FIL,5325,
315,sa,FIL,5326,
315,kanya,FIL,5327,
315,this,ENG,5328,
315,era,ENG,5329,
316,since,ENG,5330,
316,day,ENG,5331,
316,1,NUM,5332,
316,fan,ENG,5333,
316,na,FIL,5334,
316,sadya,FIL,5335,
316,ako,FIL,5336,
316,ng,FIL,5337,
316,Jadine,UNK,5338,NE
316,",",SYM,5339,
316,cant,ENG,5340,
316,believe,ENG,5341,
316,na,FIL,5342,
316,di,FIL,5343,
316,sila,FIL,5344,
316,ang,FIL,5345,
316,magkakatuluyan,FIL,5346,
316,sa,FIL,5347,
316,huli,FIL,5348,
317,Iba,FIL,5349,
317,manggisa,FIL,5350,
317,ng,FIL,5351,
317,thesis,ENG,5352,
317,ang,FIL,5353,
317,grad,UNK,5354,ABB
317,.,SYM,5355,
319,Ampunin,FIL,5356,
319,niyo,FIL,5357,
319,na,FIL,5358,
319,ako,FIL,5359,
319,sa,FIL,5360,
319,japan,ENG,5361,NE
319,char,FIL,5362,
320,Diko,FIL,5363,
320,alam,FIL,5364,
320,kung,FIL,5365,
320,matutulog,FIL,5366,
320,ako,FIL,5367,
320,o,FIL,5368,
320,aabangan,FIL,5369,
320,ko,FIL,5370,
320,yung,FIL,5371,
320,mga,FIL,5372,
320,mag,FIL,5373,
320,fifile,FIL,5374,
320,ng,FIL,5375,
320,COC,ENG,5376,ABB
320,ngayon,FIL,5377,
320,para,FIL,5378,
320,sa,FIL,5379,
320,election,ENG,5380,
322,mag-aasawa,FIL,5381,
322,muna,FIL,5382,
322,ako,FIL,5383,
322,ng,FIL,5384,
322,mafia,ENG,5385,
322,ha,UNK,5386,EXPR
323,sana,FIL,5387,
323,inampon,FIL,5388,
323,niyo,FIL,5389,
323,na,FIL,5390,
323,lang,FIL,5391,
323,ako,FIL,5392,
323,kahit,FIL,5393,
323,taga,FIL,5394,
323,hugas,FIL,5395,
323,lang,FIL,5396,
323,ng,FIL,5397,
323,pinggan,FIL,5398,
323,niyo,FIL,5399,
325,Di,FIL,5400,
325,wala,FIL,5401,
325,nang,FIL,5402,
325,maraming,FIL,5403,
325,usapan,FIL,5404,
325,iyon,FIL,5405,
325,ay,FIL,5406,
325,kung,FIL,5407,
325,talagang,FIL,5408,
325,magkakampi,FIL,5409,
325,sila,FIL,5410,
325,.,SYM,5411,
326,Noong,FIL,5412,
326,dekada,FIL,5413,
326,",",SYM,5414,
326,ipinakilala,FIL,5415,
326,ng,FIL,5416,
326,mga,FIL,5417,
326,batikero,FIL,5418,
326,na,FIL,5419,
326,naglipat,FIL,5420,
326,patungo,FIL,5421,
326,sa,FIL,5422,
326,Malaya,UNK,5423,NE
326,ang,FIL,5424,
326,paggamit,FIL,5425,
326,ng,FIL,5426,
326,pagkit,FIL,5427,
326,at,FIL,5428,
326,blokeng,FIL,5429,
326,tanso,FIL,5430,
326,sa,FIL,5431,
326,silangang,FIL,5432,
326,baybayin,FIL,5433,
326,nito,FIL,5434,
326,.,SYM,5435,
327,Wala,FIL,5436,
327,na,FIL,5437,
327,mabasa,FIL,5438,
327,",",SYM,5439,
327,di,FIL,5440,
327,pa,FIL,5441,
327,nag,FIL,5442,
327,uud,FIL,5443,
327,mga,FIL,5444,
327,otor,FIL,5445,
327,.,SYM,5446,
328,Ayon,FIL,5447,
328,sa,FIL,5448,
328,direktor,FIL,5449,
328,ng,FIL,5450,
328,NBI,ENG,5451,ABB
328,Lucena,UNK,5452,NE
328,City,ENG,5453,NE
328,na,FIL,5454,
328,si,FIL,5455,
328,Dominador,UNK,5456,NE
328,Villanueva,UNK,5457,NE
328,III,UNK,5458,NE
328,",",SYM,5459,
328,ang,FIL,5460,
328,operator,ENG,5461,
328,ng,FIL,5462,
328,cybersex,ENG,5463,
328,den,ENG,5464,
328,at,FIL,5465,
328,ang,FIL,5466,
328,may-ari,FIL,5467,
328,ng,FIL,5468,
328,apartment,ENG,5469,
328,ay,FIL,5470,
328,nahaharap,FIL,5471,
328,sa,FIL,5472,
328,reklamong,FIL,5473,
328,Human,ENG,5474,NE
328,Trafficking,ENG,5475,NE
328,in,ENG,5476,NE
328,Relation,ENG,5477,NE
328,to,ENG,5478,NE
328,Cybercrime,ENG,5479,NE
328,Prevention,ENG,5480,NE
328,Act,ENG,5481,NE
328,.,SYM,5482,
329,Magkahalo,FIL,5483,
329,ang,FIL,5484,
329,emosyon,FIL,5485,
329,dahil,FIL,5486,
329,nga,FIL,5487,
329,nabitin,FIL,5488,
329,ang,FIL,5489,
329,mga,FIL,5490,
329,netizen,ENG,5491,
329,sa,FIL,5492,
329,video,ENG,5493,
329,.,SYM,5494,
330,HAHHAHAHAHA,UNK,5495,EXPR
330,pag,FIL,5496,
330,ako,FIL,5497,
330,ang,FIL,5498,
330,nanalo,FIL,5499,
330,ng,FIL,5500,
330,1M,NUM,5501,
330,",",SYM,5502,
330,saka,FIL,5503,
330,ka,FIL,5504,
330,sumubok,FIL,5505,
331,Unang,FIL,5506,
331,pinagpaliban,FIL,5507,
331,ang,FIL,5508,
331,mga,FIL,5509,
331,karera,FIL,5510,
331,nitong,FIL,5511,
331,Sabado,FIL,5512,
331,at,FIL,5513,
331,iaanunsyo,FIL,5514,
331,na,FIL,5515,
331,lang,FIL,5516,
331,ang,FIL,5517,
331,pagbabalik,FIL,5518,
331,ng,FIL,5519,
331,mga,FIL,5520,
331,aksyon,FIL,5521,
331,sa,FIL,5522,
331,karerahan,FIL,5523,
331,.,SYM,5524,
332,Nagresign,FIL,5525,
332,ako,FIL,5526,
332,doon,FIL,5527,
332,at,FIL,5528,
332,nakahanap,FIL,5529,
332,ng,FIL,5530,
332,magandang,FIL,5531,
332,trabaho,FIL,5532,
332,habang,FIL,5533,
332,sya,FIL,5534,
332,andun,FIL,5535,
332,pa,FIL,5536,
332,din,FIL,5537,
332,.,SYM,5538,
333,Ang,FIL,5539,
333,PSC,ENG,5540,"ABB,NE"
333,Commissioner,ENG,5541,
333,at,FIL,5542,
333,Team,ENG,5543,
333,Philippines,ENG,5544,NE
333,chef,ENG,5545,
333,de,ENG,5546,
333,mission,ENG,5547,
333,na,FIL,5548,
333,si,FIL,5549,
333,Ramon,UNK,5550,NE
333,Fernandez,UNK,5551,NE
333,ay,FIL,5552,
333,patuloy,FIL,5553,
333,ang,FIL,5554,
333,pagbibigay,FIL,5555,
333,ng,FIL,5556,
333,inspirasyon,FIL,5557,
333,sa,FIL,5558,
333,mga,FIL,5559,
333,pambansang,FIL,5560,
333,atleta,FIL,5561,
333,sa,FIL,5562,
333,isinagawa,FIL,5563,
333,nitong,FIL,5564,
333,pep,ENG,5565,
333,talk,ENG,5566,
333,sa,FIL,5567,
333,koponan,FIL,5568,
333,ng,FIL,5569,
333,football,ENG,5570,
333,at,FIL,5571,
333,handball,ENG,5572,
333,.,SYM,5573,
334,Ang,FIL,5574,
334,susunod,FIL,5575,
334,na,FIL,5576,
334,kompetisyon,FIL,5577,
334,ni,FIL,5578,
334,Obiena,UNK,5579,NE
334,ay,FIL,5580,
334,ang,FIL,5581,
334,Bauhas-Galan,UNK,5582,NE
334,",",SYM,5583,
334,isang,FIL,5584,
334,Wanda,ENG,5585,NE
334,Diamond,ENG,5586,NE
334,League,ENG,5587,NE
334,event,ENG,5588,
334,na,FIL,5589,
334,gaganapin,FIL,5590,
334,sa,FIL,5591,
334,Hulyo,FIL,5592,NE
334,4,NUM,5593,
334,sa,FIL,5594,
334,Stockholm,UNK,5595,NE
334,Olympic,ENG,5596,NE
334,Stadium,ENG,5597,NE
334,sa,FIL,5598,
334,Sweden,UNK,5599,NE
334,.,SYM,5600,
335,Di,FIL,5601,
335,lang,FIL,5602,
335,naglalasing,FIL,5603,
335,wild,ENG,5604,
335,pa,FIL,5605,
335,ang,FIL,5606,
335,batang,FIL,5607,
335,ito,FIL,5608,
335,masyadong,FIL,5609,
335,.,SYM,5610,
336,Tuloy,FIL,5611,
336,Ang,FIL,5612,
336,kaso,FIL,5613,
336,kuya,FIL,5614,
336,para,FIL,5615,
336,maturuan,FIL,5616,
336,Ng,FIL,5617,
336,leksyon,FIL,5618,
336,Ang,FIL,5619,
336,mga,FIL,5620,
336,makakating,FIL,5621,
336,babae,FIL,5622,
336,gnyn,FIL,5623,ABB
337,kailangan,FIL,5624,
337,ko,FIL,5625,
337,ng,FIL,5626,
337,maghanap,FIL,5627,
337,ng,FIL,5628,
337,bagong,FIL,5629,
337,bff,ENG,5630,ABB
338,Parang,FIL,5631,
338,gusto,FIL,5632,
338,mong,FIL,5633,
338,ibigay,FIL,5634,
338,sa,FIL,5635,
338,kanya,FIL,5636,
338,lahat,FIL,5637,
338,ng,FIL,5638,
338,mabuti,FIL,5639,
338,sa,FIL,5640,
338,mundong,FIL,5641,
338,ito,FIL,5642,
338,.,SYM,5643,
339,Sana,FIL,5644,
339,pag,FIL,5645,
339,makaipon,FIL,5646,
339,ipon,FIL,5647,
339,makapanuod,FIL,5648,
339,na,FIL,5649,
339,ako,FIL,5650,
339,ng,FIL,5651,
339,live,ENG,5652,
339,dream,ENG,5653,
339,ko,FIL,5654,
339,talaga,FIL,5655,
339,na,FIL,5656,
339,makapag,FIL,5657,
339,cheer,ENG,5658,
339,sa,FIL,5659,
339,mga,FIL,5660,
339,lumalaban,FIL,5661,
339,na,FIL,5662,
339,emcee,ENG,5663,
339,lalo,FIL,5664,
339,na,FIL,5665,
339,sa,FIL,5666,
339,idol,ENG,5667,
339,ko,FIL,5668,
339,since,ENG,5669,
339,day,ENG,5670,
339,1,NUM,5671,
339,na,FIL,5672,
339,si,FIL,5673,
339,BATAS,UNK,5674,NE
339,.,SYM,5675,
340,Ganda,FIL,5676,
340,nung,FIL,5677,
340,design,ENG,5678,
340,ng,FIL,5679,
340,chrome,ENG,5680,
340,cast,ENG,5681,
340,simple,ENG,5682,
340,at,FIL,5683,
340,versatile,ENG,5684,
340,kasi,FIL,5685,
340,madaling,FIL,5686,
340,isaksak,FIL,5687,
340,di,FIL,5688,
340,na,FIL,5689,
340,kaylangan,FIL,5690,
340,ng,FIL,5691,
340,dongle,ENG,5692,
340,madali,FIL,5693,
340,ang,FIL,5694,
340,set,ENG,5695,
340,up,ENG,5696,
340,Ang,FIL,5697,
340,galing,FIL,5698,
340,nung,FIL,5699,
340,voice,ENG,5700,
340,command,ENG,5701,
340,napapadali,FIL,5702,
340,ang,FIL,5703,
340,pagsearch,FIL,5704,
340,Dami,FIL,5705,
340,nyang,FIL,5706,
340,napoprovide,FIL,5707,
340,na,FIL,5708,
340,apps,ENG,5709,
340,na,FIL,5710,
340,pwede,FIL,5711,
340,gamitin,FIL,5712,
340,kagaya,FIL,5713,
340,ng,FIL,5714,
340,disney+,ENG,5715,NE
340,hbo,ENG,5716,"ABB,NE"
340,netflix,ENG,5717,NE
340,at,FIL,5718,
340,di,FIL,5719,
340,lanh,FIL,5720,
340,yan,FIL,5721,
340,kahit,FIL,5722,
340,ang,FIL,5723,
340,simpleng,FIL,5724,
340,monitor,ENG,5725,
340,pwedeng,FIL,5726,
340,gawing,FIL,5727,
340,smart,ENG,5728,
340,tv,ENG,5729,ABB
340,Ganda,FIL,5730,
340,rin,FIL,5731,
340,ng,FIL,5732,
340,saksakan,FIL,5733,
340,ng,FIL,5734,
340,usb,ENG,5735,ABB
340,type,ENG,5736,
340,c,ENG,5737,
340,na,FIL,5738,
340,pwedeng,FIL,5739,
340,saksakan,FIL,5740,
340,ng,FIL,5741,
340,madaming,FIL,5742,
340,cable,ENG,5743,
341,Kanya-kanya,FIL,5744,
341,silang,FIL,5745,
341,eksena,FIL,5746,
341,sa,FIL,5747,
341,Instagram,ENG,5748,NE
341,",",SYM,5749,
341,na,FIL,5750,
341,kinaaaliwan,FIL,5751,
341,ng,FIL,5752,
341,mga,FIL,5753,
341,netizen,ENG,5754,
341,ngayon,FIL,5755,
341,.,SYM,5756,
342,lagi,FIL,5757,
342,nalang,FIL,5758,
342,ako,FIL,5759,
342,late,ENG,5760,
342,nagpapasa,FIL,5761,
343,Yung,FIL,5762,
343,mga,FIL,5763,
343,natatakot,FIL,5764,
343,pumunta,FIL,5765,
343,sa,FIL,5766,
343,ospital,FIL,5767,
343,",",SYM,5768,
343,ngayon,FIL,5769,
343,ay,FIL,5770,
343,pwede,FIL,5771,
343,na,FIL,5772,
343,kayong,FIL,5773,
343,personal,ENG,5774,
343,na,FIL,5775,
343,magpa-check,UNK,5776,
343,up,ENG,5777,
343,.,SYM,5778,
344,Lage,FIL,5779,
344,klng,FIL,5780,
344,din,FIL,5781,
344,maniwala,FIL,5782,
344,sa,FIL,5783,
344,Panginoon,FIL,5784,NE
344,at,FIL,5785,
344,dumulog,FIL,5786,
344,skanya,FIL,5787,
344,",",SYM,5788,
344,so,ENG,5789,
344,ayun,FIL,5790,
344,na,FIL,5791,
344,nga,FIL,5792,
344,a,ENG,5793,
344,year,ENG,5794,
344,after,ENG,5795,
344,I,ENG,5796,
344,watch,ENG,5797,
344,this,ENG,5798,
344,song,ENG,5799,
344,",",SYM,5800,
344,engaged,ENG,5801,
344,na,FIL,5802,
344,kame,FIL,5803,
344,ngayon,FIL,5804,
344,2021,NUM,5805,
344,at,FIL,5806,
344,napakasarap,FIL,5807,
344,sa,FIL,5808,
344,pakiramdam,FIL,5809,
344,worth,ENG,5810,
344,it,ENG,5811,
344,ang,FIL,5812,
344,lahat,FIL,5813,
344,ng,FIL,5814,
344,pagtitiis,FIL,5815,
345,Akala,FIL,5816,
345,ko,FIL,5817,
345,kanina,FIL,5818,
345,"""",SYM,5819,
345,private,ENG,5820,
345,video,ENG,5821,
345,"""",SYM,5822,
345,yun,FIL,5823,
345,ksi,FIL,5824,ABB
345,ang,FIL,5825,
345,lumabas,FIL,5826,
345,pag,FIL,5827,
345,pindot,FIL,5828,
345,ko,FIL,5829,
345,ng,FIL,5830,
345,notification,ENG,5831,
345,akala,FIL,5832,
345,ko,FIL,5833,
345,di,FIL,5834,
345,pwede,FIL,5835,
345,panoorin,FIL,5836,
345,excited,ENG,5837,
345,sa,FIL,5838,
345,kalbaryo,FIL,5839,
345,ni,FIL,5840,
345,kuya,FIL,5841,
345,Cong,UNK,5842,NE
346,Mukhang,FIL,5843,
346,di,FIL,5844,
346,nga,FIL,5845,
346,napagod,FIL,5846,
346,ang,FIL,5847,
346,mommy,ENG,5848,
346,ko,FIL,5849,
346,.,SYM,5850,
348,Lagi,FIL,5851,
348,ko,FIL,5852,
348,naririnig,FIL,5853,
348,pangalan,FIL,5854,
348,niya,FIL,5855,
348,sa,FIL,5856,
348,city,ENG,5857,
348,hall,ENG,5858,
348,ng,FIL,5859,
348,meycauayan,FIL,5860,NE
348,sa,FIL,5861,
348,dswd,FIL,5862,ABB
348,and,ENG,5863,
348,nagpunta,FIL,5864,
348,na,FIL,5865,
348,rin,FIL,5866,
348,sya,FIL,5867,
348,dito,FIL,5868,
348,sa,FIL,5869,
348,elementary,ENG,5870,
348,to,ENG,5871,
348,give,ENG,5872,
348,donations,ENG,5873,
348,.,SYM,5874,
349,omg,UNK,5875,EXPR
349,oras,FIL,5876,
349,na,FIL,5877,
349,ba,FIL,5878,
349,para,FIL,5879,
349,mapakinggan,FIL,5880,
349,ko,FIL,5881,
349,ang,FIL,5882,
349,wayv,UNK,5883,NE
350,atras-abante,FIL,5884,
350,",",SYM,5885,
350,urong-sulong,FIL,5886,
350,",",SYM,5887,
350,kapakanan,FIL,5888,
350,ng,FIL,5889,
350,mga,FIL,5890,
350,tao,FIL,5891,
350,pinaglalaruan,FIL,5892,
350,ninyo,FIL,5893,
350,.,SYM,5894,
351,Ang,FIL,5895,
351,sexy,ENG,5896,
351,pala,FIL,5897,
351,talaga,FIL,5898,
351,ni,FIL,5899,
351,hahaha,UNK,5900,EXPR
351,luh,UNK,5901,EXPR
351,",",SYM,5902,
351,baka,FIL,5903,
351,magalit,FIL,5904,
351,si,FIL,5905,
352,Kung,FIL,5906,
352,may,FIL,5907,
352,balak,FIL,5908,
352,kang,FIL,5909,
352,mang,FIL,5910,
352,manyak,FIL,5911,
352,wag,FIL,5912,
352,mo,FIL,5913,
352,ng,FIL,5914,
352,itulog,FIL,5915,
352,.,SYM,5916,
353,Pakinggan,FIL,5917,
353,Ako,FIL,5918,
353,",",SYM,5919,
353,kayong,FIL,5920,
353,mga,FIL,5921,
353,tao,FIL,5922,
353,!,SYM,5923,
355,Demograpiya,FIL,5924,NE
355,Ayon,FIL,5925,
355,sa,FIL,5926,
355,pinakabagong,FIL,5927,
355,opisyal,FIL,5928,
355,na,FIL,5929,
355,tantiya,FIL,5930,
355,",",SYM,5931,
355,nai-ulat,FIL,5932,
355,na,FIL,5933,
355,ang,FIL,5934,
355,populasyon,FIL,5935,
355,ay,FIL,5936,
355,nasa,FIL,5937,
355,milyon,FIL,5938,
355,",",SYM,5939,
355,at,FIL,5940,
355,ang,FIL,5941,
355,Mehiko,FIL,5942,NE
355,ang,FIL,5943,
355,naging,FIL,5944,
355,pinakamataong,FIL,5945,
355,bansa,FIL,5946,
355,na,FIL,5947,
355,nagsasalita,FIL,5948,
355,ng,FIL,5949,
355,sa,FIL,5950,
355,buong,FIL,5951,
355,mundo,FIL,5952,
355,.,SYM,5953,
356,Arestado,FIL,5954,
356,ang,FIL,5955,
356,isang,FIL,5956,
356,28-anyos,UNK,5957,
356,na,FIL,5958,
356,obrero,FIL,5959,
356,sa,FIL,5960,
356,Bacoor,UNK,5961,NE
356,City,ENG,5962,NE
356,",",SYM,5963,
356,Cavite,UNK,5964,NE
356,nitong,FIL,5965,
356,Miyerkoles,FIL,5966,NE
356,ng,FIL,5967,
356,hapon,FIL,5968,
356,nang,FIL,5969,
356,maaktuhang,FIL,5970,
356,tangay,FIL,5971,
356,ang,FIL,5972,
356,isang,FIL,5973,
356,cast,ENG,5974,
356,iron,ENG,5975,
356,manhole,ENG,5976,
356,para,FIL,5977,
356,sa,FIL,5978,
356,Cavite,UNK,5979,NE
356,Expressway,ENG,5980,NE
356,(,SYM,5981,
356,CAVITEX,ENG,5982,"ABB,NE"
356,),SYM,5983,
356,.,SYM,5984,
357,Tara,FIL,5985,
357,at,FIL,5986,
357,magtrabaho,FIL,5987,
357,tayo,FIL,5988,
357,ng,FIL,5989,
357,sabay,FIL,5990,
357,.,SYM,5991,
358,Nami,UNK,5992,NE
358,e,FIL,5993,
358,crop,ENG,5994,
358,para,FIL,5995,
358,ind,FIL,5996,ABB
358,ko,FIL,5997,
358,makita,FIL,5998,
358,ang,FIL,5999,
358,face,ENG,6000,
358,niya,FIL,6001,
358,",",SYM,6002,
358,pahibi,FIL,6003,
358,hibi,FIL,6004,
358,pa,FIL,6005,
358,siya,FIL,6006,
359,Potik,FIL,6007,
359,kong,FIL,6008,
359,ako,FIL,6009,
359,yan,FIL,6010,
359,baka,FIL,6011,
359,pati,FIL,6012,
359,kidney,ENG,6013,
359,ko,FIL,6014,
359,nanginig,FIL,6015,
359,sa,FIL,6016,
359,subrang,FIL,6017,
359,tagal,FIL,6018,
359,ng,FIL,6019,
359,laban,FIL,6020,
359,.,SYM,6021,
360,Is,ENG,6022,
360,there,ENG,6023,
360,a,ENG,6024,
360,way,ENG,6025,
360,para,FIL,6026,
360,matanggal,FIL,6027,
360,ang,FIL,6028,
360,watermark,ENG,6029,
360,sa,FIL,6030,
360,camera,ENG,6031,
360,?,SYM,6032,
361,Nakakairita,FIL,6033,
361,yung,FIL,6034,
361,mga,FIL,6035,
361,ganito,FIL,6036,
361,.,SYM,6037,
362,Ayaw,FIL,6038,
362,ko,FIL,6039,
362,ng,FIL,6040,
362,addict,ENG,6041,
362,na,FIL,6042,
362,Kandidato,FIL,6043,
362,Delikado,FIL,6044,
362,ang,FIL,6045,
362,bansang,FIL,6046,
362,pilipinas,FIL,6047,NE
362,Baka,FIL,6048,
362,lalong,FIL,6049,
362,dadami,FIL,6050,
362,ang,FIL,6051,
362,druglords,ENG,6052,
362,sa,FIL,6053,
362,bansa,FIL,6054,
362,I,ENG,6055,
362,viote,UNK,6056,
362,Go,UNK,6057,NE
363,idk,ENG,6058,ABB
363,pero,FIL,6059,
363,ang,FIL,6060,
363,weird,ENG,6061,
363,ng,FIL,6062,
363,nabili,FIL,6063,
363,kong,FIL,6064,
363,contacts,ENG,6065,
363,from,ENG,6066,
363,shopee,UNK,6067,NE
363,parang,FIL,6068,
363,ang,FIL,6069,
363,lambot,FIL,6070,
363,na,FIL,6071,
363,ewan,FIL,6072,
363,nanibago,FIL,6073,
363,me,ENG,6074,
364,May,FIL,6075,
364,nagsasabi,FIL,6076,
364,na,FIL,6077,
364,open,ENG,6078,
364,daw,FIL,6079,
364,today,ENG,6080,
364,sa,FIL,6081,
364,mga,FIL,6082,
364,malls,ENG,6083,
364,dito,FIL,6084,
364,sa,FIL,6085,
364,NCR,ENG,6086,"ABB,NE"
364,but,ENG,6087,
364,sa,FIL,6088,
364,schedule,ENG,6089,
364,sa,FIL,6090,
364,online,ENG,6091,
364,eh,FIL,6092,
364,Oct,ENG,6093,"ABB,NE"
364,.,SYM,6094,
364,30,NUM,6095,
364,lang,FIL,6096,
364,.,SYM,6097,
365,nag-aantay,FIL,6098,
365,palang,FIL,6099,
365,ng,FIL,6100,
365,jeep,ENG,6101,
365,nag-iisip,FIL,6102,
365,na,FIL,6103,
365,ng,FIL,6104,
365,idadahilan,FIL,6105,
366,Mahigit,FIL,6106,
366,20,NUM,6107,
366,",",SYM,6108,
366,000,NUM,6109,
366,bagong,FIL,6110,
366,COVID-19,ENG,6111,"ABB,NE"
366,cases,ENG,6112,
366,ang,FIL,6113,
366,maaaring,FIL,6114,
366,maitala,FIL,6115,
366,kapag,FIL,6116,
366,lalo,FIL,6117,
366,pang,FIL,6118,
366,kumalat,FIL,6119,
366,ang,FIL,6120,
366,Delta,ENG,6121,NE
366,variant,ENG,6122,
366,sa,FIL,6123,
366,bansa,FIL,6124,
366,.,SYM,6125,
369,Bumalik,FIL,6126,
369,sa,FIL,6127,
369,dati,FIL,6128,
369,ang,FIL,6129,
369,pigura,FIL,6130,
369,ni,FIL,6131,
369,Pauleen,UNK,6132,NE
369,",",SYM,6133,
369,na,FIL,6134,
369,kitang-kita,FIL,6135,
369,sa,FIL,6136,
369,two-piece,ENG,6137,
369,string,ENG,6138,
369,bikini,ENG,6139,
369,niya,FIL,6140,
369,.,SYM,6141,
370,Sobrang,FIL,6142,
370,nakakadiri,FIL,6143,
370,ang,FIL,6144,
370,sitwasyon,FIL,6145,
370,hanggang,FIL,6146,
370,sa,FIL,6147,
370,napagod,FIL,6148,
370,na,FIL,6149,
370,lang,FIL,6150,
370,ako,FIL,6151,
370,at,FIL,6152,
370,unti-unting,FIL,6153,
370,natabunan,FIL,6154,
370,ng,FIL,6155,
370,maraming,FIL,6156,
370,centipede,ENG,6157,
370,.,SYM,6158,
371,Matagal,FIL,6159,
371,na,FIL,6160,
371,napahinga,FIL,6161,
371,sa,FIL,6162,
371,pag-arte,FIL,6163,
371,ang,FIL,6164,
371,90s,UNK,6165,
371,sexy,ENG,6166,
371,actress,ENG,6167,
371,nang,FIL,6168,
371,mag-asawa,FIL,6169,
371,at,FIL,6170,
371,pumasok,FIL,6171,
371,sa,FIL,6172,
371,politika,FIL,6173,
371,.,SYM,6174,
372,Iminungkahi,FIL,6175,
372,din,FIL,6176,
372,niya,FIL,6177,
372,na,FIL,6178,
372,bigyan,FIL,6179,
372,ang,FIL,6180,
372,mga,FIL,6181,
372,mag-aaral,FIL,6182,
372,ng,FIL,6183,
372,mga,FIL,6184,
372,certificate,ENG,6185,
372,of,ENG,6186,
372,completion,ENG,6187,
372,sa,FIL,6188,
372,halip,FIL,6189,
372,na,FIL,6190,
372,mga,FIL,6191,
372,marka,FIL,6192,
372,.,SYM,6193,
373,Ang,FIL,6194,
373,baba,FIL,6195,
373,talaga,FIL,6196,
373,pag,FIL,6197,
373,benenta,FIL,6198,
373,mo,FIL,6199,
373,yang,FIL,6200,
373,palay,FIL,6201,
373,",",SYM,6202,
373,kaya,FIL,6203,
373,mas,FIL,6204,
373,okay,ENG,6205,
373,na,FIL,6206,
373,yong,FIL,6207,
373,mag,FIL,6208,
373,tanim,FIL,6209,
373,ka,FIL,6210,
373,ng,FIL,6211,
373,palay,FIL,6212,
373,at,FIL,6213,
373,mag,FIL,6214,
373,tinda,FIL,6215,
373,kanalang,FIL,6216,
373,ng,FIL,6217,
373,bigas,FIL,6218,
373,mas,FIL,6219,
373,malaki,FIL,6220,
373,pa,FIL,6221,
373,puhunan,FIL,6222,
373,Pwede,FIL,6223,
373,naman,FIL,6224,
373,kasi,FIL,6225,
373,mag,FIL,6226,
373,balsa,FIL,6227,
373,kong,FIL,6228,
373,maagos,FIL,6229,
373,ang,FIL,6230,
373,tubig,FIL,6231,
373,di,FIL,6232,
373,sa,FIL,6233,
373,itaas,FIL,6234,
373,ka,FIL,6235,
373,mag,FIL,6236,
373,umpisa,FIL,6237,
373,para,FIL,6238,
373,saktong,FIL,6239,
373,masag,FIL,6240,
373,sag,FIL,6241,
373,ka,FIL,6242,
373,sa,FIL,6243,
373,pinag,FIL,6244,
373,babaan,FIL,6245,
373,nila,FIL,6246,
373,ngayon,FIL,6247,
374,*,SYM,6248,
374,/,SYM,6249,
374,kumain,FIL,6250,
374,ng,FIL,6251,
374,bato,FIL,6252,
375,Ang,FIL,6253,
375,Diyos,FIL,6254,NE
375,ay,FIL,6255,
375,isang,FIL,6256,
375,Diyos,FIL,6257,NE
375,na,FIL,6258,
375,hindi,FIL,6259,
375,nagpapahintulot,FIL,6260,
375,sa,FIL,6261,
375,mga,FIL,6262,
375,tao,FIL,6263,
375,na,FIL,6264,
375,saktan,FIL,6265,
375,Siya,FIL,6266,
375,(,SYM,6267,
375,Isang,FIL,6268,NE
375,Babala,FIL,6269,NE
375,sa,FIL,6270,NE
375,mga,FIL,6271,NE
375,Hindi,FIL,6272,NE
375,Nagsasagawa,FIL,6273,NE
375,ng,FIL,6274,NE
375,Katotohanan,FIL,6275,NE
375,sa,FIL,6276,NE
375,Ang,FIL,6277,NE
375,Salita,FIL,6278,NE
375,ay,FIL,6279,NE
375,Nagpapakita,FIL,6280,NE
375,sa,FIL,6281,NE
375,Katawang-tao,FIL,6282,NE
375,),SYM,6283,
375,.,SYM,6284,
376,Ayon,FIL,6285,
376,sa,FIL,6286,
376,LRT-2,ENG,6287,"ABB,NE"
376,management,ENG,6288,
376,",",SYM,6289,
376,may,FIL,6290,
376,libreng,FIL,6291,
376,sakay,FIL,6292,
376,mula,FIL,6293,
376,7,NUM,6294,
376,AM,ENG,6295,ABB
376,hanggang,FIL,6296,
376,9,NUM,6297,
376,AM,ENG,6298,ABB
376,",",SYM,6299,
376,at,FIL,6300,
376,sa,FIL,6301,
376,hapon,FIL,6302,
376,mula,FIL,6303,
376,5,NUM,6304,
376,PM,ENG,6305,ABB
376,hanggang,FIL,6306,
376,7,NUM,6307,
376,PM,ENG,6308,ABB
376,Samantala,FIL,6309,
376,",",SYM,6310,
376,nag-abiso,FIL,6311,
376,na,FIL,6312,
376,rin,FIL,6313,
376,ang,FIL,6314,
376,pamunuan,FIL,6315,
376,ng,FIL,6316,
376,LRT-2,ENG,6317,"ABB,NE"
376,na,FIL,6318,
376,simula,FIL,6319,
376,Sabado,FIL,6320,NE
376,hanggang,FIL,6321,
376,Hunyo,FIL,6322,NE
376,22,NUM,6323,
376,ay,FIL,6324,
376,magbabawas,FIL,6325,
376,sila,FIL,6326,
376,ng,FIL,6327,
376,biyahe,FIL,6328,
376,sa,FIL,6329,
376,ilang,FIL,6330,
376,mga,FIL,6331,
376,istasyon,FIL,6332,
376,bilang,FIL,6333,
376,paghahanda,FIL,6334,
376,sa,FIL,6335,
376,pagbubukas,FIL,6336,
376,ng,FIL,6337,
376,Marikina,UNK,6338,NE
376,at,FIL,6339,
376,Antipolo,UNK,6340,NE
376,stations,ENG,6341,
376,.,SYM,6342,
377,para,FIL,6343,
377,kaming,FIL,6344,
377,baliw,FIL,6345,
377,ng,FIL,6346,
377,misis,FIL,6347,
377,ko,FIL,6348,
377,",",SYM,6349,
377,nakangiti,FIL,6350,
377,lang,FIL,6351,
377,buong,FIL,6352,
377,vid,ENG,6353,ABB
377,hahaha,UNK,6354,EXPR
377,labyu,FIL,6355,
377,yooh,UNK,6356,EXPR
378,'Done',ENG,6357,
378,Ganda,FIL,6358,
378,ng,FIL,6359,
378,phone,ENG,6360,
378,tas,FIL,6361,
378,ang,FIL,6362,
378,lakas,FIL,6363,
378,ng,FIL,6364,
378,net,ENG,6365,
378,ng,FIL,6366,
378,smart,ENG,6367,NE
378,ngayun,FIL,6368,
378,noon,FIL,6369,
378,kalit,UNK,6370,
378,ako,FIL,6371,
378,sa,FIL,6372,
378,globe,ENG,6373,NE
378,ang,FIL,6374,
378,bagal,FIL,6375,
378,ng,FIL,6376,
378,net,ENG,6377,
378,tas,FIL,6378,
378,sakto,FIL,6379,
378,naman,FIL,6380,
378,ang,FIL,6381,
378,bayad,FIL,6382,
378,nakarelate,FIL,6383,
378,talaga,FIL,6384,
378,ako,FIL,6385,
378,sa,FIL,6386,
378,mga,FIL,6387,
378,laggers,ENG,6388,
378,dyan,FIL,6389,
378,hahahha,UNK,6390,EXPR
378,sana,FIL,6391,
378,po,FIL,6392,
378,palarin,FIL,6393,
378,kuya,FIL,6394,
378,Vince,UNK,6395,NE
378,oppo,ENG,6396,NE
378,a37,UNK,6397,NE
378,lang,FIL,6398,
378,kasi,FIL,6399,
378,phone,ENG,6400,
378,ko,FIL,6401,
378,hindi,FIL,6402,
378,ko,FIL,6403,
378,alam,FIL,6404,
378,3g,ENG,6405,ABB
378,bato,FIL,6406,
378,lab,ENG,6407,
378,u,ENG,6408,
378,po,FIL,6409,
379,Gusto,FIL,6410,
379,Niya,FIL,6411,
379,nakagawa,FIL,6412,
379,ka,FIL,6413,
379,pa,FIL,6414,
379,ng,FIL,6415,
379,mabuti,FIL,6416,
379,.,SYM,6417,
379,"""",SYM,6418,
379,,SYM,6419,
380,Hanggang,FIL,6420,
380,sa,FIL,6421,
380,maayos,FIL,6422,
380,na,FIL,6423,
380,nila,FIL,6424,
380,ang,FIL,6425,
380,kontrata,FIL,6426,
380,at,FIL,6427,
380,in-scheduled,FIL,6428,
380,na,FIL,6429,
380,rin,FIL,6430,
380,ang,FIL,6431,
380,implant,ENG,6432,
380,procedure,ENG,6433,
380,nitong,FIL,6434,
380,October,ENG,6435,NE
380,.,SYM,6436,
381,Humihingi,FIL,6437,
381,naman,FIL,6438,
381,ng,FIL,6439,
381,paumanhin,FIL,6440,
381,si,FIL,6441,
381,Eleazar,UNK,6442,NE
381,sa,FIL,6443,
381,mga,FIL,6444,
381,apektado,FIL,6445,
381,ng,FIL,6446,
381,traffic,ENG,6447,
381,re-routing,ENG,6448,
381,para,FIL,6449,
381,sa,FIL,6450,
381,huling,FIL,6451,
381,SONA,FIL,6452,"ABB,NE"
381,ni,FIL,6453,
381,Duterte,UNK,6454,NE
381,.,SYM,6455,
382,Kapag,FIL,6456,
382,ang,FIL,6457,
382,isang,FIL,6458,
382,tuloy-tuloy,FIL,6459,
382,na,FIL,6460,
382,spectrum,ENG,6461,
382,ng,FIL,6462,
382,enerhiya,FIL,6463,
382,ay,FIL,6464,
382,pumasa,FIL,6465,
382,sa,FIL,6466,
382,pamamagitan,FIL,6467,
382,ng,FIL,6468,
382,isang,FIL,6469,
382,gas,ENG,6470,
382,o,FIL,6471,
382,",",SYM,6472,
382,ang,FIL,6473,
382,ilang,FIL,6474,
382,mga,FIL,6475,
382,ng,FIL,6476,
382,mga,FIL,6477,
382,photons,ENG,6478,
382,ay,FIL,6479,
382,buyo,FIL,6480,
382,sa,FIL,6481,
382,pamamagitan,FIL,6482,
382,ng,FIL,6483,
382,mga,FIL,6484,
382,atoms,ENG,6485,
382,",",SYM,6486,
382,na,FIL,6487,
382,nagiging,FIL,6488,
382,sanhi,FIL,6489,
382,ng,FIL,6490,
382,mga,FIL,6491,
382,electron,ENG,6492,
382,upang,FIL,6493,
382,baguhin,FIL,6494,
382,ang,FIL,6495,
382,kanilang,FIL,6496,
382,mga,FIL,6497,
382,antas,FIL,6498,
382,ng,FIL,6499,
382,enerhiya,FIL,6500,
382,.,SYM,6501,
383,Pagkatapos,FIL,6502,
383,ay,FIL,6503,
383,mayroon,FIL,6504,
383,ng,FIL,6505,
383,isang,FIL,6506,
383,daloy,FIL,6507,
383,ng,FIL,6508,
383,ibat,FIL,6509,
383,ibang,FIL,6510,
383,heograpikal,FIL,6511,
383,na,FIL,6512,
383,mga,FIL,6513,
383,kapaligiran,FIL,6514,
383,",",SYM,6515,
383,na,FIL,6516,
383,makakaapekto,FIL,6517,
383,rin,FIL,6518,
383,sa,FIL,6519,
383,tunog,FIL,6520,
383,.,SYM,6521,
384,Ibalik,FIL,6522,
384,ang,FIL,6523,
384,ninakaw,FIL,6524,
384,hindi,FIL,6525,
384,ang,FIL,6526,
384,nagnakaw,FIL,6527,
384,!,SYM,6528,
385,Wala,FIL,6529,
385,na,FIL,6530,
385,po,FIL,6531,
385,tayong,FIL,6532,
385,amihan,FIL,6533,
385,na,FIL,6534,
385,nakakaapekto,FIL,6535,
385,sa,FIL,6536,
385,ating,FIL,6537,
385,bansa,FIL,6538,
385,.,SYM,6539,
386,Halos,FIL,6540,
386,gumulong,FIL,6541,
386,naman,FIL,6542,
386,sa,FIL,6543,
386,pagkaloka,FIL,6544,
386,si,FIL,6545,
386,Mark,UNK,6546,NE
386,nang,FIL,6547,
386,malamang,FIL,6548,
386,hindi,FIL,6549,
386,totoo,FIL,6550,
386,ang,FIL,6551,
386,kuwento,FIL,6552,
386,.,SYM,6553,
388,Ikalawang,FIL,6554,
388,aklat,FIL,6555,
388,ang,FIL,6556,
388,nobela,FIL,6557,
388,sa,FIL,6558,
388,isang,FIL,6559,
388,trilohiya,FIL,6560,
388,ni,FIL,6561,
388,Brown,UNK,6562,NE
388,",",SYM,6563,
388,na,FIL,6564,
388,si,FIL,6565,
388,Robert,UNK,6566,NE
388,Langdon,UNK,6567,NE
388,ang,FIL,6568,
388,pangunahing,FIL,6569,
388,karakter,FIL,6570,
388,.,SYM,6571,
389,Please,ENG,6572,
389,pass,ENG,6573,
389,sa,FIL,6574,
389,mga,FIL,6575,
389,susubok,FIL,6576,
389,or,ENG,6577,
389,may,FIL,6578,
389,balak,FIL,6579,
389,.,SYM,6580,
390,Ngayon,FIL,6581,
390,ko,FIL,6582,
390,ulit,FIL,6583,
390,pinanood,FIL,6584,
390,kasi,FIL,6585,
390,magluto,FIL,6586,
390,ako,FIL,6587,
390,.,SYM,6588,
391,Ang,FIL,6589,
391,mga,FIL,6590,
391,salarin,FIL,6591,
391,",",SYM,6592,
391,pawang,FIL,6593,
391,sakay,FIL,6594,
391,ng,FIL,6595,
391,motorsiklo,FIL,6596,
391,.,SYM,6597,
392,Sana,FIL,6598,
392,mapull,FIL,6599,
392,namin,FIL,6600,
392,mga,FIL,6601,
392,gusto,FIL,6602,
392,niyo,FIL,6603,
394,May,FIL,6604,
394,mali,FIL,6605,
394,Ang,FIL,6606,
394,nanay,FIL,6607,
394,Kase,FIL,6608,
394,ngayon,FIL,6609,
394,pa,FIL,6610,
394,nagsumbong,FIL,6611,
395,Mukhang,FIL,6612,
395,hindi,FIL,6613,
395,makuha,FIL,6614,
395,ni,FIL,6615,
395,Karen,UNK,6616,NE
395,ang,FIL,6617,
395,gusto,FIL,6618,
395,n'ya,FIL,6619,
395,kay,FIL,6620,
395,chiz,UNK,6621,NE
395,",",SYM,6622,
395,gaya,FIL,6623,
395,ng,FIL,6624,
395,kay,FIL,6625,
395,manny,UNK,6626,NE
395,hahaha,UNK,6627,EXPR
396,parang,FIL,6628,
396,ang,FIL,6629,
396,layo,FIL,6630,
396,naman,FIL,6631,
396,ata,FIL,6632,
396,hahahaha,UNK,6633,EXPR
397,Kung,FIL,6634,
397,ako,FIL,6635,
397,kay,FIL,6636,
397,ate,FIL,6637,
397,girl,ENG,6638,
397,magpost,FIL,6639,
397,pa,FIL,6640,
397,lalo,FIL,6641,
397,ng,FIL,6642,
397,mga,FIL,6643,
397,pro-BBM,UNK,6644,
397,post,ENG,6645,
398,Gusto,FIL,6646,
398,ko,FIL,6647,
398,na,FIL,6648,
398,talaga,FIL,6649,
398,matulog,FIL,6650,
398,ng,FIL,6651,
398,700,NUM,6652,
398,hours,ENG,6653,
399,Inilahad,FIL,6654,
399,ng,FIL,6655,
399,ilang,FIL,6656,
399,kababaihang,FIL,6657,
399,nasagip,FIL,6658,
399,na,FIL,6659,
399,P600-P1,NUM,6660,
399,",",SYM,6661,
399,000,NUM,6662,
399,lang,FIL,6663,
399,ang,FIL,6664,
399,binabayad,FIL,6665,
399,sa,FIL,6666,
399,kanila,FIL,6667,
399,sa,FIL,6668,
399,isang,FIL,6669,
399,karaniwang,FIL,6670,
399,gabi,FIL,6671,
399,.,SYM,6672,
400,Sa,FIL,6673,
400,ngayon,FIL,6674,
400,",",SYM,6675,
400,nakapagtala,FIL,6676,
400,ang,FIL,6677,
400,Pilipinas,FIL,6678,NE
400,ng,FIL,6679,
400,nasa,FIL,6680,
400,4,NUM,6681,
400,",",SYM,6682,
400,000,NUM,6683,
400,COVID-19,ENG,6684,"ABB,NE"
400,cases,ENG,6685,
400,per,ENG,6686,
400,day,ENG,6687,
400,sa,FIL,6688,
400,makalipas,FIL,6689,
400,na,FIL,6690,
400,ilang,FIL,6691,
400,linggo,FIL,6692,
400,.,SYM,6693,
401,ang,FIL,6694,
401,gaan,FIL,6695,
401,ng,FIL,6696,
401,loob,FIL,6697,
401,ko,FIL,6698,
401,na,FIL,6699,
401,kahit,FIL,6700,
401,sa,FIL,6701,
401,anong,FIL,6702,
401,sitwasyon,FIL,6703,
401,mas,FIL,6704,
401,napipili,FIL,6705,
401,namin,FIL,6706,
401,mag,FIL,6707,
401,stay,ENG,6708,
401,sa,FIL,6709,
401,isat,FIL,6710,
401,isa,FIL,6711,
403,Walang,FIL,6712,
403,pics,ENG,6713,
403,na,FIL,6714,
403,magkasama,FIL,6715,
403,.,SYM,6716,
404,Takot,FIL,6717,
404,na,FIL,6718,
404,ang,FIL,6719,
404,mga,FIL,6720,
404,dilawan,FIL,6721,
404,Kay,FIL,6722,
404,bbm,UNK,6723,"ABB,NE"
405,Aasa,FIL,6724,
405,na,FIL,6725,
405,naman,FIL,6726,
405,ba,FIL,6727,
405,uli,FIL,6728,
405,tayo,FIL,6729,
405,sa,FIL,6730,
405,susunod,FIL,6731,
405,na,FIL,6732,
405,herenasyon,FIL,6733,
405,?,SYM,6734,
406,Ang,FIL,6735,
406,nais,FIL,6736,
406,ko,FIL,6737,
406,sana,FIL,6738,
406,ay,FIL,6739,
406,makipag,FIL,6740,
406,kita,FIL,6741,
406,sa,FIL,6742,
406,aking,FIL,6743,
406,personally,ENG,6744,
406,.,SYM,6745,
408,Ang,FIL,6746,
408,nematode,ENG,6747,
408,ay,FIL,6748,
408,isang,FIL,6749,
408,uri,FIL,6750,
408,umano,FIL,6751,
408,ng,FIL,6752,
408,parasitic,ENG,6753,
408,worm,ENG,6754,
408,.,SYM,6755,
409,Parang,FIL,6756,
409,nagmamakaawa,FIL,6757,
409,na,FIL,6758,
409,kayo,FIL,6759,
409,sa,FIL,6760,
409,taong,FIL,6761,
409,hindi,FIL,6762,
409,nman,FIL,6763,
409,mananalo,FIL,6764,
409,.,SYM,6765,
412,Ginawang,FIL,6766,
412,hobby,ENG,6767,
412,ni,FIL,6768,
412,Jungwon,UNK,6769,NE
412,ang,FIL,6770,
412,hindi,FIL,6771,
412,pagrorotate,UNK,6772,
412,ng,FIL,6773,
412,picture,ENG,6774,
412,bago,FIL,6775,
412,i-post,UNK,6776,
413,Nakakaumay,FIL,6777,
413,nakakapanghina,FIL,6778,
413,gumising,FIL,6779,
413,/,SYM,6780,
413,matulog,FIL,6781,
413,ng,FIL,6782,
413,ganto,FIL,6783,
413,awit,FIL,6784,
415,sa,FIL,6785,
415,specs,ENG,6786,ABB
415,palang,FIL,6787,
415,at,FIL,6788,
415,design,ENG,6789,
415,sulit,FIL,6790,
415,na,FIL,6791,
415,sulit,FIL,6792,
415,na,FIL,6793,
415,yan,FIL,6794,
415,sa,FIL,6795,
415,presyo,FIL,6796,
415,",",SYM,6797,
415,wala,FIL,6798,
415,na,FIL,6799,
415,kong,FIL,6800,
415,masasabi,FIL,6801,
415,sa,FIL,6802,
415,phone,ENG,6803,
415,nayan,FIL,6804,
416,Alam,FIL,6805,
416,kong,FIL,6806,
416,parehas,FIL,6807,
416,tayong,FIL,6808,
416,nagkamali,FIL,6809,
416,sa,FIL,6810,
416,isa't,FIL,6811,
416,isa,FIL,6812,
416,.,SYM,6813,
417,Ayon,FIL,6814,
417,kay,FIL,6815,
417,Songano,UNK,6816,NE
417,",",SYM,6817,
417,pagdating,FIL,6818,
417,nila,FIL,6819,
417,ng,FIL,6820,
417,lugar,FIL,6821,
417,ay,FIL,6822,
417,hinihila,FIL,6823,
417,na,FIL,6824,
417,ng,FIL,6825,
417,isang,FIL,6826,
417,civilian,ENG,6827,
417,watercraft,ENG,6828,
417,ang,FIL,6829,
417,MB,ENG,6830,ABB
417,Bongarita,UNK,6831,NE
417,subalit,FIL,6832,
417,dahil,FIL,6833,
417,sa,FIL,6834,
417,lakas,FIL,6835,
417,ng,FIL,6836,
417,hangin,FIL,6837,
417,at,FIL,6838,
417,naglalakihang,FIL,6839,
417,alon,FIL,6840,
417,ay,FIL,6841,
417,minabuti,FIL,6842,
417,nang,FIL,6843,
417,ilipat,FIL,6844,
417,ang,FIL,6845,
417,mga,FIL,6846,
417,nasagip,FIL,6847,
417,na,FIL,6848,
417,pasahero,FIL,6849,
417,sa,FIL,6850,
417,MPAC,ENG,6851,ABB
417,para,FIL,6852,
417,sa,FIL,6853,
417,kanilang,FIL,6854,
417,kaligtasan,FIL,6855,
417,.,SYM,6856,
418,Bentang-benta,FIL,6857,
418,nga,FIL,6858,
418,sa,FIL,6859,
418,TikTok,ENG,6860,NE
418,ang,FIL,6861,
418,mga,FIL,6862,
418,paandar,FIL,6863,
418,ni,FIL,6864,
418,Angela,UNK,6865,NE
418,",",SYM,6866,
418,lalo,FIL,6867,
418,na,FIL,6868,
418,ang,FIL,6869,
418,unfinished,ENG,6870,
418,original,ENG,6871,
418,song,ENG,6872,
418,niyang,FIL,6873,
418,Ako,FIL,6874,NE
418,Naman,FIL,6875,NE
418,Muna,FIL,6876,NE
418,",",SYM,6877,
418,na,FIL,6878,
418,release,ENG,6879,
418,na,FIL,6880,
418,ang,FIL,6881,
418,buong,FIL,6882,
418,bersyon,FIL,6883,
418,ngayong,FIL,6884,
418,Biyernes,FIL,6885,NE
418,(,SYM,6886,
418,March,ENG,6887,NE
418,5,NUM,6888,
418,),SYM,6889,
418,.,SYM,6890,
419,Samin,FIL,6891,
419,ka,FIL,6892,
419,na,FIL,6893,
419,lang,FIL,6894,
419,bumili,FIL,6895,
419,ng,FIL,6896,
419,yelo,FIL,6897,
419,Ninong,FIL,6898,
419,Php,FIL,6899,ABB
419,3,NUM,6900,
419,lang,FIL,6901,
419,isa,FIL,6902,
419,hindi,FIL,6903,
419,nagbabago,FIL,6904,
419,HAHAHAHA,UNK,6905,EXPR
421,Aabangan,FIL,6906,
421,ko,FIL,6907,
421,to,FIL,6908,
421,sa,FIL,6909,
421,saturday,ENG,6910,
421,",",SYM,6911,
421,bet,ENG,6912,
421,ko,FIL,6913,
421,itong,FIL,6914,
421,episode,ENG,6915,
421,ng,FIL,6916,
423,Nilaslas,FIL,6917,
423,ng,FIL,6918,
423,isang,FIL,6919,
423,suspek,FIL,6920,
423,ang,FIL,6921,
423,mukha,FIL,6922,
423,ng,FIL,6923,
423,isang,FIL,6924,
423,Pinoy,FIL,6925,NE
423,habang,FIL,6926,
423,lulan,FIL,6927,
423,ng,FIL,6928,
423,train,ENG,6929,
423,sa,FIL,6930,
423,patungong,FIL,6931,
423,Harlem,UNK,6932,NE
423,sa,FIL,6933,
423,New,UNK,6934,NE
423,York,UNK,6935,NE
423,.,SYM,6936,
424,Paano,FIL,6937,
424,naman,FIL,6938,
424,ang,FIL,6939,
424,pagiging,FIL,6940,
424,malaya,FIL,6941,
424,sa,FIL,6942,
424,katusuhan,FIL,6943,
424,?,SYM,6944,
425,Ipinagdiwang,FIL,6945,
425,ng,FIL,6946,
425,mag-asawa,FIL,6947,
425,sa,FIL,6948,
425,isang,FIL,6949,
425,intimate,ENG,6950,
425,dinner,ENG,6951,
425,date,ENG,6952,
425,ang,FIL,6953,
425,kanilang,FIL,6954,
425,first,ENG,6955,
425,month,ENG,6956,
425,as,ENG,6957,
425,a,ENG,6958,
425,couple,ENG,6959,
425,sa,FIL,6960,
425,isang,FIL,6961,
425,restaurant,ENG,6962,
425,sa,FIL,6963,
425,Paranaque,UNK,6964,NE
425,.,SYM,6965,
426,sana,FIL,6966,
426,talaga,FIL,6967,
426,ako,FIL,6968,
426,makakuha,FIL,6969,
426,ng,FIL,6970,
426,kotse,FIL,6971,
426,hahahaha,UNK,6972,EXPR
427,tigilan,FIL,6973,
427,mo,FIL,6974,
427,ako,FIL,6975,
427,",",SYM,6976,
427,wala,FIL,6977,
427,na,FIL,6978,
427,akong,FIL,6979,
427,naintindihan,FIL,6980,
427,kay,FIL,6981,
427,ms,ENG,6982,ABB
427,ganda,FIL,6983,
428,Ang,FIL,6984,
428,ganda,FIL,6985,
428,na,FIL,6986,
428,Ang,FIL,6987,
428,bait,FIL,6988,
428,pa,FIL,6989,
428,talagang,FIL,6990,
428,idol,ENG,6991,
428,ka,FIL,6992,
428,talaga,FIL,6993,
428,ng,FIL,6994,
428,mga,FIL,6995,
428,kababayan,FIL,6996,
428,mo,FIL,6997,
428,miss,ENG,6998,
428,ivana,UNK,6999,NE
428,to,ENG,7000,
428,all,ENG,7001,
428,the,ENG,7002,
428,food,ENG,7003,
428,delivery,ENG,7004,
428,driver,ENG,7005,
428,Ang,FIL,7006,
428,swerte,FIL,7007,
428,niyo,FIL,7008,
428,mga,FIL,7009,
428,tol,FIL,7010,
428,mapapa,FIL,7011,
428,Sana,FIL,7012,
428,all,ENG,7013,
428,ka,FIL,7014,
428,nalang,FIL,7015,
428,talaga,FIL,7016,
428,biruin,FIL,7017,
428,mo,FIL,7018,
428,idol,ENG,7019,
428,mo,FIL,7020,
428,?,SYM,7021,
429,wow,UNK,7022,EXPR
429,mataas,FIL,7023,
429,ang,FIL,7024,
429,confidence,ENG,7025,
429,",",SYM,7026,
429,sana,FIL,7027,
429,yung,FIL,7028,
429,charting,ENG,7029,
429,ng,FIL,7030,
429,twice,UNK,7031,NE
429,den,FIL,7032,
431,garabi,FIL,7033,
431,kayo,FIL,7034,
431,pinaiyak,FIL,7035,
431,ninyo,FIL,7036,
431,ako,FIL,7037,
431,maraming,FIL,7038,
431,salamat,FIL,7039,
431,po,FIL,7040,
431,sa,FIL,7041,
431,iyo,FIL,7042,
434,"""",SYM,7043,
434,Gagawa,FIL,7044,
434,tayo,FIL,7045,
434,ng,FIL,7046,
434,safe,ENG,7047,
434,vaccination,ENG,7048,
434,sites,ENG,7049,
434,kung,FIL,7050,
434,saan,FIL,7051,
434,sisiguraduhin,FIL,7052,
434,natin,FIL,7053,
434,na,FIL,7054,
434,hindi,FIL,7055,
434,tayo,FIL,7056,
434,magkukumpulan,FIL,7057,
434,kapag,FIL,7058,
434,tayo,FIL,7059,
434,ay,FIL,7060,
434,magpapabakuna,FIL,7061,
434,na,FIL,7062,
434,.,SYM,7063,
437,Yakap,FIL,7064,
437,para,FIL,7065,
437,sa,FIL,7066,
437,mga,FIL,7067,
437,INC,ENG,7068,"ABB,NE"
437,and,ENG,7069,
437,MCGI,ENG,7070,"ABB,NE"
437,members,ENG,7071,
437,sa,FIL,7072,
437,sub,ENG,7073,
437,na,FIL,7074,
437,ito,FIL,7075,
437,na,FIL,7076,
437,patuloy,FIL,7077,
437,pa,FIL,7078,
437,ring,FIL,7079,
437,naninindigan,FIL,7080,
437,para,FIL,7081,
437,sa,FIL,7082,
437,tama,FIL,7083,
437,.,SYM,7084,
438,Nasa,FIL,7085,
438,point,ENG,7086,
438,na,FIL,7087,
438,ako,FIL,7088,
438,na,FIL,7089,
438,ayaw,FIL,7090,
438,ko,FIL,7091,
438,na,FIL,7092,
438,mag,FIL,7093,
438,isip,FIL,7094,
438,anong,FIL,7095,
438,mangyayari,FIL,7096,
438,sa,FIL,7097,
438,Bazinga,ENG,7098,NE
438,MV,ENG,7099,ABB
438,kasi,FIL,7100,
438,always,ENG,7101,
438,naman,FIL,7102,
438,susurprisahin,FIL,7103,
438,ako,FIL,7104,
438,ng,FIL,7105,
438,esbi,FIL,7106,ABB
438,for,ENG,7107,
438,sure,ENG,7108,
438,mamaya,FIL,7109,
438,ulit,FIL,7110,
438,SB19,UNK,7111,"ABB,NE"
438,BAZINGA,ENG,7112,NE
438,MAMAYA,FIL,7113,
439,ang,FIL,7114,
439,tumawang,FIL,7115,
439,sabi,FIL,7116,
439,ni,FIL,7117,
439,Julia,UNK,7118,NE
439,habang,FIL,7119,
439,nakatutok,FIL,7120,
439,sa,FIL,7121,
439,kanya,FIL,7122,
439,ang,FIL,7123,
439,kamera,FIL,7124,
439,.,SYM,7125,
440,Ang,FIL,7126,
440,daming,FIL,7127,
440,nakulong,FIL,7128,
440,na,FIL,7129,
440,inosente,FIL,7130,
440,na,FIL,7131,
440,hindi,FIL,7132,
440,nanghingi,FIL,7133,
440,ng,FIL,7134,
440,funds,ENG,7135,
440,sa,FIL,7136,
440,mga,FIL,7137,
440,tao,FIL,7138,
440,.,SYM,7139,
441,Aalis,FIL,7140,
441,ako,FIL,7141,
441,ng,FIL,7142,
441,Pilipinas,FIL,7143,NE
441,ng,FIL,7144,
441,walang,FIL,7145,
441,plano,FIL,7146,
441,.,SYM,7147,
442,sa,FIL,7148,
442,isang,FIL,7149,
442,moot,ENG,7150,
442,ko,FIL,7151,
442,riri,UNK,7152,NE
442,baka,FIL,7153,
442,magkapatid,FIL,7154,
442,yarn,FIL,7155,
442,?,SYM,7156,
443,Madalas,FIL,7157,
443,itong,FIL,7158,
443,isang,FIL,7159,
443,sermonyang,FIL,7160,
443,panlipunan,FIL,7161,
443,na,FIL,7162,
443,binibigyan-diin,FIL,7163,
443,ang,FIL,7164,
443,ideya,FIL,7165,
443,na,FIL,7166,
443,ang,FIL,7167,
443,pagkawala,FIL,7168,
443,ay,FIL,7169,
443,isa,FIL,7170,
443,sa,FIL,7171,
443,pangkat,FIL,7172,
443,panlipunan,FIL,7173,
443,at,FIL,7174,
443,nakakaapekto,FIL,7175,
443,sa,FIL,7176,
443,pangkat,FIL,7177,
443,na,FIL,7178,
443,yaon,FIL,7179,
443,bilang,FIL,7180,
443,isa,FIL,7181,
443,.,SYM,7182,
444,I,ENG,7183,
444,have,ENG,7184,
444,no,ENG,7185,
444,words,ENG,7186,
444,",",SYM,7187,
444,sambit,FIL,7188,
444,ni,FIL,7189,
444,Velasquez,UNK,7190,NE
444,sa,FIL,7191,
444,kaniyang,FIL,7192,
444,Instagram,ENG,7193,NE
444,account,ENG,7194,
444,kasama,FIL,7195,
444,ng,FIL,7196,
444,isang,FIL,7197,
444,retrato,FIL,7198,
444,ng,FIL,7199,
444,nakaburdang,FIL,7200,
444,rosas,FIL,7201,
444,.,SYM,7202,
446,Wag,FIL,7203,
446,na,FIL,7204,
446,wag,FIL,7205,
446,ka,FIL,7206,
446,pong,FIL,7207,
446,titigil,FIL,7208,
446,Kayu,FIL,7209,
446,po,FIL,7210,
446,ang,FIL,7211,
446,pinaka,FIL,7212,
446,magaling,FIL,7213,
446,mag,FIL,7214,
446,review,ENG,7215,
446,ng,FIL,7216,
446,mga,FIL,7217,
446,gadgets,ENG,7218,
446,at,FIL,7219,
446,makakapag,FIL,7220,
446,isip,FIL,7221,
446,talaga,FIL,7222,
446,kmi,FIL,7223,
446,kung,FIL,7224,
446,anong,FIL,7225,
446,gadget,ENG,7226,
446,ang,FIL,7227,
446,dapat,FIL,7228,
446,naming,FIL,7229,
446,bilhin,FIL,7230,
446,salamat,FIL,7231,
446,po,FIL,7232,
446,andyan,FIL,7233,
446,kayu,FIL,7234,
446,nag,FIL,7235,
446,eexplain,FIL,7236,
446,samin,FIL,7237,
446,kung,FIL,7238,
446,anong,FIL,7239,
446,klasing,FIL,7240,
446,gadgets,ENG,7241,
446,ang,FIL,7242,
446,magandang,FIL,7243,
446,bilhin,FIL,7244,
446,.,SYM,7245,
447,Kilala,FIL,7246,
447,ang,FIL,7247,
447,Eastwood,UNK,7248,NE
447,City,UNK,7249,NE
447,sa,FIL,7250,
447,paglalagay,FIL,7251,
447,ng,FIL,7252,
447,Walk,ENG,7253,NE
447,of,ENG,7254,NE
447,Fame,ENG,7255,NE
447,para,FIL,7256,
447,sa,FIL,7257,
447,mga,FIL,7258,
447,kilalang,FIL,7259,
447,celebrity,ENG,7260,
447,sa,FIL,7261,
447,Pilipinas,FIL,7262,NE
447,.,SYM,7263,
448,Umabot,FIL,7264,
448,na,FIL,7265,
448,sa,FIL,7266,
448,421,NUM,7267,
448,",",SYM,7268,
448,723,NUM,7269,
448,na,FIL,7270,
448,overseas,ENG,7271,
448,Filipino,ENG,7272,
448,workers,ENG,7273,
448,(,SYM,7274,
448,OFWs,ENG,7275,ABB
448,),SYM,7276,
448,ang,FIL,7277,
448,naasistihan,FIL,7278,
448,sa,FIL,7279,
448,ilalim,FIL,7280,
448,ng,FIL,7281,
448,Hatid-Tulong,FIL,7282,NE
448,Program,ENG,7283,NE
448,.,SYM,7284,
449,naiyak,FIL,7285,
449,ako,FIL,7286,
449,",",SYM,7287,
449,napakabuti,FIL,7288,
449,namang,FIL,7289,
449,anak,FIL,7290,
449,mo,FIL,7291,
449,Ivana,UNK,7292,NE
449,",",SYM,7293,
449,sana,FIL,7294,
449,ganito,FIL,7295,
449,lahat,FIL,7296,
449,ng,FIL,7297,
449,mga,FIL,7298,
449,anak,FIL,7299,
449,",",SYM,7300,
449,kahit,FIL,7301,
449,maliit,FIL,7302,
449,man,FIL,7303,
449,o,FIL,7304,
449,malaki,FIL,7305,
449,ang,FIL,7306,
449,regalo,FIL,7307,
449,ang,FIL,7308,
449,importante,FIL,7309,
449,mahal,FIL,7310,
449,nila,FIL,7311,
449,ang,FIL,7312,
449,kanilang,FIL,7313,
449,mga,FIL,7314,
449,magulang,FIL,7315,
449,",",SYM,7316,
449,yong,FIL,7317,
449,pagmamahal,FIL,7318,
449,na,FIL,7319,
449,hindi,FIL,7320,
449,mapapantayan,FIL,7321,
449,kahit,FIL,7322,
449,sino,FIL,7323,
449,paman,FIL,7324,
451,may,FIL,7325,
451,time,ENG,7326,
451,na,FIL,7327,
451,ako,FIL,7328,
451,mag,FIL,7329,
451,imis,FIL,7330,
451,ng,FIL,7331,
451,makalat,FIL,7332,
451,kong,FIL,7333,
451,kwarto,FIL,7334,
451,zzzz,UNK,7335,EXPR
452,Hindi,FIL,7336,
452,nagtagal,FIL,7337,
452,ay,FIL,7338,
452,dumating,FIL,7339,
452,si,FIL,7340,
452,Jesus,UNK,7341,NE
452,na,FIL,7342,
452,naglalakad,FIL,7343,
452,sa,FIL,7344,
452,tubig,FIL,7345,
452,.,SYM,7346,
453,Sa,FIL,7347,
453,Amerika,UNK,7348,NE
453,na,FIL,7349,
453,naninirahan,FIL,7350,
453,ngayon,FIL,7351,
453,ang,FIL,7352,
453,magaling,FIL,7353,
453,na,FIL,7354,
453,kontrabida,FIL,7355,
453,sa,FIL,7356,
453,telebisyon,FIL,7357,
453,at,FIL,7358,
453,pelikula,FIL,7359,
453,kasama,FIL,7360,
453,ang,FIL,7361,
453,kanyang,FIL,7362,
453,pamilya,FIL,7363,
453,.,SYM,7364,
454,Ilang,FIL,7365,
454,ulit,FIL,7366,
454,ko,FIL,7367,
454,na,FIL,7368,
454,nireplay,FIL,7369,
454,",",SYM,7370,
454,natunaw,FIL,7371,
454,ang,FIL,7372,
454,aking,FIL,7373,
454,puso,FIL,7374,
454,!,SYM,7375,
455,sa,FIL,7376,
455,bagiou,UNK,7377,
455,ang,FIL,7378,
455,mga,FIL,7379,
455,gulay,FIL,7380,
455,baka,FIL,7381,
455,5pesos,UNK,7382,
455,lng,FIL,7383,ABB
455,pero,FIL,7384,
455,pag,FIL,7385,
455,dating,FIL,7386,
455,ng,FIL,7387,
455,manila,FIL,7388,NE
455,wow,UNK,7389,EXPR
455,diamond,ENG,7390,
455,ang,FIL,7391,
455,presyo,FIL,7392,
455,hindi,FIL,7393,
455,na,FIL,7394,
455,ginto,FIL,7395,
456,Ang,FIL,7396,
456,pag-iisip,FIL,7397,
456,niya,FIL,7398,
456,'y,FIL,7399,
456,ginambala,FIL,7400,
456,ng,FIL,7401,
456,pagpasok,FIL,7402,
456,ni,FIL,7403,
456,Leo,UNK,7404,NE
456,",",SYM,7405,
456,ang,FIL,7406,
456,kasama,FIL,7407,
456,niyang,FIL,7408,
456,nangungupahan,FIL,7409,
456,sa,FIL,7410,
456,boarding,ENG,7411,
456,house,ENG,7412,
456,.,SYM,7413,
458,Grabe,FIL,7414,
458,talaga,FIL,7415,
458,ang,FIL,7416,
458,nagagawa,FIL,7417,
458,ng,FIL,7418,
458,make-up,ENG,7419,
458,!,SYM,7420,
459,BOSING,FIL,7421,
459,nakalimutan,FIL,7422,
459,mo,FIL,7423,
459,yatang,FIL,7424,
459,hugasan,FIL,7425,
459,ang,FIL,7426,
459,mga,FIL,7427,
459,gulay,FIL,7428,
459,mo,FIL,7429,
459,!,SYM,7430,
462,Nawa,FIL,7431,
462,po,FIL,7432,
462,ay,FIL,7433,
462,gumaling,FIL,7434,
462,na,FIL,7435,
462,siya,FIL,7436,
462,in,ENG,7437,
462,Jesus,UNK,7438,NE
462,name,ENG,7439,
465,Sa,FIL,7440,
465,panayam,FIL,7441,
465,",",SYM,7442,
465,kahapon,FIL,7443,
465,ng,FIL,7444,
465,Balita,FIL,7445,NE
465,kay,FIL,7446,
465,PCPT,FIL,7447,"ABB,NE"
465,Edison,UNK,7448,NE
465,Lagua,UNK,7449,NE
465,",",SYM,7450,
465,hepe,FIL,7451,
465,ng,FIL,7452,
465,pulisya,FIL,7453,
465,",",SYM,7454,
465,sinabi,FIL,7455,
465,nitong,FIL,7456,
465,ang,FIL,7457,
465,natagpuang,FIL,7458,
465,parte,FIL,7459,
465,ng,FIL,7460,
465,eroplano,FIL,7461,
465,ay,FIL,7462,
465,may,FIL,7463,
465,habang,FIL,7464,
465,halos,FIL,7465,
465,apat,FIL,7466,
465,na,FIL,7467,
465,metro,FIL,7468,
465,at,FIL,7469,
465,dalawang,FIL,7470,
465,metro,FIL,7471,
465,naman,FIL,7472,
465,ang,FIL,7473,
465,lapad,FIL,7474,
465,(,SYM,7475,
465,4mx2m,NUM,7476,
465,),SYM,7477,
465,",",SYM,7478,
465,may,FIL,7479,
465,kulay,FIL,7480,
465,sa,FIL,7481,
465,gilid,FIL,7482,
465,na,FIL,7483,
465,pula,FIL,7484,
465,",",SYM,7485,
465,asul,FIL,7486,
465,at,FIL,7487,
465,puti,FIL,7488,
465,.,SYM,7489,
466,Mga,FIL,7490,
466,Barangay,FIL,7491,NE
466,Ang,FIL,7492,
466,bayan,FIL,7493,
466,ng,FIL,7494,
466,Bien,UNK,7495,NE
466,Unido,UNK,7496,NE
466,ay,FIL,7497,
466,nahahati,FIL,7498,
466,sa,FIL,7499,
466,na,FIL,7500,
466,mga,FIL,7501,
466,.,SYM,7502,
467,Edsa,FIL,7503,NE
467,rebolusyon,FIL,7504,
467,noon,FIL,7505,
467,ni,FIL,7506,
467,cory,UNK,7507,NE
467,isang,FIL,7508,
467,malaking,FIL,7509,
467,pagkakamali,FIL,7510,
467,ng,FIL,7511,
467,mga,FIL,7512,
467,Tao,FIL,7513,
467,Dyan,FIL,7514,
467,sa,FIL,7515,
467,may,FIL,7516,
467,nila,FIL,7517,
467,noon,FIL,7518,
467,Oras,FIL,7519,
467,na,FIL,7520,
467,Para,FIL,7521,
467,gumising,FIL,7522,
467,ang,FIL,7523,
467,mga,FIL,7524,
467,Tao,FIL,7525,
467,at,FIL,7526,
467,umunlad,FIL,7527,
467,ang,FIL,7528,
467,ating,FIL,7529,
467,Bayan,FIL,7530,
467,muli,FIL,7531,
468,Nhihirapan,FIL,7532,
468,ako,FIL,7533,
468,feeling,ENG,7534,
468,ko,FIL,7535,
468,hnd,FIL,7536,ABB
468,normal,ENG,7537,
468,ang,FIL,7538,
468,buhay,FIL,7539,
468,ko,FIL,7540,
468,kc,FIL,7541,ABB
468,palagi,FIL,7542,
468,sila,FIL,7543,
468,nasunod,FIL,7544,
468,saken,FIL,7545,
468,.,SYM,7546,
469,nakakahalata,FIL,7547,
469,na,FIL,7548,
469,si,FIL,7549,
469,nanay,FIL,7550,
469,yawa,UNK,7551,EXPR
469,",",SYM,7552,
469,di,FIL,7553,
469,naman,FIL,7554,
469,ganon,FIL,7555,
469,mga,FIL,7556,
469,yon,FIL,7557,
469,e,UNK,7558,EXPR
469,mukhang,FIL,7559,
469,alalang,FIL,7560,
469,alala,FIL,7561,
469,saken,FIL,7562,
470,Then,ENG,7563,
470,ngayon,FIL,7564,
470,sa,FIL,7565,
470,lidicsa,UNK,7566,NE
470,nakita,FIL,7567,
470,ko,FIL,7568,
470,school,ENG,7569,
470,niya,FIL,7570,
470,.,SYM,7571,
472,Sa,FIL,7572,
472,pagiging,FIL,7573,
472,mapanghusga,FIL,7574,
472,natin,FIL,7575,
472,",",SYM,7576,
472,hindi,FIL,7577,
472,rin,FIL,7578,
472,naiiwasan,FIL,7579,
472,ang,FIL,7580,
472,pagkakaroon,FIL,7581,
472,ng,FIL,7582,
472,bias,ENG,7583,
472,o,FIL,7584,
472,pagkiling,FIL,7585,
472,batay,FIL,7586,
472,sa,FIL,7587,
472,katayuan,FIL,7588,
472,sa,FIL,7589,
472,buhay,FIL,7590,
472,ng,FIL,7591,
472,taong,FIL,7592,
472,nakakaharap,FIL,7593,
472,natin,FIL,7594,
472,.,SYM,7595,
473,Sa,FIL,7596,
473,kabila,FIL,7597,
473,ng,FIL,7598,
473,matinding,FIL,7599,
473,pag-iingat,FIL,7600,
473,ay,FIL,7601,
473,hindi,FIL,7602,
473,ko,FIL,7603,
473,lubos,FIL,7604,
473,na,FIL,7605,
473,inaasahan,FIL,7606,
473,ang,FIL,7607,
473,nakalulungkot,FIL,7608,
473,na,FIL,7609,
473,resulta,FIL,7610,
473,.,SYM,7611,
474,gwardyado,FIL,7612,
474,na,FIL,7613,
474,ng,FIL,7614,
474,pulis,FIL,7615,
474,pulis,FIL,7616,
474,pa,FIL,7617,
474,ngbitbit,FIL,7618,
474,eh,FIL,7619,
474,hndi,FIL,7620,ABB
474,nman,FIL,7621,ABB
474,national,ENG,7622,
474,hero,ENG,7623,
474,yan,FIL,7624,
474,ang,FIL,7625,
474,pangit,FIL,7626,
474,pa,FIL,7627,
474,ng,FIL,7628,
474,imahe,FIL,7629,
474,sa,FIL,7630,
474,mga,FIL,7631,
474,pilipinang,FIL,7632,
474,kababaehan,FIL,7633,
474,.,SYM,7634,
475,Ang,FIL,7635,
475,solid,ENG,7636,
475,ng,FIL,7637,
475,samahan,FIL,7638,
475,nila,FIL,7639,
476,Ang,FIL,7640,
476,naturang,FIL,7641,
476,halaman,FIL,7642,
476,na,FIL,7643,
476,tila,FIL,7644,
476,"""",SYM,7645,
476,one-night,ENG,7646,
476,"""",SYM,7647,
476,only,ENG,7648,
476,kung,FIL,7649,
476,magtanghal,FIL,7650,
476,ay,FIL,7651,
476,tinatawag,FIL,7652,
476,na,FIL,7653,
476,"""",SYM,7654,
476,Queen,ENG,7655,NE
476,of,ENG,7656,
476,the,ENG,7657,
476,Night,ENG,7658,NE
476,",",SYM,7659,
476,"""",SYM,7660,
476,,SYM,7661,
476,dahil,FIL,7662,
476,sa,FIL,7663,
476,gabi,FIL,7664,
476,lang,FIL,7665,
476,siya,FIL,7666,
476,namumukadkad,FIL,7667,
476,at,FIL,7668,
476,isang,FIL,7669,
476,beses,FIL,7670,
476,lang,FIL,7671,
476,mangyari,FIL,7672,
476,sa,FIL,7673,
476,isang,FIL,7674,
476,taon,FIL,7675,
476,.,SYM,7676,
477,HAHAHAHAHA,UNK,7677,EXPR
477,ang,FIL,7678,
477,funny,ENG,7679,
477,nyo,FIL,7680,
477,talaga,FIL,7681,
481,Siya,FIL,7682,
481,din,FIL,7683,
481,nagspoil,UNK,7684,
481,sa,FIL,7685,
481,sarili,FIL,7686,
481,niya,FIL,7687,
481,.,SYM,7688,
482,Gago,FIL,7689,
482,",",SYM,7690,
482,ang,FIL,7691,
482,laki,FIL,7692,
482,ng,FIL,7693,
482,downgrade,ENG,7694,
482,ko,FIL,7695,
482,sa,FIL,7696,
482,ginagamit,FIL,7697,
482,kong,FIL,7698,
482,unit,ENG,7699,
482,ngayon,FIL,7700,
482,",",SYM,7701,
482,from,ENG,7702,
482,A8,UNK,7703,NE
482,to,ENG,7704,
482,Athlon,UNK,7705,NE
482,and,ENG,7706,
482,Windows,UNK,7707,NE
482,10,NUM,7708,
482,to,ENG,7709,
482,Windows,UNK,7710,NE
482,7,NUM,7711,
482,",",SYM,7712,
482,goodluck,ENG,7713,
482,nalang,FIL,7714,
482,talaga,FIL,7715,
482,kung,FIL,7716,
482,makapag-upload,FIL,7717,
482,ako,FIL,7718,
482,ng,FIL,7719,
482,VLOGS,ENG,7720,
482,/,SYM,7721,
482,REACTION,ENG,7722,
482,VIDEOS,ENG,7723,
482,ko,FIL,7724,
482,dun,FIL,7725,
482,.,SYM,7726,
483,Dapat,FIL,7727,
483,sila,FIL,7728,
483,ang,FIL,7729,
483,magtolongan,FIL,7730,
483,pag,FIL,7731,
483,NASA,FIL,7732,
483,ibang,FIL,7733,
483,Bansa,FIL,7734,
483,.,SYM,7735,
483,tama,FIL,7736,
483,ksi,FIL,7737,
483,ang,FIL,7738,
483,ibang,FIL,7739,
483,Pinoy,FIL,7740,NE
483,magseselosan,FIL,7741,
483,.,SYM,7742,
484,Sorry,ENG,7743,
484,alam,FIL,7744,
484,Kong,FIL,7745,
484,nasaktan,FIL,7746,
484,ko,FIL,7747,
484,kayo,FIL,7748,
484,sa,FIL,7749,
484,mga,FIL,7750,
484,nasabi,FIL,7751,
484,ko,FIL,7752,
484,sobrang,FIL,7753,
484,naiinis,FIL,7754,
484,lang,FIL,7755,
484,talaga,FIL,7756,
484,ako,FIL,7757,
484,sa,FIL,7758,
484,sarili,FIL,7759,
484,ko,FIL,7760,
484,sana,FIL,7761,
484,maintindihan,FIL,7762,
484,nyoko,FIL,7763,
484,sorry,ENG,7764,
486,May,FIL,7765,
486,balak,FIL,7766,
486,yan,FIL,7767,
486,tumakbo,FIL,7768,
486,malamang,FIL,7769,
486,syempre,FIL,7770,
486,di,FIL,7771,
486,sya,FIL,7772,
486,makakaporma,FIL,7773,
486,kung,FIL,7774,
486,hindi,FIL,7775,
486,sya,FIL,7776,
486,ang,FIL,7777,
486,piniling,FIL,7778,
486,pambato,FIL,7779,
486,ng,FIL,7780,
486,pdp-laban,FIL,7781,"ABB,NE"
486,sa,FIL,7782,
486,gusto,FIL,7783,
486,nyang,FIL,7784,
486,position,ENG,7785,
486,ganun,FIL,7786,
486,namam,FIL,7787,
486,tlga,FIL,7788,
486,naglilipatan,FIL,7789,
486,nayan,FIL,7790,
486,kase,FIL,7791,
486,nga,FIL,7792,
486,malapit,FIL,7793,
486,na,FIL,7794,
486,election,ENG,7795,
487,ako,FIL,7796,
487,nung,FIL,7797,
487,nalaman,FIL,7798,
487,kong,FIL,7799,
487,week1-4,UNK,7800,
487,sasagutan,FIL,7801,
487,sa,FIL,7802,
487,pe,ENG,7803,ABB
487,:,SYM,7804,
488,Pwede,FIL,7805,
488,pala,FIL,7806,
488,iappoint,UNK,7807,
488,sa,FIL,7808,
488,malacanang,FIL,7809,NE
488,ang,FIL,7810,
488,walang,FIL,7811,
488,alam,FIL,7812,
488,",",SYM,7813,
488,kakatawa,FIL,7814,
488,.,SYM,7815,
489,Pangarap,FIL,7816,
489,din,FIL,7817,
489,yun,FIL,7818,
489,ng,FIL,7819,
489,maraming,FIL,7820,
489,Filipino,FIL,7821,NE
489,",",SYM,7822,
489,nang,FIL,7823,
489,sangkabaklaan,FIL,7824,
489,na,FIL,7825,
489,sumuporta,FIL,7826,
489,sa,FIL,7827,
489,akin,FIL,7828,
489,.,SYM,7829,
490,Samantala,FIL,7830,
490,",",SYM,7831,
490,iginiit,FIL,7832,
490,ni,FIL,7833,
490,Hontiveros,UNK,7834,NE
490,na,FIL,7835,
490,Chinese,ENG,7836,NE
490,identity,ENG,7837,
490,ang,FIL,7838,
490,totoong,FIL,7839,
490,nasa,FIL,7840,
490,likod,FIL,7841,
490,ng,FIL,7842,
490,DITO,FIL,7843,"ABB,NE"
490,kung,FIL,7844,
490,kaya,FIL,7845,
490,banta,FIL,7846,
490,pa,FIL,7847,
490,rin,FIL,7848,
490,sa,FIL,7849,
490,pambansang,FIL,7850,
490,seguridad,FIL,7851,
490,ang,FIL,7852,
490,nasabing,FIL,7853,
490,telco,ENG,7854,ABB
490,.,SYM,7855,
491,Ikaw,FIL,7856,
491,ang,FIL,7857,
491,ibebenta,FIL,7858,
491,namin,FIL,7859,
491,sis,ENG,7860,ABB
492,Sabi,FIL,7861,
492,ng,FIL,7862,
492,handler,ENG,7863,
492,ni,FIL,7864,
492,Aiko,UNK,7865,NE
492,na,FIL,7866,
492,si,FIL,7867,
492,Ms,UNK,7868,ABB
492,Vanessa,UNK,7869,NE
492,na,FIL,7870,
492,nasa,FIL,7871,
492,kontrata,FIL,7872,
492,raw,FIL,7873,
492,ng,FIL,7874,
492,lahat,FIL,7875,
492,ng,FIL,7876,
492,artist,ENG,7877,
492,nila,FIL,7878,
492,na,FIL,7879,
492,kapag,FIL,7880,
492,lumabas,FIL,7881,
492,sa,FIL,7882,
492,YouTube,ENG,7883,NE
492,ay,FIL,7884,
492,hinihingan,FIL,7885,
492,nila,FIL,7886,
492,ng,FIL,7887,
492,compensation,ENG,7888,
492,.,SYM,7889,
493,Kung,FIL,7890,
493,kukuwentahin,FIL,7891,
493,",",SYM,7892,
493,halos,FIL,7893,
493,pitong,FIL,7894,
493,daang,FIL,7895,
493,bilyong,FIL,7896,
493,piso,FIL,7897,
493,ang,FIL,7898,
493,nawawala,FIL,7899,
493,sa,FIL,7900,
493,korapsiyon,FIL,7901,
493,kada,FIL,7902,
493,taon,FIL,7903,
493,at,FIL,7904,
493,nauuwi,FIL,7905,
493,sa,FIL,7906,
493,bulsa,FIL,7907,
493,ng,FIL,7908,
493,iilang,FIL,7909,
493,ganid,FIL,7910,
493,na,FIL,7911,
493,nasa,FIL,7912,
493,kapangyarihan,FIL,7913,
493,.,SYM,7914,
494,Nasa,FIL,7915,
494,video,ENG,7916,
494,post,ENG,7917,
494,ni,FIL,7918,
494,Bianca,UNK,7919,NE
494,na,FIL,7920,
494,nagtitili,FIL,7921,
494,ito,FIL,7922,
494,nang,FIL,7923,
494,malamang,FIL,7924,
494,nahagip,FIL,7925,
494,siya,FIL,7926,
494,sa,FIL,7927,
494,forum,ENG,7928,
494,ng,FIL,7929,
494,kasintahan,FIL,7930,
494,.,SYM,7931,
495,Hindi,FIL,7932,
495,pa,FIL,7933,
495,malinaw,FIL,7934,
495,ang,FIL,7935,
495,mga,FIL,7936,
495,detalye,FIL,7937,
495,sa,FIL,7938,
495,nasabing,FIL,7939,
495,alert,ENG,7940,
495,level,ENG,7941,
495,",",SYM,7942,
495,pero,FIL,7943,
495,ayon,FIL,7944,
495,kay,FIL,7945,
495,Health,ENG,7946,NE
495,Spokesperson,ENG,7947,NE
495,Maria,UNK,7948,NE
495,Rosario,UNK,7949,NE
495,Vergeire,UNK,7950,NE
495,",",SYM,7951,
495,tila,FIL,7952,
495,hindi,FIL,7953,
495,rin,FIL,7954,
495,wasto,FIL,7955,
495,na,FIL,7956,
495,"""",SYM,7957,
495,Alert,ENG,7958,NE
495,Level,ENG,7959,NE
495,0,NUM,7960,NE
495,"""",SYM,7961,
495,ang,FIL,7962,
495,itawag,FIL,7963,
495,sa,FIL,7964,
495,mas,FIL,7965,
495,maluwag,FIL,7966,
495,na,FIL,7967,
495,sitwasyon,FIL,7968,
495,.,SYM,7969,
496,"""",SYM,7970,
496,Nasa,FIL,7971,
496,jeep,ENG,7972,
496,kami,FIL,7973,
496,",",SYM,7974,
496,sumakay,FIL,7975,
496,kami,FIL,7976,
496,ng,FIL,7977,
496,isa,FIL,7978,
496,kong,FIL,7979,
496,anak,FIL,7980,
496,.,SYM,7981,
497,Positive,ENG,7982,
497,naman,FIL,7983,
497,ang,FIL,7984,
497,feedback,ENG,7985,
497,ng,FIL,7986,
497,kanyang,FIL,7987,
497,follower,ENG,7988,
497,sa,FIL,7989,
497,post,ENG,7990,
497,niya,FIL,7991,
497,",",SYM,7992,
497,pati,FIL,7993,
497,si,FIL,7994,
497,Pokwang,UNK,7995,NE
497,na,FIL,7996,
497,nagsabing,FIL,7997,
497,ang,FIL,7998,
497,bongga,FIL,7999,
497,noon,FIL,8000,
497,.,SYM,8001,
499,Ang,FIL,8002,
499,tanga,FIL,8003,
499,naman,FIL,8004,
499,ng,FIL,8005,
499,pagbasa,FIL,8006,
499,q,FIL,8007,ABB
499,29,NUM,8008,
499,yung,FIL,8009,
499,hct,UNK,8010,ABB
499,pabaliktad,FIL,8011,
499,ka,FIL,8012,
499,ghorl,FIL,8013,
500,Lubhang,FIL,8014,
500,nagulat,FIL,8015,
500,si,FIL,8016,
500,Pedro,UNK,8017,NE
500,",",SYM,8018,
500,at,FIL,8019,
500,noon,FIL,8020,
500,lamang,FIL,8021,
500,niya,FIL,8022,
500,naunawaan,FIL,8023,
500,na,FIL,8024,
500,ang,FIL,8025,
500,nabuhay,FIL,8026,
500,na,FIL,8027,
500,muling,FIL,8028,
500,si,FIL,8029,
500,Jesus,UNK,8030,NE
500,ay,FIL,8031,
500,iba,FIL,8032,
500,sa,FIL,8033,
500,dating,FIL,8034,
500,si,FIL,8035,
500,Jesus,UNK,8036,NE
500,.,SYM,8037,
501,Parang,FIL,8038,
501,mapapalitan,FIL,8039,
501,na,FIL,8040,
501,ang,FIL,8041,
501,iphone,ENG,8042,NE
501,5,NUM,8043,
501,ko,FIL,8044,
501,ah,UNK,8045,EXPR
501,.,SYM,8046,
502,tapos,FIL,8047,
502,na,FIL,8048,
502,tapos,FIL,8049,
502,hindi,FIL,8050,
502,man,FIL,8051,
502,lang,FIL,8052,
502,ako,FIL,8053,
502,nakapanood,FIL,8054,
502,ng,FIL,8055,
502,mabuti,FIL,8056,
502,dahil,FIL,8057,
502,sa,FIL,8058,
502,bwakanangshit,UNK,8059,EXPR
502,na,FIL,8060,
502,wifi,ENG,8061,
503,Dapat,FIL,8062,
503,ikaw,FIL,8063,
503,ang,FIL,8064,
503,kasuhan,FIL,8065,
503,Gordon,UNK,8066,NE
503,sa,FIL,8067,
503,ninakaw,FIL,8068,
503,mo,FIL,8069,
503,nang,FIL,8070,
503,86,NUM,8071,
503,million,ENG,8072,
504,Hindi,FIL,8073,
504,ko,FIL,8074,
504,na,FIL,8075,
504,ginalaw,FIL,8076,
504,ang,FIL,8077,
504,kape,FIL,8078,
504,ko,FIL,8079,
504,at,FIL,8080,
504,umuwi,FIL,8081,
504,na,FIL,8082,
504,lang,FIL,8083,
504,",",SYM,8084,
504,habang,FIL,8085,
504,pinipigilan,FIL,8086,
504,ko,FIL,8087,
504,ang,FIL,8088,
504,bawat,FIL,8089,
504,emosyon,FIL,8090,
504,na,FIL,8091,
504,bumuhos,FIL,8092,
504,hanggang,FIL,8093,
504,makarating,FIL,8094,
504,ako,FIL,8095,
504,sa,FIL,8096,
504,safety,ENG,8097,
504,ng,FIL,8098,
504,bahay,FIL,8099,
504,.,SYM,8100,
505,Tignan,FIL,8101,
505,mo,FIL,8102,
505,nga,FIL,8103,
505,naman,FIL,8104,
505,bibigyan,FIL,8105,
505,ka,FIL,8106,
505,ng,FIL,8107,
505,sagot,FIL,8108,
505,pag,FIL,8109,
505,nakukyutan,FIL,8110,
505,sila,FIL,8111,
505,sayo,FIL,8112,
505,HAHAHHAHAHAHAHA,UNK,8113,EXPR
506,Bakit,FIL,8114,
506,nakalimutan,FIL,8115,
506,na,FIL,8116,
506,ang,FIL,8117,
506,martial,ENG,8118,
506,law,ENG,8119,
506,na,FIL,8120,
506,kumitil,FIL,8121,
506,at,FIL,8122,
506,nagbilanggo,FIL,8123,
506,ng,FIL,8124,
506,libo-libong,FIL,8125,
506,tao,FIL,8126,
506,.,SYM,8127,
510,Kung,FIL,8128,
510,ngbabayad,FIL,8129,
510,sana,FIL,8130,
510,ng,FIL,8131,
510,taxes,ENG,8132,
510,ang,FIL,8133,
510,abs,ENG,8134,"ABB,NE"
510,cbn,ENG,8135,"ABB,NE"
510,di,FIL,8136,
510,sna,FIL,8137,
510,bka,FIL,8138,
510,andyn,FIL,8139,
510,pa,FIL,8140,
510,sila,FIL,8141,
510,mapapanood,FIL,8142,
510,pa,FIL,8143,
510,natin,FIL,8144,
510,.,SYM,8145,
511,"""",SYM,8146,
511,,SYM,8147,
511,Ako,FIL,8148,
511,ang,FIL,8149,
511,matsong,FIL,8150,
511,daga,FIL,8151,
511,na,FIL,8152,
511,babantay,FIL,8153,
511,sa,FIL,8154,
511,'yo,FIL,8155,
511,.,SYM,8156,
512,Binigyan,FIL,8157,
512,naman,FIL,8158,
512,ng,FIL,8159,
512,mga,FIL,8160,
512,gamit,FIL,8161,
512,sa,FIL,8162,
512,eskwela,FIL,8163,
512,ang,FIL,8164,
512,mga,FIL,8165,
512,katutubong,FIL,8166,
512,estudyante,FIL,8167,
512,pati,FIL,8168,
512,na,FIL,8169,
512,ang,FIL,8170,
512,mga,FIL,8171,
512,bata,FIL,8172,
512,.,SYM,8173,
513,Mateo,UNK,8174,NE
513,4:811,NUM,8175,
513,Muling,FIL,8176,
513,dinala,FIL,8177,
513,Siya,FIL,8178,
513,ng,FIL,8179,
513,diablo,FIL,8180,
513,sa,FIL,8181,
513,isang,FIL,8182,
513,bundok,FIL,8183,
513,na,FIL,8184,
513,lubhang,FIL,8185,
513,mataas,FIL,8186,
513,",",SYM,8187,
513,at,FIL,8188,
513,ipinamalas,FIL,8189,
513,sa,FIL,8190,
513,Kaniya,FIL,8191,
513,ang,FIL,8192,
513,lahat,FIL,8193,
513,ng,FIL,8194,
513,mga,FIL,8195,
513,kaharian,FIL,8196,
513,sa,FIL,8197,
513,sanglibutan,FIL,8198,
513,",",SYM,8199,
513,at,FIL,8200,
513,ang,FIL,8201,
513,kaluwalhatian,FIL,8202,
513,nila,FIL,8203,
513,;,SYM,8204,
513,At,FIL,8205,
513,sinabi,FIL,8206,
513,niya,FIL,8207,
513,sa,FIL,8208,
513,Kaniya,FIL,8209,
513,",",SYM,8210,
513,Lahat,FIL,8211,
513,ng,FIL,8212,
513,mga,FIL,8213,
513,bagay,FIL,8214,
513,na,FIL,8215,
513,ito,FIL,8216,
513,ay,FIL,8217,
513,ibibigay,FIL,8218,
513,ko,FIL,8219,
513,sa,FIL,8220,
513,Iyo,FIL,8221,
513,",",SYM,8222,
513,kung,FIL,8223,
513,Ikaw,FIL,8224,
513,ay,FIL,8225,
513,magpapatirapa,FIL,8226,
513,at,FIL,8227,
513,sasambahin,FIL,8228,
513,Mo,FIL,8229,
513,ako,FIL,8230,
513,.,SYM,8231,
514,Ang,FIL,8232,
514,karapatan,FIL,8233,
514,po,FIL,8234,
514,nating,FIL,8235,
514,malaman,FIL,8236,
514,ang,FIL,8237,
514,halaga,FIL,8238,
514,ay,FIL,8239,
514,nasa,FIL,8240,
514,Saligang,FIL,8241,NE
514,Batas,FIL,8242,NE
514,.,SYM,8243,
515,Huwag,FIL,8244,
515,mo,FIL,8245,
515,i,FIL,8246,
515,compare,ENG,8247,
515,ang,FIL,8248,
515,Pilipinas,FIL,8249,NE
515,sa,FIL,8250,
515,ibang,FIL,8251,
515,bansa,FIL,8252,
515,dahil,FIL,8253,
515,kung,FIL,8254,
515,hindi,FIL,8255,
515,c,UNK,8256,
515,PRRD,UNK,8257,"ABB,NE"
515,ang,FIL,8258,
515,naging,FIL,8259,
515,prrsidente,FIL,8260,
515,ng,FIL,8261,
515,bansa,FIL,8262,
515,baka,FIL,8263,
515,ubos,FIL,8264,
515,na,FIL,8265,
515,ang,FIL,8266,
515,pilipino,FIL,8267,
515,wala,FIL,8268,
515,ka,FIL,8269,
515,ring,FIL,8270,
515,napatunayan,FIL,8271,
515,.,SYM,8272,
516,Kakasukang,FIL,8273,
516,politika,FIL,8274,
516,kelan,FIL,8275,
516,nmn,FIL,8276,
516,kaya,FIL,8277,
516,",",SYM,8278,
516,maisususlong,FIL,8279,
516,ang,FIL,8280,
516,anti,ENG,8281,
516,dynasty,ENG,8282,
516,bill,ENG,8283,
516,na,FIL,8284,
516,yandina,FIL,8285,
516,",",SYM,8286,
516,mga,FIL,8287,
516,nahihiya,FIL,8288,
516,",",SYM,8289,
516,sila,FIL,8290,
516,zila,FIL,8291,
516,",",SYM,8292,
516,na,FIL,8293,
516,",",SYM,8294,
516,lang,FIL,8295,
516,ang,FIL,8296,
516,gustong,FIL,8297,
516,manungkulan,FIL,8298,
516,",",SYM,8299,
516,kpag,FIL,8300,
516,ganito,FIL,8301,
516,ng,FIL,8302,
516,ganito,FIL,8303,
516,ang,FIL,8304,
516,sistema,FIL,8305,
516,kawWa,FIL,8306,
516,ang,FIL,8307,
516,maliliit,FIL,8308,
516,na,FIL,8309,
516,taumbuyan,FIL,8310,
516,dahil,FIL,8311,
516,kung,FIL,8312,
516,harapan,FIL,8313,
516,ang,FIL,8314,
516,korap,FIL,8315,
516,",",SYM,8316,
516,walang,FIL,8317,
516,kokontra,FIL,8318,
516,dahil,FIL,8319,
516,sila,FIL,8320,
516,sila,FIL,8321,
516,",",SYM,8322,
516,lang,FIL,8323,
516,ang,FIL,8324,
516,taong,FIL,8325,
516,gobyerno,FIL,8326,
516,.,SYM,8327,
517,Hindi,FIL,8328,
517,naman,FIL,8329,
517,yung,FIL,8330,
517,anak,FIL,8331,
517,mo,FIL,8332,
517,yung,FIL,8333,
517,bumulong,FIL,8334,
517,sayo,FIL,8335,
517,na,FIL,8336,
517,makipagsiping,FIL,8337,
517,sa,FIL,8338,
517,asawa,FIL,8339,
517,mo,FIL,8340,
517,at,FIL,8341,
517,magkaanak,FIL,8342,
517,.,SYM,8343,
518,Ang,FIL,8344,
518,ituro,FIL,8345,
518,na,FIL,8346,
518,lang,FIL,8347,
518,ni,FIL,8348,
518,Roque,UNK,8349,NE
518,",",SYM,8350,
518,sino,FIL,8351,
518,ba,FIL,8352,
518,ang,FIL,8353,
518,backer,ENG,8354,
518,ni,FIL,8355,
518,Lao,UNK,8356,NE
518,?,SYM,8357,
519,Huwag,FIL,8358,
519,mawalan,FIL,8359,
519,ng,FIL,8360,
519,PAG,FIL,8361,NE
519,ASA,FIL,8362,NE
520,kung,FIL,8363,
520,di,FIL,8364,
520,ko,FIL,8365,
520,nakita,FIL,8366,
520,sa,FIL,8367,
520,tl,ENG,8368,ABB
520,ko,FIL,8369,
520,nagwawala,FIL,8370,
520,na,FIL,8371,
520,siguro,FIL,8372,
520,ako,FIL,8373,
520,ngayon,FIL,8374,
522,Pero,FIL,8375,
522,dahil,FIL,8376,
522,sa,FIL,8377,
522,pandemya,FIL,8378,
522,",",SYM,8379,
522,tila,FIL,8380,
522,magbabago,FIL,8381,
522,ang,FIL,8382,
522,nakasanayan,FIL,8383,
522,na,FIL,8384,
522,.,SYM,8385,
523,Yakapin,FIL,8386,
523,ang,FIL,8387,
523,hiningang,FIL,8388,
523,nagdurugtong,FIL,8389,
523,sa,FIL,8390,
523,iyong,FIL,8391,
523,mundo,FIL,8392,
523,at,FIL,8393,
523,panitikan,FIL,8394,
523,.,SYM,8395,
524,Kawawa,FIL,8396,
524,naman,FIL,8397,
524,ang,FIL,8398,
524,laruan,FIL,8399,
524,na,FIL,8400,
524,sisi,FIL,8401,
524,.,SYM,8402,
525,Walang,FIL,8403,
525,mga,FIL,8404,
525,tao,FIL,8405,
525,o,FIL,8406,
525,anumang,FIL,8407,
525,bagay,FIL,8408,
525,sa,FIL,8409,
525,lupa,FIL,8410,
525,nang,FIL,8411,
525,panahon,FIL,8412,
525,na,FIL,8413,
525,iyon,FIL,8414,
525,",",SYM,8415,
525,at,FIL,8416,
525,wala,FIL,8417,
525,pang,FIL,8418,
525,nagawa,FIL,8419,
525,ang,FIL,8420,
525,Diyos,FIL,8421,NE
525,kahit,FIL,8422,
525,ano,FIL,8423,
525,pa,FIL,8424,
525,mang,FIL,8425,
525,gawain,FIL,8426,
525,.,SYM,8427,
526,Si,FIL,8428,
526,leni,UNK,8429,NE
526,raw,FIL,8430,
526,para,FIL,8431,
526,lalong,FIL,8432,
526,lumubog,FIL,8433,
526,ang,FIL,8434,
526,pinas,FIL,8435,NE
529,Sa,FIL,8436,
529,pamamagitan,FIL,8437,
529,ng,FIL,8438,
529,mga,FIL,8439,
529,pagbabahaging,FIL,8440,
529,ito,FIL,8441,
529,",",SYM,8442,
529,nakakaya,FIL,8443,
529,ba,FIL,8444,
529,ninyong,FIL,8445,
529,kilalanin,FIL,8446,
529,na,FIL,8447,
529,Siya,FIL,8448,
529,disposisyong,FIL,8449,
529,ito,FIL,8450,
529,",",SYM,8451,
529,na,FIL,8452,
529,ay,FIL,8453,
529,gumawa,FIL,8454,
529,ng,FIL,8455,
529,gawain,FIL,8456,
529,",",SYM,8457,
529,at,FIL,8458,
529,nagbunyag,FIL,8459,
529,ng,FIL,8460,
529,mga,FIL,8461,
529,ang,FIL,8462,
529,natatanging,FIL,8463,
529,Diyos,FIL,8464,NE
529,Mismo,FIL,8465,
529,",",SYM,8466,
529,na,FIL,8467,
529,may,FIL,8468,
529,hawak,FIL,8469,
529,ng,FIL,8470,
529,kapangyarihan,FIL,8471,
529,sa,FIL,8472,
529,lahat,FIL,8473,
529,ng,FIL,8474,
529,bagay,FIL,8475,
529,?,SYM,8476,
531,Ang,FIL,8477,
531,masabiko,FIL,8478,
531,Lang,FIL,8479,
531,walang,FIL,8480,
531,dilawan,FIL,8481,
531,at,FIL,8482,
531,red,ENG,8483,
531,dito,FIL,8484,
531,ang,FIL,8485,
531,nagkamali,FIL,8486,
531,dapat,FIL,8487,
531,parusahan,FIL,8488,
531,baka,FIL,8489,
531,dilawan,FIL,8490,
531,ka,FIL,8491,
531,Ng,FIL,8492,
531,dilawan,FIL,8493,
531,ikaw,FIL,8494,
531,ang,FIL,8495,
531,maisunod,FIL,8496,
531,dyan,FIL,8497,
533,Sinabi,FIL,8498,
533,ni,FIL,8499,
533,Hesus,UNK,8500,NE
533,na,FIL,8501,
533,dalhin,FIL,8502,
533,ito,FIL,8503,
533,ng,FIL,8504,
533,pintor,FIL,8505,
533,pabalik,FIL,8506,
533,sa,FIL,8507,
533,hari,FIL,8508,
533,ng,FIL,8509,
533,Edessa,UNK,8510,NE
533,.,SYM,8511,
534,masyado,FIL,8512,
534,niyang,FIL,8513,
534,mahal,FIL,8514,
534,si,FIL,8515,
534,ji,UNK,8516,NE
534,di,FIL,8517,
534,ko,FIL,8518,
534,siya,FIL,8519,
534,ma,FIL,8520,
534,blame,ENG,8521,
534,pero,FIL,8522,
534,sana,FIL,8523,
534,wag,FIL,8524,
534,na,FIL,8525,
534,siyang,FIL,8526,
534,magpaloko,FIL,8527,
534,.,SYM,8528,
535,Sa,FIL,8529,
535,mga,FIL,8530,
535,nakapasa,FIL,8531,
535,po,FIL,8532,
535,sa,FIL,8533,
535,ust,FIL,8534,"ABB,NE"
535,arki,FIL,8535,ABB
535,",",SYM,8536,
535,ano,FIL,8537,
535,po,FIL,8538,
535,gwa,ENG,8539,ABB
535,niyo,FIL,8540,
535,nung,FIL,8541,
535,g11,UNK,8542,
535,?,SYM,8543,
536,Lahat,FIL,8544,
536,sila,FIL,8545,
536,",",SYM,8546,
536,sa,FIL,8547,
536,panahon,FIL,8548,
536,ng,FIL,8549,
536,pagliligtas,FIL,8550,
536,ng,FIL,8551,
536,Diyos,FIL,8552,NE
536,sa,FIL,8553,
536,tao,FIL,8554,
536,",",SYM,8555,
536,na,FIL,8556,
536,hindi,FIL,8557,
536,nagagawang,FIL,8558,
536,magkamit,FIL,8559,
536,ng,FIL,8560,
536,pagbabago,FIL,8561,
536,sa,FIL,8562,
536,kanilang,FIL,8563,
536,disposisyonpati,FIL,8564,
536,na,FIL,8565,
536,lahat,FIL,8566,
536,ng,FIL,8567,
536,hindi,FIL,8568,
536,nagagawang,FIL,8569,
536,lubos,FIL,8570,
536,na,FIL,8571,
536,magpasakop,FIL,8572,
536,sa,FIL,8573,
536,Diyosay,FIL,8574,NE
536,magiging,FIL,8575,
536,mga,FIL,8576,
536,pakay,FIL,8577,
536,ng,FIL,8578,
536,kaparusahan,FIL,8579,
536,.,SYM,8580,
537,akala,FIL,8581,
537,ko,FIL,8582,
537,mahihirapan,FIL,8583,
537,ako,FIL,8584,
537,mag,FIL,8585,
537,reply,ENG,8586,
537,after,ENG,8587,
537,a,ENG,8588,
537,month,ENG,8589,
537,ng,FIL,8590,
537,di,FIL,8591,
537,ko,FIL,8592,
537,pag,FIL,8593,
537,ol,ENG,8594,ABB
537,sa,FIL,8595,
537,main,ENG,8596,
537,acc,ENG,8597,ABB
537,",",SYM,8598,
537,pero,FIL,8599,
537,ang,FIL,8600,
537,warm,ENG,8601,
537,pa,FIL,8602,
537,rin,FIL,8603,
537,ng,FIL,8604,
537,welcome,ENG,8605,
537,nila,FIL,8606,
537,saken,FIL,8607,
537,huhu,UNK,8608,EXPR
538,hindi,FIL,8609,
538,ka,FIL,8610,
538,lalaking,FIL,8611,
538,nakikita,FIL,8612,
538,ang,FIL,8613,
538,mundo,FIL,8614,
538,kung,FIL,8615,
538,di,FIL,8616,
538,dahil,FIL,8617,
538,sa,FIL,8618,
538,mga,FIL,8619,
538,magulang,FIL,8620,
538,mo,FIL,8621,
538,!,SYM,8622,
539,Ang,FIL,8623,
539,pagiging,FIL,8624,
539,totoo,FIL,8625,
539,at,FIL,8626,
539,realidad,FIL,8627,
539,ng,FIL,8628,
539,awtoridad,FIL,8629,
539,at,FIL,8630,
539,kapangyarihan,FIL,8631,
539,ng,FIL,8632,
539,Diyos,FIL,8633,NE
539,ay,FIL,8634,
539,unti,FIL,8635,
539,unting,FIL,8636,
539,nabubunyag,FIL,8637,
539,at,FIL,8638,
539,kinakatawan,FIL,8639,
539,sa,FIL,8640,
539,Kanyang,FIL,8641,
539,paglikha,FIL,8642,
539,ng,FIL,8643,
539,lahat,FIL,8644,
539,ng,FIL,8645,
539,bagay,FIL,8646,
539,",",SYM,8647,
539,at,FIL,8648,
539,pagkontrol,FIL,8649,
539,sa,FIL,8650,
539,lahat,FIL,8651,
539,ng,FIL,8652,
539,bagay,FIL,8653,
539,",",SYM,8654,
539,at,FIL,8655,
539,sa,FIL,8656,
539,proseso,FIL,8657,
539,kung,FIL,8658,
539,saan,FIL,8659,
539,pinangungunahan,FIL,8660,
539,at,FIL,8661,
539,pinamamahalaan,FIL,8662,
539,Niya,FIL,8663,
539,ang,FIL,8664,
539,sangkatauhan,FIL,8665,
539,.,SYM,8666,
540,Para,FIL,8667,
540,sa,FIL,8668,
540,mga,FIL,8669,
540,nagsasabeng,FIL,8670,
540,di,FIL,8671,
540,naman,FIL,8672,
540,ako,FIL,8673,
540,nag,FIL,8674,
540,aaral,FIL,8675,
541,Siguro,FIL,8676,
541,sa,FIL,8677,
541,isang,FIL,8678,
541,linggo,FIL,8679,
541,tatlong,FIL,8680,
541,araw,FIL,8681,
541,lang,FIL,8682,
541,na,FIL,8683,
541,merong,FIL,8684,
541,dumadating,FIL,8685,
541,so,ENG,8686,
541,mahihirapan,FIL,8687,
541,talaga,FIL,8688,
541,",",SYM,8689,
541,"""",SYM,8690,
541,,SYM,8691,
541,ani,FIL,8692,
541,Rosendo,UNK,8693,NE
541,So,UNK,8694,NE
541,",",SYM,8695,
541,chairman,ENG,8696,
541,ng,FIL,8697,
541,SINAG,UNK,8698,"ABB,NE"
541,Sabi,FIL,8699,
541,rin,FIL,8700,
541,ng,FIL,8701,
541,DA,ENG,8702,"ABB,NE"
541,na,FIL,8703,
541,patuloy,FIL,8704,
541,nilang,FIL,8705,
541,hinihimok,FIL,8706,
541,ang,FIL,8707,
541,mga,FIL,8708,
541,hog,ENG,8709,
541,raiser,ENG,8710,
541,at,FIL,8711,
541,trader,ENG,8712,
541,na,FIL,8713,
541,magdala,FIL,8714,
541,ng,FIL,8715,
541,mga,FIL,8716,
541,baboy,FIL,8717,
541,sa,FIL,8718,
541,Metro,ENG,8719,NE
541,Manila,FIL,8720,NE
541,dahil,FIL,8721,
541,sagot,FIL,8722,
541,naman,FIL,8723,
541,ng,FIL,8724,
541,ahensiya,FIL,8725,
541,ang,FIL,8726,
541,transport,ENG,8727,
541,.,SYM,8728,
542,Dahil,FIL,8729,
542,dito,FIL,8730,
542,lahat,FIL,8731,
542,ay,FIL,8732,
542,isasacrifice,FIL,8733,
542,nila,FIL,8734,
542,pati,FIL,8735,
542,ang,FIL,8736,
542,pag-aaral,FIL,8737,
542,sa,FIL,8738,
542,college,ENG,8739,
542,",",SYM,8740,
542,ito,FIL,8741,
542,ang,FIL,8742,
542,dahilan,FIL,8743,
542,kaya,FIL,8744,
542,mayroon,FIL,8745,
542,kayong,FIL,8746,
542,super,ENG,8747,
542,smart,ENG,8748,
542,friend,ENG,8749,
542,/,SYM,8750,
542,classmate,ENG,8751,
542,na,FIL,8752,
542,JW,ENG,8753,"ABB,NE"
542,na,FIL,8754,
542,ayaw,FIL,8755,
542,mag-aral,FIL,8756,
542,ng,FIL,8757,
542,College,ENG,8758,
542,.,SYM,8759,
543,Umasa,FIL,8760,
543,po,FIL,8761,
543,kayo,FIL,8762,
543,iboboto,FIL,8763,
543,kayo,FIL,8764,
543,ng,FIL,8765,
543,taong,FIL,8766,
543,bayan,FIL,8767,
543,.,SYM,8768,
544,Saan,FIL,8769,
544,po,FIL,8770,
544,sa,FIL,8771,
544,pangasinan,UNK,8772,NE
544,chairman,ENG,8773,
544,si,FIL,8774,
544,ninong,FIL,8775,
544,malawak,FIL,8776,
544,po,FIL,8777,
544,ang,FIL,8778,
544,pangsinan,UNK,8779,NE
545,huwag,FIL,8780,
545,ka,FIL,8781,
545,ng,FIL,8782,
545,gumawa,FIL,8783,
545,",",SYM,8784,
545,lapag,FIL,8785,
545,ng,FIL,8786,
545,bet,ENG,8787,
545,na,FIL,8788,
545,powerpuff,ENG,8789,NE
545,girl,ENG,8790,NE
545,muna,FIL,8791,
546,Sinisipagan,FIL,8792,
546,ko,FIL,8793,
546,na,FIL,8794,
546,ang,FIL,8795,
546,pag,FIL,8796,
546,uupload,FIL,8797,
546,kwento,FIL,8798,
546,ko,FIL,8799,
546,soon,ENG,8800,
546,sa,FIL,8801,
546,VLOG,ENG,8802,ABB
546,bakit,FIL,8803,
546,ba,FIL,8804,
546,hindi,FIL,8805,
546,ako,FIL,8806,
546,nagpaka,FIL,8807,
546,active,ENG,8808,
546,sa,FIL,8809,
546,Vlogging,ENG,8810,
546,mula,FIL,8811,
546,noon,FIL,8812,
547,Nauna,FIL,8813,
547,nang,FIL,8814,
547,sinabi,FIL,8815,
547,ni,FIL,8816,
547,Defensor,UNK,8817,NE
547,na,FIL,8818,
547,sa,FIL,8819,
547,ilalim,FIL,8820,
547,ng,FIL,8821,
547,batas,FIL,8822,
547,",",SYM,8823,
547,kakasuhan,FIL,8824,
547,ng,FIL,8825,
547,economic,ENG,8826,
547,sabotage,ENG,8827,
547,at,FIL,8828,
547,habambuhay,FIL,8829,
547,na,FIL,8830,
547,pagkakakulong,FIL,8831,
547,ang,FIL,8832,
547,hackers,ENG,8833,
548,galante,FIL,8834,
548,ng,FIL,8835,
548,mga,FIL,8836,
548,nagreregalo,FIL,8837,
548,kay,FIL,8838,
548,ivana,UNK,8839,NE
549,Bunga,FIL,8840,
549,ng,FIL,8841,
549,insidente,FIL,8842,
549,",",SYM,8843,
549,karamihan,FIL,8844,
549,sa,FIL,8845,
549,mga,FIL,8846,
549,residente,FIL,8847,
549,ng,FIL,8848,
549,Amhara,UNK,8849,NE
549,region,ENG,8850,
549,ay,FIL,8851,
549,nagsilikas,FIL,8852,
549,.,SYM,8853,
550,Mas,FIL,8854,
550,malulutong,FIL,8855,
550,mga,FIL,8856,
550,bagsakan,FIL,8857,
550,nila,FIL,8858,
550,hehehe,UNK,8859,EXPR
551,Ang,FIL,8860,
551,motorista,FIL,8861,
551,nagbabayad,FIL,8862,
551,ng,FIL,8863,
551,motor,ENG,8864,
551,vehicle,ENG,8865,
551,users,ENG,8866,
551,charge,ENG,8867,
551,",",SYM,8868,
551,yung,FIL,8869,
551,pondo,FIL,8870,
551,na,FIL,8871,
551,nakokolekta,FIL,8872,
551,nila,FIL,8873,
551,mahigit,FIL,8874,
551,P25,UNK,8875,
551,billion,ENG,8876,
551,yon,FIL,8877,
551,sa,FIL,8878,
551,isang,FIL,8879,
551,taon,FIL,8880,
551,",",SYM,8881,
551,edi,FIL,8882,
551,yun,FIL,8883,
551,ang,FIL,8884,
551,gamitin,FIL,8885,
551,natin,FIL,8886,
551,",",SYM,8887,
551,payo,FIL,8888,
551,ni,FIL,8889,
551,Senate,ENG,8890,NE
551,President,ENG,8891,NE
551,Pro,ENG,8892,NE
551,Tempore,ENG,8893,NE
551,Ralph,UNK,8894,NE
551,Recto,UNK,8895,NE
551,sa,FIL,8896,
551,LTO,FIL,8897,"ABB,NE"
551,nang,FIL,8898,
551,kapanayamin,FIL,8899,
551,ng,FIL,8900,
551,Balitaan,FIL,8901,NE
551,at,FIL,8902,
551,Kumustahan,FIL,8903,NE
551,sa,FIL,8904,
551,Politiko,FIL,8905,NE
551,Live,ENG,8906,NE
551,kahapon,FIL,8907,
551,.,SYM,8908,
552,Mga,FIL,8909,
552,barangay,FIL,8910,
552,Ang,FIL,8911,
552,bayan,FIL,8912,
552,ng,FIL,8913,
552,Catarman,UNK,8914,NE
552,ay,FIL,8915,
552,nahahati,FIL,8916,
552,sa,FIL,8917,
552,mga,FIL,8918,
552,.,SYM,8919,
553,Kung,FIL,8920,
553,Sinu,FIL,8921,
553,pa,FIL,8922,
553,kasi,FIL,8923,
553,ang,FIL,8924,
553,Mahirap,FIL,8925,
553,un,FIL,8926,
553,ang,FIL,8927,
553,Maraming,FIL,8928,
553,anak,FIL,8929,
553,",",SYM,8930,
553,mga,FIL,8931,
553,magulang,FIL,8932,
553,maawa,FIL,8933,
553,kayo,FIL,8934,
553,sa,FIL,8935,
553,mga,FIL,8936,
553,anak,FIL,8937,
553,nyo,FIL,8938,
553,uy,UNK,8939,EXPR
553,!,SYM,8940,
555,Sunghoon,UNK,8941,NE
555,ang,FIL,8942,
555,pogi,FIL,8943,
555,mo,FIL,8944,
555,di,FIL,8945,
555,nalang,FIL,8946,
555,sana,FIL,8947,
555,ako,FIL,8948,
555,nagising,FIL,8949,
556,Dalawang,FIL,8950,
556,oras,FIL,8951,
556,siyang,FIL,8952,
556,nagtanggal,FIL,8953,
556,ng,FIL,8954,
556,alikabok,FIL,8955,
556,at,FIL,8956,
556,magpunas,FIL,8957,
556,ng,FIL,8958,
556,sahig,FIL,8959,
556,.,SYM,8960,
557,Natawa,FIL,8961,
557,ako,FIL,8962,
557,kay,FIL,8963,
557,mona,UNK,8964,NE
557,"""",SYM,8965,
557,Kelan,FIL,8966,
557,ka,FIL,8967,
557,pa,FIL,8968,
557,ngka,FIL,8969,
557,jowa,FIL,8970,
557,?,SYM,8971,
557,"""",SYM,8972,
557,,SYM,8973,
558,Favorite,ENG,8974,
558,handa,FIL,8975,
558,tuwing,FIL,8976,
558,pasko,FIL,8977,NE
558,ay,FIL,8978,
558,ang,FIL,8979,
558,iba't-ibang,FIL,8980,
558,klase,FIL,8981,
558,ng,FIL,8982,
558,luto,FIL,8983,
558,sa,FIL,8984,
558,pasta,ENG,8985,
558,dahil,FIL,8986,
558,ung,FIL,8987,
558,ang,FIL,8988,
558,madalas,FIL,8989,
558,pinamimigau,FIL,8990,
558,isama,FIL,8991,
558,na,FIL,8992,
558,ang,FIL,8993,
558,walang,FIL,8994,
558,kamatayang,FIL,8995,
558,fruit,ENG,8996,
558,salad,ENG,8997,
559,Papatakas,FIL,8998,
559,na,FIL,8999,
559,si,FIL,9000,
559,Lahoy,UNK,9001,NE
559,",",SYM,9002,
559,pero,FIL,9003,
559,dumating,FIL,9004,
559,kaagad,FIL,9005,
559,ang,FIL,9006,
559,pulisya,FIL,9007,
559,na,FIL,9008,
559,rumesponde,FIL,9009,
559,sa,FIL,9010,
559,insidente,FIL,9011,
559,at,FIL,9012,
559,inaresto,FIL,9013,
559,ang,FIL,9014,
559,si,FIL,9015,
559,Lahoy,UNK,9016,NE
559,.,SYM,9017,
560,Tagal,FIL,9018,
560,mag,FIL,9019,
560,5,NUM,9020,
560,gusto,FIL,9021,
560,ko,FIL,9022,
560,na,FIL,9023,
560,panoorin,FIL,9024,
560,mv,ENG,9025,ABB
560,ng,FIL,9026,
560,aespaaaaa,UNK,9027,NE
561,pagbabahagi,FIL,9028,
561,pa,FIL,9029,
561,ng,FIL,9030,
561,aktor,FIL,9031,
561,.,SYM,9032,
561,Kasalukuyang,FIL,9033,
561,nangunguna,FIL,9034,
561,si,FIL,9035,
561,Robin,UNK,9036,NE
561,Padilla,UNK,9037,NE
561,sa,FIL,9038,
561,partial,ENG,9039,
561,at,FIL,9040,
561,unofficial,ENG,9041,
561,vote,ENG,9042,
561,count,ENG,9043,
561,ng,FIL,9044,
561,Comelec,FIL,9045,"ABB,NE"
561,sa,FIL,9046,
561,pagka-senador,FIL,9047,
561,.,SYM,9048,
562,BLaw,ENG,9049,"ABB,NE"
562,talaga,FIL,9050,
562,sisira,FIL,9051,
562,ng,FIL,9052,
562,buhay,FIL,9053,
562,kooo,FIL,9054,
562,.,SYM,9055,
563,Ako,FIL,9056,
563,po,FIL,9057,
563,si,FIL,9058,
563,Justin,UNK,9059,NE
563,ang,FIL,9060,
563,pangalan,FIL,9061,
563,ko,FIL,9062,
563,.,SYM,9063,
563,"""",SYM,9064,
563,,SYM,9065,
565,Dapat,FIL,9066,
565,na,FIL,9067,
565,magkaroon,FIL,9068,
565,ng,FIL,9069,
565,death,ENG,9070,
565,penalty,ENG,9071,
565,parami,FIL,9072,
565,na,FIL,9073,
565,ng,FIL,9074,
565,parami,FIL,9075,
565,ang,FIL,9076,
565,mga,FIL,9077,
565,masasama,FIL,9078,
566,Ilan,FIL,9079,
566,ang,FIL,9080,
566,mga,FIL,9081,
566,taong,FIL,9082,
566,nagsusuot,FIL,9083,
566,ng,FIL,9084,
566,dalawang,FIL,9085,
566,mukha,FIL,9086,
566,na,FIL,9087,
566,ganap,FIL,9088,
566,na,FIL,9089,
566,magkaiba,FIL,9090,
566,",",SYM,9091,
566,isa,FIL,9092,
566,sa,FIL,9093,
566,Aking,FIL,9094,
566,harapan,FIL,9095,
566,at,FIL,9096,
566,isa,FIL,9097,
566,naman,FIL,9098,
566,sa,FIL,9099,
566,Aking,FIL,9100,
566,likuran,FIL,9101,
566,?,SYM,9102,
569,nagluluto,FIL,9103,
569,pa,FIL,9104,
569,sila,FIL,9105,
569,ng,FIL,9106,
569,lugaw,FIL,9107,
570,Wala,FIL,9108,
570,Silang,FIL,9109,
570,pakialam,FIL,9110,
570,sa,FIL,9111,
570,nararamdaman,FIL,9112,
570,ng,FIL,9113,
570,iba,FIL,9114,
570,.,SYM,9115,
571,Pinakahuling,FIL,9116,
571,pagrespeto,FIL,9117,
571,ang,FIL,9118,
571,pinag-uusapan,FIL,9119,
571,dito,FIL,9120,
571,",",SYM,9121,
571,magputukan,FIL,9122,
571,man,FIL,9123,
571,ang,FIL,9124,
571,lahat,FIL,9125,
571,ng,FIL,9126,
571,mga,FIL,9127,
571,bulkan,FIL,9128,
571,sa,FIL,9129,
571,buong,FIL,9130,
571,mundo,FIL,9131,
571,ay,FIL,9132,
571,hindi,FIL,9133,
571,na,FIL,9134,
571,uli,FIL,9135,
571,sila,FIL,9136,
571,magkikita-kita,FIL,9137,
571,pa,FIL,9138,
571,",",SYM,9139,
571,kung,FIL,9140,
571,walang,FIL,9141,
571,kahalagahan,FIL,9142,
571,yun,FIL,9143,
571,para,FIL,9144,
571,sa,FIL,9145,
571,ibang,FIL,9146,
571,tao,FIL,9147,
571,ay,FIL,9148,
571,importante,FIL,9149,
571,pa,FIL,9150,
571,rin,FIL,9151,
571,ang,FIL,9152,
571,ating,FIL,9153,
571,nakagisnan,FIL,9154,
571,sa,FIL,9155,
571,mas,FIL,9156,
571,nakararaming,FIL,9157,
571,kalahi,FIL,9158,
571,natin,FIL,9159,
571,.,SYM,9160,
573,Di,FIL,9161,
573,na,FIL,9162,
573,ko,FIL,9163,
573,nagtitinda,FIL,9164,
573,dito,FIL,9165,
573,kaya,FIL,9166,
573,hindi,FIL,9167,
573,porket,FIL,9168,
573,may,FIL,9169,
573,nakakasama,FIL,9170,
573,akong,FIL,9171,
573,alters,ENG,9172,
573,e,FIL,9173,
573,magpapagalaw,FIL,9174,
573,na,FIL,9175,
573,ko,FIL,9176,
573,.,SYM,9177,
574,kung,FIL,9178,
574,harsh,ENG,9179,
574,ako,FIL,9180,
574,magsalita,FIL,9181,
574,sayo,FIL,9182,
574,",",SYM,9183,
574,ibig,FIL,9184,
574,sabihin,FIL,9185,
574,intimidated,ENG,9186,
574,ako,FIL,9187,
574,sayo,FIL,9188,
574,.,SYM,9189,
575,Dati,FIL,9190,
575,na,FIL,9191,
575,raw,FIL,9192,
575,nakulong,FIL,9193,
575,ang,FIL,9194,
575,dalawa,FIL,9195,
575,sa,FIL,9196,
575,New,ENG,9197,NE
575,Bilibid,UNK,9198,NE
575,Prison,ENG,9199,NE
575,at,FIL,9200,
575,Cebu,UNK,9201,NE
575,Jail,ENG,9202,NE
575,.,SYM,9203,
576,Tas,FIL,9204,
576,pag,FIL,9205,
576,na,FIL,9206,
576,PM,ENG,9207,ABB
576,magtatanong,FIL,9208,
576,uoe,UNK,9209,
576,ng,FIL,9210,
576,details,ENG,9211,
576,.,SYM,9212,
577,Di,FIL,9213,
577,ako,FIL,9214,
577,makalaro,FIL,9215,
577,ng,FIL,9216,
577,roblox,UNK,9217,NE
577,Ikaw,FIL,9218,
577,pa,FIL,9219,
578,ritwal,FIL,9220,
578,reveal,ENG,9221,
578,po,FIL,9222,
578,sa,FIL,9223,
578,mga,FIL,9224,
578,pinapayagan,FIL,9225,
578,magkulay,FIL,9226,
578,ng,FIL,9227,
578,buhok,FIL,9228,
579,ang,FIL,9229,
579,sakit,FIL,9230,
579,na,FIL,9231,
579,nilg,FIL,9232,
579,tiyan,FIL,9233,
579,ko,FIL,9234,
579,kakatawa,FIL,9235,
579,sa,FIL,9236,
579,totoo,FIL,9237,
579,lang,FIL,9238,
579,haha,UNK,9239,EXPR
579,.,SYM,9240,
580,Samantala,FIL,9241,
580,",",SYM,9242,
580,wala,FIL,9243,
580,pang,FIL,9244,
580,pahayag,FIL,9245,
580,si,FIL,9246,
580,Kiko,UNK,9247,NE
580,",",SYM,9248,
580,ang,FIL,9249,
580,Star,ENG,9250,NE
580,Magic,ENG,9251,NE
580,",",SYM,9252,
580,o,FIL,9253,
580,maging,FIL,9254,
580,ang,FIL,9255,
580,production,ENG,9256,
580,team,ENG,9257,
580,ng,FIL,9258,
580,serye,FIL,9259,
580,",",SYM,9260,
580,o,FIL,9261,
580,ang,FIL,9262,
580,ABS-CBN,FIL,9263,"ABB,NE"
580,",",SYM,9264,
580,hinggil,FIL,9265,
580,sa,FIL,9266,
580,isyung,FIL,9267,
580,ito,FIL,9268,
580,.,SYM,9269,
581,Ganda,FIL,9270,
581,talaga,FIL,9271,
581,ng,FIL,9272,
581,pagkaka-iba,FIL,9273,
581,nila,FIL,9274,
581,.,SYM,9275,
582,Ipinagluksa,FIL,9276,
582,ni,FIL,9277,
582,John,UNK,9278,NE
582,Paul,UNK,9279,NE
582,Edralin,UNK,9280,NE
582,Escueta,UNK,9281,NE
582,ang,FIL,9282,
582,pagkamatay,FIL,9283,
582,ng,FIL,9284,
582,pamangkin,FIL,9285,
582,niyang,FIL,9286,
582,si,FIL,9287,
582,Steven,UNK,9288,NE
582,o,FIL,9289,
582,"""",SYM,9290,
582,Buknoy,UNK,9291,NE
582,"""",SYM,9292,
582,sa,FIL,9293,
582,isa,FIL,9294,
582,post,ENG,9295,
582,sa,FIL,9296,
582,social,ENG,9297,
582,media,ENG,9298,
582,.,SYM,9299,
583,Araw,FIL,9300,
583,araw,FIL,9301,
583,po,FIL,9302,
583,ako,FIL,9303,
583,nanunuod,FIL,9304,
583,ng,FIL,9305,
583,mga,FIL,9306,
583,vlogs,ENG,9307,
583,po,FIL,9308,
583,nyo,FIL,9309,
583,wala,FIL,9310,
583,po,FIL,9311,
583,ako,FIL,9312,
583,pinapalampas,FIL,9313,
583,Team,ENG,9314,
583,MAVS,ENG,9315,"ABB,NE"
583,.,SYM,9316,
584,Tinatanggap,FIL,9317,
584,mo,FIL,9318,
584,man,FIL,9319,
584,ang,FIL,9320,
584,mga,FIL,9321,
584,salita,FIL,9322,
584,ng,FIL,9323,
584,paghatol,FIL,9324,
584,at,FIL,9325,
584,pagkastigo,FIL,9326,
584,ng,FIL,9327,
584,Diyos,FIL,9328,NE
584,",",SYM,9329,
584,ano,FIL,9330,
584,ang,FIL,9331,
584,iyong,FIL,9332,
584,nararamdaman,FIL,9333,
584,pagkatapos,FIL,9334,
584,?,SYM,9335,
585,ang,FIL,9336,
585,dami,FIL,9337,
585,kong,FIL,9338,
585,iyak,FIL,9339,
585,ditonaalala,FIL,9340,
585,ko,FIL,9341,
585,ang,FIL,9342,
585,tatay,FIL,9343,
585,ko,FIL,9344,
585,mag,FIL,9345,
585,pupursige,FIL,9346,
585,ako,FIL,9347,
585,para,FIL,9348,
585,mabilhan,FIL,9349,
585,din,FIL,9350,
585,sya,FIL,9351,
585,ng,FIL,9352,
585,pangarap,FIL,9353,
585,nya,FIL,9354,
585,na,FIL,9355,
585,kalabaw,FIL,9356,
585,!,SYM,9357,
586,Matalino,FIL,9358,
586,ako,FIL,9359,
586,botante,FIL,9360,
586,hindi,FIL,9361,
586,ko,FIL,9362,
586,ipinagbibili,FIL,9363,
586,ang,FIL,9364,
586,aking,FIL,9365,
586,boto,FIL,9366,
586,!,SYM,9367,
587,mag,FIL,9368,
587,tytype,ENG,9369,
587,nalang,FIL,9370,
587,ng,FIL,9371,
587,+,SYM,9372,
587,namali,FIL,9373,
587,pa,FIL,9374,
588,Ang,FIL,9375,
588,Department,ENG,9376,NE
588,of,ENG,9377,
588,Health,ENG,9378,NE
588,ang,FIL,9379,
588,tutukoy,FIL,9380,
588,sa,FIL,9381,
588,tindi,FIL,9382,
588,ng,FIL,9383,
588,banta,FIL,9384,
588,ng,FIL,9385,
588,COVID-19,UNK,9386,"ABB,NE"
588,sa,FIL,9387,
588,mga,FIL,9388,
588,piling,FIL,9389,
588,lugar,FIL,9390,
588,.,SYM,9391,
589,Mga,FIL,9392,
589,Sinungaling,FIL,9393,
589,Trangkaso,FIL,9394,
589,sinasabi,FIL,9395,
589,na,FIL,9396,
589,ninyong,FIL,9397,
589,Covid,ENG,9398,NE
589,Covid,ENG,9399,NE
589,Wala,FIL,9400,
589,kayong,FIL,9401,
589,Takot,FIL,9402,
589,sa,FIL,9403,
589,Dios,FIL,9404,NE
589,Darating,FIL,9405,
589,din,FIL,9406,
589,ang,FIL,9407,
589,mga,FIL,9408,
589,Gaba,FIL,9409,
589,ninyo,FIL,9410,
590,Ayon,FIL,9411,
590,kay,FIL,9412,
590,Department,ENG,9413,NE
590,of,ENG,9414,NE
590,Health,ENG,9415,NE
590,(,SYM,9416,
590,DOH,ENG,9417,"ABB,NE"
590,),SYM,9418,
590,Undersecretary,ENG,9419,NE
590,Maria,UNK,9420,NE
590,Rosario,UNK,9421,NE
590,Vergeire,UNK,9422,NE
590,",",SYM,9423,
590,may,FIL,9424,
590,110,NUM,9425,
590,biyahero,FIL,9426,
590,mula,FIL,9427,
590,sa,FIL,9428,
590,India,ENG,9429,NE
590,ang,FIL,9430,
590,isinailalim,FIL,9431,
590,nila,FIL,9432,
590,sa,FIL,9433,
590,COVID-19,ENG,9434,NE
590,testing,ENG,9435,
590,at,FIL,9436,
590,anim,FIL,9437,
590,sa,FIL,9438,
590,mga,FIL,9439,
590,ito,FIL,9440,
590,ang,FIL,9441,
590,nagpositibo,FIL,9442,
590,sa,FIL,9443,
590,sakit,FIL,9444,
590,.,SYM,9445,
591,Nakakalangkot,FIL,9446,
591,po,FIL,9447,
591,Umaasa,FIL,9448,
591,kmi,FIL,9449,ABB
591,sa,FIL,9450,
591,pag,FIL,9451,
591,bangon,FIL,9452,
591,ng,FIL,9453,
591,mas,FIL,9454,
591,masayang,FIL,9455,
591,abs,FIL,9456,"ABB,NE"
592,Oh,UNK,9457,EXPR
592,c'mon,UNK,9458,EXPR
592,wag,FIL,9459,
592,mo,FIL,9460,
592,nga,FIL,9461,
592,kame,FIL,9462,
592,pinagloloko,FIL,9463,
592,",",SYM,9464,
592,halos,FIL,9465,
592,lahat,FIL,9466,
592,ng,FIL,9467,
592,naging,FIL,9468,
592,VP,ENG,9469,ABB
592,gusto,FIL,9470,
592,maging,FIL,9471,
592,Presidente,FIL,9472,
592,",",SYM,9473,
592,di,FIL,9474,
592,nyo,FIL,9475,
592,lang,FIL,9476,
592,talaga,FIL,9477,
592,matanggap,FIL,9478,
592,na,FIL,9479,
592,ayaw,FIL,9480,
592,na,FIL,9481,
592,sainyo,FIL,9482,
592,ng,FIL,9483,
592,Tao,FIL,9484,
592,.,SYM,9485,
593,At,FIL,9486,
593,ang,FIL,9487,
593,natutunan,FIL,9488,
593,ni,FIL,9489,
593,Cindy,UNK,9490,NE
593,sa,FIL,9491,
593,dalawang,FIL,9492,
593,batikang,FIL,9493,
593,aktor,FIL,9494,
593,",",SYM,9495,
593,Si,FIL,9496,
593,sir,ENG,9497,
593,John,UNK,9498,NE
593,Arcilla,UNK,9499,NE
593,po,FIL,9500,
593,at,FIL,9501,
593,si,FIL,9502,
593,kuya,FIL,9503,
593,Sid,UNK,9504,NE
593,ay,FIL,9505,
593,magkaibigang-magkaiba,FIL,9506,
593,po,FIL,9507,
593,sila,FIL,9508,
593,ng,FIL,9509,
593,personality,ENG,9510,
593,and,ENG,9511,
593,how,ENG,9512,
593,they,ENG,9513,
593,prepare,ENG,9514,
593,sa,FIL,9515,
593,set,ENG,9516,
593,.,SYM,9517,
594,magagamit,FIL,9518,
594,na,FIL,9519,
594,naman,FIL,9520,
594,ang,FIL,9521,
594,kriminal,FIL,9522,
594,side,ENG,9523,
594,ng,FIL,9524,
594,mptrc,ENG,9525,"ABB,NE"
595,Basta,FIL,9526,
595,nakasulat,FIL,9527,
595,daw,FIL,9528,
595,sa,FIL,9529,
595,libro,FIL,9530,
595,ay,FIL,9531,
595,totoo,FIL,9532,
595,.,SYM,9533,
597,Ok,ENG,9534,
597,umabot,FIL,9535,
597,tayo,FIL,9536,
597,sa,FIL,9537,
597,Abenson,ENG,9538,NE
597,",",SYM,9539,
597,pambahay,FIL,9540,
597,",",SYM,9541,
597,walang,FIL,9542,
597,ligo,FIL,9543,
597,.,SYM,9544,
598,focus,ENG,9545,
598,muna,FIL,9546,
598,ko,FIL,9547,
598,sa,FIL,9548,
598,tatlo,FIL,9549,
598,HAHAHAHA,UNK,9550,EXPR
598,baka,FIL,9551,
598,mawalan,FIL,9552,
598,ako,FIL,9553,
598,ng,FIL,9554,
598,time,ENG,9555,
598,sa,FIL,9556,
598,kanila,FIL,9557,
599,Ano,FIL,9558,
599,kaya,FIL,9559,
599,mga,FIL,9560,
599,itinuro,FIL,9561,
599,sa,FIL,9562,
599,anak,FIL,9563,
599,?,SYM,9564,
600,Bukod,FIL,9565,
600,pa,FIL,9566,
600,riyan,FIL,9567,
600,",",SYM,9568,
600,malaking,FIL,9569,
600,bahagi,FIL,9570,
600,ng,FIL,9571,
600,imahinasyon,FIL,9572,
600,ng,FIL,9573,
600,tao,FIL,9574,
600,ang,FIL,9575,
600,nakahalo,FIL,9576,
600,sa,FIL,9577,
600,loob,FIL,9578,
600,",",SYM,9579,
600,sa,FIL,9580,
600,gayon,FIL,9581,
600,ay,FIL,9582,
600,mahigpit,FIL,9583,
600,na,FIL,9584,
600,pinipigilan,FIL,9585,
600,ng,FIL,9586,
600,tao,FIL,9587,
600,ang,FIL,9588,
600,disposisyon,FIL,9589,
600,",",SYM,9590,
600,katauhan,FIL,9591,
600,",",SYM,9592,
600,at,FIL,9593,
600,karunungan,FIL,9594,
600,ng,FIL,9595,
600,Diyos,FIL,9596,NE
600,",",SYM,9597,
600,gayundin,FIL,9598,
600,ang,FIL,9599,
600,mga,FIL,9600,
600,prinsipyo,FIL,9601,
600,ng,FIL,9602,
600,gawain,FIL,9603,
600,ng,FIL,9604,
600,Diyos,FIL,9605,NE
600,",",SYM,9606,
600,sa,FIL,9607,
600,loob,FIL,9608,
600,ng,FIL,9609,
600,limitadong,FIL,9610,
600,mga,FIL,9611,
600,hangganan,FIL,9612,
600,",",SYM,9613,
600,naniniwala,FIL,9614,
600,na,FIL,9615,
600,kung,FIL,9616,
600,minsan,FIL,9617,
600,nang,FIL,9618,
600,naging,FIL,9619,
600,ganito,FIL,9620,
600,ang,FIL,9621,
600,Diyos,FIL,9622,NE
600,",",SYM,9623,
600,mananatili,FIL,9624,
600,Siyang,FIL,9625,
600,ganito,FIL,9626,
600,habang,FIL,9627,
600,panahon,FIL,9628,
600,",",SYM,9629,
600,at,FIL,9630,
600,hindi,FIL,9631,
600,magbabago,FIL,9632,
600,kailanman,FIL,9633,
600,.,SYM,9634,
601,Bukod,FIL,9635,
601,sa,FIL,9636,
601,MRT-3,ENG,9637,"ABB,NE"
601,",",SYM,9638,
601,nagkakaloob,FIL,9639,
601,rin,FIL,9640,
601,ng,FIL,9641,
601,libreng,FIL,9642,
601,pamasahe,FIL,9643,
601,para,FIL,9644,
601,sa,FIL,9645,
601,mga,FIL,9646,
601,vaccinated,ENG,9647,
601,APORs,ENG,9648,ABB
601,sa,FIL,9649,
601,ECQ,ENG,9650,"ABB,NE"
601,period,ENG,9651,
601,ang,FIL,9652,
601,LRT-2,ENG,9653,"ABB,NE"
601,at,FIL,9654,
601,ang,FIL,9655,
601,Philippine,ENG,9656,NE
601,National,ENG,9657,NE
601,Railways,ENG,9658,NE
601,(,SYM,9659,
601,PNR,ENG,9660,"ABB,NE"
601,),SYM,9661,
601,.,SYM,9662,
603,May,FIL,9663,
603,alam,FIL,9664,
603,po,FIL,9665,
603,ba,FIL,9666,
603,kayo,FIL,9667,
603,na,FIL,9668,
603,mga,FIL,9669,
603,orgs,ENG,9670,ABB
603,na,FIL,9671,
603,pwede,FIL,9672,
603,salihan,FIL,9673,
603,?,SYM,9674,
604,Nakakaumay,FIL,9675,
604,na,FIL,9676,
604,ang,FIL,9677,
604,hlc,UNK,9678,ABB
604,aa,UNK,9679,EXPR
606,Sa,FIL,9680,
606,totoo,FIL,9681,
606,lang,FIL,9682,
606,",",SYM,9683,
606,kung,FIL,9684,
606,alam,FIL,9685,
606,ko,FIL,9686,
606,lang,FIL,9687,
606,na,FIL,9688,
606,magiging,FIL,9689,
606,carat,ENG,9690,
606,ako,FIL,9691,
606,",",SYM,9692,
606,sana,FIL,9693,
606,yung,FIL,9694,
606,mga,FIL,9695,
606,nakuha,FIL,9696,
606,kong,FIL,9697,
606,baon,FIL,9698,
606,at,FIL,9699,
606,ipon,FIL,9700,
606,di,FIL,9701,
606,ko,FIL,9702,
606,na,FIL,9703,
606,lang,FIL,9704,
606,pinangbili,FIL,9705,
606,sa,FIL,9706,
606,cravings,ENG,9707,
606,ko,FIL,9708,
606,every,ENG,9709,
606,Friday,ENG,9710,NE
606,after,ENG,9711,
606,ng,FIL,9712,
606,school,ENG,9713,
607,Nagdeact,UNK,9714,
607,nga,FIL,9715,
607,ako,FIL,9716,
607,tapos,FIL,9717,
607,bigla,FIL,9718,
607,biglang,FIL,9719,
607,nagpapasali,FIL,9720,
607,sa,FIL,9721,
607,group,ENG,9722,
607,sa,FIL,9723,
607,fb,ENG,9724,ABB
607,para,FIL,9725,
607,sa,FIL,9726,
607,isang,FIL,9727,
607,subject,ENG,9728,
607,tanginAaaaa,FIL,9729,
608,Nakupo,UNK,9730,EXPR
608,Ikaw,FIL,9731,
608,mismo,FIL,9732,
608,ang,FIL,9733,
608,hindi,FIL,9734,
608,gumagawa,FIL,9735,
608,sa,FIL,9736,
608,mga,FIL,9737,
608,sinasabi,FIL,9738,
608,mo,FIL,9739,
608,eh,UNK,9740,EXPR
608,.,SYM,9741,
609,tapos,FIL,9742,
609,ngayon,FIL,9743,
609,papupuntahin,FIL,9744,
609,niyo,FIL,9745,
609,ako,FIL,9746,
609,ng,FIL,9747,
609,Nazareth,UNK,9748,NE
609,?,SYM,9749,
612,ay,FIL,9750,
612,nang,FIL,9751,
612,nagmatik,FIL,9752,
612,parang,FIL,9753,
612,nagmimio,FIL,9754,
612,.,SYM,9755,
613,Nagkaron,FIL,9756,
613,din,FIL,9757,
613,ako,FIL,9758,
613,ng,FIL,9759,
613,abscess,ENG,9760,
613,because,ENG,9761,
613,of,ENG,9762,
613,a,ENG,9763,
613,failed,ENG,9764,
613,pasta,ENG,9765,
613,noon,FIL,9766,
613,sa,FIL,9767,
613,clinic,ENG,9768,
613,nila,FIL,9769,
613,.,SYM,9770,
614,nakapag,FIL,9771,
614,rant,ENG,9772,
614,tuloy,FIL,9773,
614,ako,FIL,9774,
614,wala,FIL,9775,
614,sa,FIL,9776,
614,oras,FIL,9777,
614,kay,FIL,9778,
614,ange,UNK,9779,NE
614,",",SYM,9780,
614,sa,FIL,9781,
614,sobrang,FIL,9782,
614,sakit,FIL,9783,
614,ng,FIL,9784,
614,loob,FIL,9785,
614,ko,FIL,9786,
614,hahaha,UNK,9787,EXPR
615,Tsaka,FIL,9788,
615,kahit,FIL,9789,
615,naman,FIL,9790,
615,iboto,FIL,9791,
615,niyo,FIL,9792,
615,tatay,FIL,9793,
615,non,FIL,9794,
615,",",SYM,9795,
615,di,FIL,9796,
615,rin,FIL,9797,
615,naman,FIL,9798,
615,kayo,FIL,9799,
615,kakantutin,FIL,9800,
615,non,FIL,9801,
615,so,ENG,9802,
615,itaas,FIL,9803,
615,taas,FIL,9804,
615,natin,FIL,9805,
615,ang,FIL,9806,
615,mga,FIL,9807,
615,pamantayan,FIL,9808,
615,natin,FIL,9809,
615,sa,FIL,9810,
615,pagboto,FIL,9811,
615,.,SYM,9812,
616,nawa'y,FIL,9813,
616,maalala,FIL,9814,
616,ko,FIL,9815,
616,lahat,FIL,9816,
616,ng,FIL,9817,
616,nireview,FIL,9818,
616,ko,FIL,9819,
617,Nakakalungkot,FIL,9820,
617,na,FIL,9821,
617,masaya,FIL,9822,
617,Malungkot,FIL,9823,
617,dahil,FIL,9824,
617,lahat,FIL,9825,
617,ng,FIL,9826,
617,alaala,FIL,9827,
617,ng,FIL,9828,
617,nakaraan,FIL,9829,
617,ay,FIL,9830,
617,mananatiling,FIL,9831,
617,nakalipas,FIL,9832,
617,at,FIL,9833,
617,hanggang,FIL,9834,
617,ala,FIL,9835,
617,ala,FIL,9836,
617,nalang,FIL,9837,
617,.,SYM,9838,
617,masaya,FIL,9839,
617,dahil,FIL,9840,
617,masarap,FIL,9841,
617,sa,FIL,9842,
617,pakiramdam,FIL,9843,
617,yung,FIL,9844,
617,nababalikan,FIL,9845,
617,ang,FIL,9846,
617,lahat,FIL,9847,
617,ng,FIL,9848,
617,masayang,FIL,9849,
617,nakaraan,FIL,9850,
619,Maganda,FIL,9851,
619,ba,FIL,9852,
619,ang,FIL,9853,
619,work,ENG,9854,
619,ethic,ENG,9855,
619,ng,FIL,9856,
619,player,ENG,9857,
619,sa,FIL,9858,
619,practice,ENG,9859,
619,?,SYM,9860,
621,Wag,FIL,9861,
621,na,FIL,9862,
621,tayo,FIL,9863,
621,sa,FIL,9864,
621,iba,FIL,9865,
621,",",SYM,9866,
621,ikw,FIL,9867,ABB
621,ang,FIL,9868,
621,NaISKO,FIL,9869,NE
621,!,SYM,9870,
622,May,FIL,9871,
622,nakakita,FIL,9872,
622,sa,FIL,9873,
622,kanilang,FIL,9874,
622,magkasama,FIL,9875,
622,sa,FIL,9876,
622,Bohol,UNK,9877,NE
622,at,FIL,9878,
622,sinabing,FIL,9879,
622,bagay,FIL,9880,
622,ang,FIL,9881,
622,dalawa,FIL,9882,
622,at,FIL,9883,
622,hindi,FIL,9884,
622,rin,FIL,9885,
622,daw,FIL,9886,
622,mga,FIL,9887,
622,snob,ENG,9888,
622,.,SYM,9889,
623,yung,FIL,9890,
623,totoo,FIL,9891,
623,ano,FIL,9892,
623,problema,FIL,9893,
623,ng,FIL,9894,
623,mga,FIL,9895,
623,otors,UNK,9896,
623,ngayon,FIL,9897,
623,",",SYM,9898,
623,konti,FIL,9899,
623,nalang,FIL,9900,
623,manhid,FIL,9901,
623,nako,FIL,9902,
623,sa,FIL,9903,
623,dami,FIL,9904,
623,ng,FIL,9905,
623,angst,ENG,9906,
623,na,FIL,9907,
623,nakikita,FIL,9908,
623,ko,FIL,9909,
623,pero,FIL,9910,
623,di,FIL,9911,
623,naman,FIL,9912,
623,ako,FIL,9913,
623,nagrereklamo,FIL,9914,
623,",",SYM,9915,
623,sige,FIL,9916,
623,lang,FIL,9917,
623,po,FIL,9918,
624,Lintik,FIL,9919,
624,ang,FIL,9920,
624,walang,FIL,9921,
624,ganti,FIL,9922,
624,HAHAHA,UNK,9923,EXPR
625,Pero,FIL,9924,
625,nasa,FIL,9925,
625,70,NUM,9926,
625,%,SYM,9927,
625,ang,FIL,9928,
625,suportang,FIL,9929,
625,nakamit,FIL,9930,
625,ng,FIL,9931,
625,aktres,FIL,9932,
625,sa,FIL,9933,
625,netizens,ENG,9934,
625,dahil,FIL,9935,
625,mali,FIL,9936,
625,ang,FIL,9937,
625,ginawa,FIL,9938,
625,ni,FIL,9939,
625,Aljur,UNK,9940,NE
625,na,FIL,9941,
625,siraan,FIL,9942,
625,sa,FIL,9943,
625,publiko,FIL,9944,
625,si,FIL,9945,
625,Kylie,UNK,9946,NE
625,kahit,FIL,9947,
625,pa,FIL,9948,
625,anong,FIL,9949,
625,ginawa,FIL,9950,
625,nito,FIL,9951,
625,sa,FIL,9952,
625,loob,FIL,9953,
625,ng,FIL,9954,
625,pagsasama,FIL,9955,
625,nila,FIL,9956,
625,bilang,FIL,9957,
625,mag-asawa,FIL,9958,
625,.,SYM,9959,
626,mga,FIL,9960,
626,sayaw,FIL,9961,
626,talaga,FIL,9962,
626,ng,FIL,9963,
626,tatay,FIL,9964,
626,naaalala,FIL,9965,
626,ko,FIL,9966,
626,e,UNK,9967,EXPR
626,",",SYM,9968,
627,Salamat,FIL,9969,
627,sa,FIL,9970,
627,BFF,ENG,9971,ABB
627,niyang,FIL,9972,
627,si,FIL,9973,
627,Kathryn,UNK,9974,NE
627,Bernardo,UNK,9975,NE
627,na,FIL,9976,
627,nag-imbita,FIL,9977,
627,sa,FIL,9978,
627,kanya,FIL,9979,
627,na,FIL,9980,
627,doon,FIL,9981,
627,magdiwang,FIL,9982,
627,ng,FIL,9983,
627,Pasko,FIL,9984,NE
627,sa,FIL,9985,
627,bahay,FIL,9986,
627,nila,FIL,9987,
627,kasama,FIL,9988,
627,ang,FIL,9989,
627,buong,FIL,9990,
627,Bernardo,UNK,9991,NE
627,family,ENG,9992,
627,.,SYM,9993,
628,Ayon,FIL,9994,
628,kay,FIL,9995,
628,Valenzuela,UNK,9996,NE
628,Mayor,ENG,9997,
628,Rex,UNK,9998,NE
628,Gatchalian,UNK,9999,NE
628,",",SYM,10000,
628,umabo,FIL,10001,
628,simula,FIL,10002,
628,25,NUM,10003,
628,hanggang,FIL,10004,
628,50,NUM,10005,
628,porsiyento,FIL,10006,
628,ng,FIL,10007,
628,mga,FIL,10008,
628,residente,FIL,10009,
628,sa,FIL,10010,
628,lugar,FIL,10011,
628,ang,FIL,10012,
628,nagpositibo,FIL,10013,
628,sa,FIL,10014,
628,COVID-19,UNK,10015,"ABB,NE"
628,",",SYM,10016,
628,kaya,FIL,10017,
628,napagpasyahan,FIL,10018,
628,na,FIL,10019,
628,isailalim,FIL,10020,
628,ang,FIL,10021,
628,lugar,FIL,10022,
628,sa,FIL,10023,
628,lockdown,ENG,10024,
628,.,SYM,10025,
629,sanaol,FIL,10026,
629,kay,FIL,10027,
629,dusty,UNK,10028,NE
629,2nd,NUM,10029,
629,time,ENG,10030,
629,makasama,FIL,10031,
629,sa,FIL,10032,
629,mv,UNK,10033,ABB
629,ng,FIL,10034,
629,esbi,UNK,10035,ABB
630,ngayon,FIL,10036,
630,ka,FIL,10037,
630,magdesisyon,FIL,10038,
630,kung,FIL,10039,
630,oorder,FIL,10040,
630,ka,FIL,10041,
630,ng,FIL,10042,
630,set,ENG,10043,
630,@,SYM,10044,
630,self,ENG,10045,
631,Dilawan,FIL,10046,NE
631,kse,FIL,10047,ABB
631,abs,ENG,10048,"ABB,NE"
631,cbn,ENG,10049,"ABB,NE"
631,kayo,FIL,10050,
631,pa,FIL,10051,
631,nmn,FIL,10052,ABB
631,network,ENG,10053,
631,na,FIL,10054,
631,gusto,FIL,10055,
631,ko,FIL,10056,
631,kaso,FIL,10057,
631,bayas,FIL,10058,
631,kayo,FIL,10059,
631,pag,FIL,10060,
631,dating,FIL,10061,
631,sa,FIL,10062,
631,mga,FIL,10063,
631,pulitiko,FIL,10064,
632,Nangangahas,FIL,10065,
632,ka,FIL,10066,
632,ba,FIL,10067,
632,na,FIL,10068,
632,sabihing,FIL,10069,
632,ikaw,FIL,10070,
632,ay,FIL,10071,
632,tunay,FIL,10072,
632,na,FIL,10073,
632,naglilingkod,FIL,10074,
632,sa,FIL,10075,
632,Diyos,FIL,10076,NE
632,?,SYM,10077,
633,Nangako,FIL,10078,
633,naman,FIL,10079,
633,ng,FIL,10080,
633,tulong,FIL,10081,
633,si,FIL,10082,
633,Robredo,UNK,10083,NE
633,na,FIL,10084,
633,umapila,FIL,10085,
633,sa,FIL,10086,
633,gobyerno,FIL,10087,
633,.,SYM,10088,
634,Bumulusok,FIL,10089,
634,ito,FIL,10090,
634,pababa,FIL,10091,
634,at,FIL,10092,
634,sinalpok,FIL,10093,
634,ang,FIL,10094,
634,kotse,FIL,10095,
634,ng,FIL,10096,
634,opisyal,FIL,10097,
634,at,FIL,10098,
634,ang,FIL,10099,
634,naglalakad,FIL,10100,
634,na,FIL,10101,
634,pedestrian,ENG,10102,
634,na,FIL,10103,
634,ikinasawi,FIL,10104,
634,agad,FIL,10105,
634,ng,FIL,10106,
634,mga,FIL,10107,
634,ito,FIL,10108,
634,.,SYM,10109,
635,*,SYM,10110,
635,Sino,FIL,10111,
635,kayang,FIL,10112,
635,nag-suggest,UNK,10113,
635,na,FIL,10114,
635,ipapa,FIL,10115,
635,-,SYM,10116,
635,"""",SYM,10117,
635,tan,ENG,10118,
635,"""",SYM,10119,
635,ang,FIL,10120,
635,skin,ENG,10121,
635,ni,FIL,10122,
635,Kisses,UNK,10123,NE
635,?,SYM,10124,
636,Namangha,FIL,10125,
636,ang,FIL,10126,
636,netizens,ENG,10127,
636,sa,FIL,10128,
636,pagguhit,FIL,10129,
636,ng,FIL,10130,
636,isang,FIL,10131,
636,homeless,ENG,10132,
636,man,ENG,10133,
636,sa,FIL,10134,
636,pader,FIL,10135,
636,gamit,FIL,10136,
636,ang,FIL,10137,
636,dahon,FIL,10138,
636,bilang,FIL,10139,
636,material,ENG,10140,
636,sa,FIL,10141,
636,Bayawan,UNK,10142,NE
636,City,ENG,10143,NE
636,",",SYM,10144,
636,Negros,UNK,10145,NE
636,Oriental,ENG,10146,NE
636,.,SYM,10147,
637,Pwede,FIL,10148,
637,naman,FIL,10149,
637,humawak,FIL,10150,
637,sa,FIL,10151,
637,gilid,FIL,10152,
637,ng,FIL,10153,
637,pool,ENG,10154,
637,para,FIL,10155,
637,di,FIL,10156,
637,ka,FIL,10157,
637,malunod,FIL,10158,
638,Basahin,FIL,10159,
638,:,SYM,10160,
638,De,UNK,10161,NE
638,Lima,UNK,10162,NE
638,",",SYM,10163,
638,hiniling,FIL,10164,
638,sa,FIL,10165,
638,korte,FIL,10166,
638,na,FIL,10167,
638,ibasura,FIL,10168,
638,ang,FIL,10169,
638,kanyang,FIL,10170,
638,drug,ENG,10171,
638,case,ENG,10172,
638,kasunod,FIL,10173,
638,ng,FIL,10174,
638,rebelasyon,FIL,10175,
638,ni,FIL,10176,
638,Ragos,UNK,10177,NE
638,Balita,FIL,10178,NE
638,Tagalog,FIL,10179,NE
638,Newspaper,ENG,10180,NE
638,Tabloid,ENG,10181,NE
638,Mahigit,FIL,10182,
638,limang,FIL,10183,
638,taon,FIL,10184,
638,nang,FIL,10185,
638,nakabilanggo,FIL,10186,
638,ang,FIL,10187,
638,mambabatas,FIL,10188,
638,dahil,FIL,10189,
638,sa,FIL,10190,
638,umanoy,FIL,10191,
638,gawa-gawang,FIL,10192,
638,kaso,FIL,10193,
638,laban,FIL,10194,
638,sa,FIL,10195,
638,kanya,FIL,10196,
638,.,SYM,10197,
639,Hindi,FIL,10198,
639,ba,FIL,10199,
639,ito,FIL,10200,
639,dahil,FIL,10201,
639,sa,FIL,10202,
639,ang,FIL,10203,
639,Diyos,FIL,10204,NE
639,ng,FIL,10205,
639,kahapon,FIL,10206,
639,at,FIL,10207,
639,ang,FIL,10208,
639,Diyos,FIL,10209,NE
639,ng,FIL,10210,
639,ngayon,FIL,10211,
639,ay,FIL,10212,
639,mula,FIL,10213,
639,sa,FIL,10214,
639,dalawang,FIL,10215,
639,magkaibang,FIL,10216,
639,panahon,FIL,10217,
639,?,SYM,10218,
640,nag-enjoy,FIL,10219,
640,ako,FIL,10220,
640,lalo,FIL,10221,
640,na,FIL,10222,
640,sa,FIL,10223,
640,subs,ENG,10224,ABB
640,at,FIL,10225,
640,voice-over,ENG,10226,
640,HAHAHAHAHA,UNK,10227,EXPR
641,Mga,FIL,10228,
641,local,ENG,10229,
641,government,ENG,10230,
641,please,ENG,10231,
641,lang,FIL,10232,
641,yung,FIL,10233,
641,para,FIL,10234,
641,sa,FIL,10235,
641,mga,FIL,10236,
641,matatanda,FIL,10237,
641,at,FIL,10238,
641,studyante,FIL,10239,
641,nanawagan,FIL,10240,
641,ako,FIL,10241,
641,PLASE,ENG,10242,
641,LANG,FIL,10243,
641,HUWAG,FIL,10244,
641,NYO,FIL,10245,
641,BULSAHIN,FIL,10246,
641,.,SYM,10247,
642,grabe,UNK,10248,EXPR
642,heeseung,UNK,10249,NE
642,pfp,ENG,10250,ABB
642,ng,FIL,10251,
642,crush,ENG,10252,
642,ko,FIL,10253,
642,parang,FIL,10254,
642,mas,FIL,10255,
642,lalo,FIL,10256,
642,siyang,FIL,10257,
642,gumwapo,FIL,10258,
642,sa,FIL,10259,
642,paningin,FIL,10260,
642,ko,FIL,10261,
644,Drama,ENG,10262,
644,actress,ENG,10263,
644,ng,FIL,10264,
644,mga,FIL,10265,
644,bisaya,FIL,10266,NE
644,magaling,FIL,10267,
644,sa,FIL,10268,
644,drama,FIL,10269,
644,wow,UNK,10270,EXPR
644,best,ENG,10271,
644,actress,ENG,10272,
645,Ayon,FIL,10273,
645,kay,FIL,10274,
645,Police,ENG,10275,NE
645,Captain,ENG,10276,NE
645,Francisco,UNK,10277,NE
645,Sabud,UNK,10278,NE
645,",",SYM,10279,
645,tagapagsalita,FIL,10280,
645,ng,FIL,10281,
645,PRO-10,UNK,10282,"ABB,NE"
645,",",SYM,10283,
645,aalamin,FIL,10284,
645,pa,FIL,10285,
645,nila,FIL,10286,
645,sa,FIL,10287,
645,cyber,ENG,10288,
645,crime,ENG,10289,
645,division,ENG,10290,
645,ang,FIL,10291,
645,"""",SYM,10292,
645,authenticity,ENG,10293,
645,"""",SYM,10294,
645,ng,FIL,10295,
645,video,ENG,10296,
645,na,FIL,10297,
645,kumakalat,FIL,10298,
645,na,FIL,10299,
645,ngayon,FIL,10300,
645,sa,FIL,10301,
645,social,ENG,10302,
645,media,ENG,10303,
645,.,SYM,10304,
646,Sinasabi,FIL,10305,
646,nito,FIL,10306,
646,na,FIL,10307,
646,dapat,FIL,10308,
646,mong,FIL,10309,
646,ibigay,FIL,10310,
646,ang,FIL,10311,
646,100,NUM,10312,
646,percent,ENG,10313,
646,ng,FIL,10314,
646,atensyon,FIL,10315,
646,mo,FIL,10316,
646,sa,FIL,10317,
646,iyong,FIL,10318,
646,life,ENG,10319,
646,goals,ENG,10320,
646,at,FIL,10321,
646,kung,FIL,10322,
646,paano,FIL,10323,
646,mo,FIL,10324,
646,ito,FIL,10325,
646,makakamit,FIL,10326,
646,.,SYM,10327,
647,Iba,FIL,10328,
647,rin,FIL,10329,
647,talaga,FIL,10330,
647,ang,FIL,10331,
647,the,ENG,10332,
647,hitman,ENG,10333,
647,!,SYM,10334,
648,Akala,FIL,10335,
648,ko,FIL,10336,
648,totoo,FIL,10337,
648,ni,FIL,10338,
648,complete,ENG,10339,
648,ko,FIL,10340,
648,ang,FIL,10341,
648,panonoos,FIL,10342,
648,ng,FIL,10343,
648,vedio,ENG,10344,
648,kinabahan,FIL,10345,
648,ako,FIL,10346,
648,dun,FIL,10347,
648,ate,FIL,10348,
648,ivana,UNK,10349,NE
652,I,ENG,10350,
652,wish,ENG,10351,
652,Sana,FIL,10352,
652,Makita,FIL,10353,
652,Ng,FIL,10354,
652,mama,FIL,10355,
652,ko,FIL,10356,
652,na,FIL,10357,
652,Di,FIL,10358,
652,kaming,FIL,10359,
652,mga,FIL,10360,
652,anak,FIL,10361,
652,nya,FIL,10362,
652,Ang,FIL,10363,
652,nag,FIL,10364,
652,bibigay,FIL,10365,
652,Ng,FIL,10366,
652,stress,ENG,10367,
652,sa,FIL,10368,
652,kanya,FIL,10369,
652,Kung,FIL,10370,
652,Di,FIL,10371,
652,Ang,FIL,10372,
652,mga,FIL,10373,
652,kapatid,FIL,10374,
652,nya,FIL,10375,
652,.,SYM,10376,
653,pano,FIL,10377,
653,ba,FIL,10378,
653,kasi,FIL,10379,
653,makipagkaibigan,FIL,10380,
653,ngayong,FIL,10381,
653,online,ENG,10382,
653,class,ENG,10383,
656,Matapos,FIL,10384,
656,sampahan,FIL,10385,
656,ng,FIL,10386,
656,kaso,FIL,10387,
656,si,FIL,10388,
656,Poblacion,FIL,10389,NE
656,Girl,ENG,10390,NE
656,at,FIL,10391,
656,walong,FIL,10392,
656,iba,FIL,10393,
656,pa,FIL,10394,
656,ay,FIL,10395,
656,inaasahan,FIL,10396,
656,na,FIL,10397,
656,sasampahan,FIL,10398,
656,din,FIL,10399,
656,ng,FIL,10400,
656,kaso,FIL,10401,
656,ng,FIL,10402,
656,Philippine,ENG,10403,NE
656,National,ENG,10404,NE
656,Police,ENG,10405,NE
656,(,SYM,10406,
656,PNP,ENG,10407,"ABB,NE"
656,),SYM,10408,
656,ang,FIL,10409,
656,isa,FIL,10410,
656,pang,FIL,10411,
656,babaeng,FIL,10412,
656,balikbayan,FIL,10413,
656,na,FIL,10414,
656,imbes,FIL,10415,
656,na,FIL,10416,
656,tumuloy,FIL,10417,
656,sa,FIL,10418,
656,quarantine,ENG,10419,
656,hotel,ENG,10420,
656,ay,FIL,10421,
656,sa,FIL,10422,
656,condominium,ENG,10423,
656,dumiretso,FIL,10424,
656,.,SYM,10425,
658,sa,FIL,10426,
658,kanya,FIL,10427,
658,pa,FIL,10428,
658,magmamakaawa,FIL,10429,
658,ampota,FIL,10430,
658,kakapal,FIL,10431,
658,ng,FIL,10432,
658,mukha,FIL,10433,
658,niyo,FIL,10434,
658,.,SYM,10435,
659,Susmaryosep,FIL,10436,
659,",",SYM,10437,
659,ang,FIL,10438,
659,ibig,FIL,10439,
659,mong,FIL,10440,
659,sabihin,FIL,10441,
659,kung,FIL,10442,
659,hindi,FIL,10443,
659,magsalita,FIL,10444,
659,si,FIL,10445,
659,Digong,UNK,10446,NE
659,walang,FIL,10447,
659,gagalaw,FIL,10448,
659,?,SYM,10449,
660,So,ENG,10450,
660,eto,FIL,10451,
660,monday,ENG,10452,
660,nanaman,FIL,10453,
660,ang,FIL,10454,
660,bilis,FIL,10455,
660,ng,FIL,10456,
660,araw,FIL,10457,
660,ahahaha,UNK,10458,EXPR
660,at,FIL,10459,
660,hirap,FIL,10460,
660,parin,FIL,10461,
660,makatulog,FIL,10462,
660,at,FIL,10463,
660,sa,FIL,10464,
660,mga,FIL,10465,
660,hindi,FIL,10466,
660,rin,FIL,10467,
660,makatulog,FIL,10468,
660,dyan,FIL,10469,
660,tara,FIL,10470,
660,usap,FIL,10471,
660,tayo,FIL,10472,
660,pampaantok,FIL,10473,
660,lang,FIL,10474,
660,hmu,ENG,10475,ABB
660,po,FIL,10476,
661,Sobra,FIL,10477,
661,na,FIL,10478,
661,tama,FIL,10479,
661,na,FIL,10480,
661,ang,FIL,10481,
661,corruption,ENG,10482,
661,lubog,FIL,10483,
661,na,FIL,10484,
661,lubog,FIL,10485,
661,na,FIL,10486,
661,ang,FIL,10487,
661,Pilipinas,FIL,10488,NE
661,",",SYM,10489,
661,matakot,FIL,10490,
661,sana,FIL,10491,
661,sa,FIL,10492,
661,Diyos,FIL,10493,NE
661,mga,FIL,10494,
661,nasa,FIL,10495,
661,gobyerno,FIL,10496,
661,na,FIL,10497,
661,walang,FIL,10498,
661,ginawa,FIL,10499,
661,kundi,FIL,10500,
661,magpayaman,FIL,10501,
663,Eh,UNK,10502,EXPR
663,diba,FIL,10503,
663,nakinabang,FIL,10504,
663,din,FIL,10505,
663,siya,FIL,10506,
663,sa,FIL,10507,
663,mga,FIL,10508,
663,bakuna,FIL,10509,
663,drive,ENG,10510,
663,ni,FIL,10511,
663,Leni,UNK,10512,NE
663,.,SYM,10513,
664,Sa,FIL,10514,
664,kabila,FIL,10515,
664,ng,FIL,10516,
664,matinding,FIL,10517,
664,impeksyon,FIL,10518,
664,dito,FIL,10519,
664,sa,FIL,10520,
664,NCR,FIL,10521,"ABB,NE"
664,",",SYM,10522,
664,sanay,FIL,10523,
664,tutukan,FIL,10524,
664,din,FIL,10525,
664,ang,FIL,10526,
664,ibang,FIL,10527,
664,mga,FIL,10528,
664,lugar,FIL,10529,
664,kung,FIL,10530,
664,saan,FIL,10531,
664,lumalala,FIL,10532,
664,ang,FIL,10533,
664,sitwasyon,FIL,10534,
664,",",SYM,10535,
664,at,FIL,10536,
664,halos,FIL,10537,
664,walang,FIL,10538,
664,kakayahan,FIL,10539,
664,ang,FIL,10540,
664,maliliit,FIL,10541,
664,na,FIL,10542,
664,provincial,ENG,10543,
664,hospital,ENG,10544,
664,rumisponde,FIL,10545,
664,(,SYM,10546,
664,provinces,ENG,10547,
664,are,ENG,10548,
664,complaining,ENG,10549,
664,there,ENG,10550,
664,is,ENG,10551,
664,no,ENG,10552,
664,vaccine,ENG,10553,
664,equity,ENG,10554,
664,.,SYM,10555,
665,wag,FIL,10556,
665,mong,FIL,10557,
665,hingin,FIL,10558,
665,yung,FIL,10559,
665,atensyon,FIL,10560,
665,",",SYM,10561,
665,hayaan,FIL,10562,
665,mong,FIL,10563,
665,ibigay,FIL,10564,
665,nya,FIL,10565,
665,ng,FIL,10566,
665,kusa,FIL,10567,
665,.,SYM,10568,
666,Idol,ENG,10569,
666,cong,UNK,10570,NE
666,hindi,FIL,10571,
666,si,FIL,10572,
666,trunks,UNK,10573,NE
666,ang,FIL,10574,
666,kamukha,FIL,10575,
666,ni,FIL,10576,
666,idol,ENG,10577,
666,junnie,UNK,10578,NE
666,.,SYM,10579,
667,Naappreciate,UNK,10580,
667,ko,FIL,10581,
667,po,FIL,10582,
667,ang,FIL,10583,
667,inyong,FIL,10584,
667,suporta,FIL,10585,
667,at,FIL,10586,
667,pagmamahal,FIL,10587,
667,",",SYM,10588,
667,mensahe,FIL,10589,
667,pa,FIL,10590,
667,ng,FIL,10591,
667,dating,FIL,10592,
667,ka-loveteam,UNK,10593,
667,ng,FIL,10594,
667,Korean,ENG,10595,NE
667,idol,ENG,10596,
667,na,FIL,10597,
667,ngayong,FIL,10598,
667,si,FIL,10599,
667,Sandara,UNK,10600,NE
667,Park,UNK,10601,NE
667,.,SYM,10602,
668,May,FIL,10603,
668,politiko,FIL,10604,
668,rin,FIL,10605,
668,na,FIL,10606,
668,nagbibigay,FIL,10607,
668,ng,FIL,10608,
668,payo,FIL,10609,
668,.,SYM,10610,
669,Ang,FIL,10611,
669,mahal,FIL,10612,
669,kasi,FIL,10613,
669,ng,FIL,10614,
669,galing,FIL,10615,
669,sa,FIL,10616,
669,mga,FIL,10617,
669,kilalang,FIL,10618,
669,brands,ENG,10619,
669,",",SYM,10620,
669,eh,FIL,10621,
669,bihira,FIL,10622,
669,ko,FIL,10623,
669,lang,FIL,10624,
669,naman,FIL,10625,
669,gagamitin,FIL,10626,
669,.,SYM,10627,
671,Ipinanganak,FIL,10628,
671,noong,FIL,10629,
671,1890,NUM,10630,
671,sa,FIL,10631,
671,Corinaldi,UNK,10632,NE
671,",",SYM,10633,
671,Italy,ENG,10634,NE
671,si,FIL,10635,
671,Goretti,UNK,10636,NE
671,mula,FIL,10637,
671,sa,FIL,10638,
671,pamilya,FIL,10639,
671,ng,FIL,10640,
671,mga,FIL,10641,
671,magsasaka,FIL,10642,
671,.,SYM,10643,
672,Tiniyak,FIL,10644,
672,naman,FIL,10645,
672,ni,FIL,10646,
672,Health,ENG,10647,NE
672,Secretary,ENG,10648,NE
672,Francisco,UNK,10649,NE
672,Duque,UNK,10650,NE
672,III,ENG,10651,NE
672,na,FIL,10652,
672,hindi,FIL,10653,
672,nila,FIL,10654,
672,kukunsintihin,FIL,10655,
672,ang,FIL,10656,
672,ganoong,FIL,10657,
672,kapabayaan,FIL,10658,
672,kaya,FIL,10659,
672,magsasagawa,FIL,10660,
672,ng,FIL,10661,
672,imbestigasyon,FIL,10662,
672,at,FIL,10663,
672,papatawan,FIL,10664,
672,ng,FIL,10665,
672,parusa,FIL,10666,
672,ang,FIL,10667,
672,nagpabaya,FIL,10668,
672,.,SYM,10669,
673,Ang,FIL,10670,
673,isinabuhay,FIL,10671,
673,ni,FIL,10672,
673,Job,UNK,10673,NE
673,sa,FIL,10674,
673,panahon,FIL,10675,
673,ng,FIL,10676,
673,kanyang,FIL,10677,
673,buong,FIL,10678,
673,buhay,FIL,10679,
673,at,FIL,10680,
673,ang,FIL,10681,
673,kanyang,FIL,10682,
673,kapansin,FIL,10683,
673,pansin,FIL,10684,
673,na,FIL,10685,
673,tagumpay,FIL,10686,
673,laban,FIL,10687,
673,kay,FIL,10688,
673,Satanas,UNK,10689,NE
673,ay,FIL,10690,
673,magpakailanman,FIL,10691,
673,na,FIL,10692,
673,itatangi,FIL,10693,
673,ng,FIL,10694,
673,Diyos,UNK,10695,NE
673,",",SYM,10696,
673,at,FIL,10697,
673,ang,FIL,10698,
673,kanyang,FIL,10699,
673,pagka-perpekto,FIL,10700,
673,at,FIL,10701,
673,pagkamatuwid,FIL,10702,
673,",",SYM,10703,
673,at,FIL,10704,
673,takot,FIL,10705,
673,sa,FIL,10706,
673,Diyos,UNK,10707,NE
673,ay,FIL,10708,
673,igagalang,FIL,10709,
673,at,FIL,10710,
673,tutularan,FIL,10711,
673,ng,FIL,10712,
673,mga,FIL,10713,
673,henerasyon,FIL,10714,
673,na,FIL,10715,
673,darating,FIL,10716,
673,.,SYM,10717,
674,I,ENG,10718,
674,deserve,ENG,10719,
674,to,ENG,10720,
674,win,ENG,10721,
674,this,ENG,10722,
674,giveaway,ENG,10723,
674,dahil,FIL,10724,
674,binibigay,FIL,10725,
674,ko,FIL,10726,
674,ang,FIL,10727,
674,effort,ENG,10728,
674,ko,FIL,10729,
674,",",SYM,10730,
674,ang,FIL,10731,
674,makakaya,FIL,10732,
674,ko,FIL,10733,
674,para,FIL,10734,
674,masuportahan,FIL,10735,
674,ang,FIL,10736,
674,mga,FIL,10737,
674,idols,ENG,10738,
674,ko,FIL,10739,
674,lalo,FIL,10740,
674,na,FIL,10741,
674,si,FIL,10742,
674,lisa,UNK,10743,NE
674,like,ENG,10744,
674,pag,FIL,10745,
674,stream,ENG,10746,
674,",",SYM,10747,
674,pag,FIL,10748,
674,vote,ENG,10749,
674,at,FIL,10750,
674,ang,FIL,10751,
674,mahalin,FIL,10752,
674,sila,FIL,10753,
674,except,ENG,10754,
674,buying,ENG,10755,
674,official,ENG,10756,
674,merch,ENG,10757,
674,medyo,FIL,10758,
674,tagilid,FIL,10759,
674,tayo,FIL,10760,
674,don,FIL,10761,
674,.,SYM,10762,
675,Pero,FIL,10763,
675,sa,FIL,10764,
675,DonBelle,UNK,10765,NE
675,lang,FIL,10766,
675,ako,FIL,10767,
675,gumawa,FIL,10768,
675,ng,FIL,10769,
675,stan,ENG,10770,
675,acct,ENG,10771,ABB
675,.,SYM,10772,
676,dugo,FIL,10773,
676,ang,FIL,10774,
676,ilong,FIL,10775,
676,malala,FIL,10776,
676,HAHHAHAHAHA,UNK,10777,EXPR
677,Sa,FIL,10778,
677,panayam,FIL,10779,
677,ng,FIL,10780,
677,GMA,ENG,10781,"ABB,NE"
677,kay,FIL,10782,
677,Jimmy,UNK,10783,NE
677,kamakailan,FIL,10784,
677,",",SYM,10785,
677,sinabi,FIL,10786,
677,niyang,FIL,10787,
677,nag-eenjoy,FIL,10788,
677,siya,FIL,10789,
677,sa,FIL,10790,
677,pagiging,FIL,10791,
677,vlogger,ENG,10792,
677,dahil,FIL,10793,
677,marami,FIL,10794,
677,siyang,FIL,10795,
677,natututunan,FIL,10796,
677,at,FIL,10797,
677,naibabahaging,FIL,10798,
677,mga,FIL,10799,
677,bagong,FIL,10800,
677,kaalaman,FIL,10801,
677,sa,FIL,10802,
677,publiko,FIL,10803,
677,.,SYM,10804,
678,Hindi,FIL,10805,
678,rin,FIL,10806,
678,mapatunayan,FIL,10807,
678,ng,FIL,10808,
678,mga,FIL,10809,
678,mananampalataya,FIL,10810,
678,nito,FIL,10811,
678,na,FIL,10812,
678,ang,FIL,10813,
678,bawat,FIL,10814,
678,salaysay,FIL,10815,
678,o,FIL,10816,
678,pahayag,FIL,10817,
678,sa,FIL,10818,
678,mga,FIL,10819,
678,aklat,FIL,10820,
678,na,FIL,10821,
678,ito,FIL,10822,
678,ay,FIL,10823,
678,totoo,FIL,10824,
678,.,SYM,10825,
681,Bibigyan,FIL,10826,
681,ka,FIL,10827,
681,namin,FIL,10828,
681,ng,FIL,10829,
681,kaunting,FIL,10830,
681,panahon,FIL,10831,
681,para,FIL,10832,
681,pag-isipan,FIL,10833,
681,iyan,FIL,10834,
681,!,SYM,10835,
682,R,ENG,10836,ABB
682,.,SYM,10837,
682,I,ENG,10838,ABB
682,.,SYM,10839,
682,P,ENG,10840,ABB
682,sa,FIL,10841,
682,mga,FIL,10842,
682,nawala,FIL,10843,
682,ang,FIL,10844,
682,buhay,FIL,10845,
683,Samantala,FIL,10846,
683,",",SYM,10847,
683,aliw,FIL,10848,
683,na,FIL,10849,
683,aliw,FIL,10850,
683,naman,FIL,10851,
683,kami,FIL,10852,
683,sa,FIL,10853,
683,nanay,FIL,10854,
683,ng,FIL,10855,
683,Kapuso,FIL,10856,NE
683,leading,ENG,10857,
683,lady,ENG,10858,
683,na,FIL,10859,
683,umaming,FIL,10860,
683,kilig,FIL,10861,
683,na,FIL,10862,
683,kilig,FIL,10863,
683,din,FIL,10864,
683,sa,FIL,10865,
683,tambalan,FIL,10866,
683,nina,FIL,10867,
683,Sanya,UNK,10868,NE
683,at,FIL,10869,
683,Gabby,UNK,10870,NE
683,sa,FIL,10871,
683,natapos,FIL,10872,
683,nang,FIL,10873,
683,serye,FIL,10874,
683,.,SYM,10875,
684,Sana,FIL,10876,
684,wala,FIL,10877,
684,ng,FIL,10878,
684,Smartmatic,UNK,10879,NE
684,para,FIL,10880,
684,manalo,FIL,10881,
684,siya,FIL,10882,
684,.,SYM,10883,
685,Bulok,FIL,10884,
685,ang,FIL,10885,
685,wifi,ENG,10886,
685,sa,FIL,10887,
685,pinas,FIL,10888,NE
685,HAHAHA,UNK,10889,EXPR
686,paano,FIL,10890,
686,ako,FIL,10891,
686,makakaexam,UNK,10892,
686,nang,FIL,10893,
686,ayos,FIL,10894,
686,?,SYM,10895,
687,grabe,FIL,10896,
687,iba,FIL,10897,
687,talaga,FIL,10898,
687,kapag,FIL,10899,
687,sila,FIL,10900,
687,ang,FIL,10901,
687,nag,FIL,10902,
687,salita,FIL,10903,
687,",",SYM,10904,
687,mararamdaman,FIL,10905,
687,mo,FIL,10906,
687,talaga,FIL,10907,
687,",",SYM,10908,
687,maligayang,FIL,10909,
687,pasko,FIL,10910,NE
687,rin,FIL,10911,
687,po,FIL,10912,
687,sa,FIL,10913,
687,inyo,FIL,10914,
687,",",SYM,10915,
687,hangad,FIL,10916,
687,po,FIL,10917,
687,namin,FIL,10918,
687,ang,FIL,10919,
687,inyong,FIL,10920,
687,tagumpay,FIL,10921,
687,sa,FIL,10922,
687,darating,FIL,10923,
687,na,FIL,10924,
687,election,ENG,10925,
687,sa,FIL,10926,
687,2022,NUM,10927,
687,",",SYM,10928,
687,salamat,FIL,10929,
687,po,FIL,10930,
688,May,FIL,10931,
688,kinalaman,FIL,10932,
688,daw,FIL,10933,
688,kasi,FIL,10934,
688,ito,FIL,10935,
688,noong,FIL,10936,
688,nag-react,FIL,10937,
688,ang,FIL,10938,
688,premyadong,FIL,10939,
688,aktres,FIL,10940,
688,sa,FIL,10941,
688,pagbabalik-telebisyon,FIL,10942,
688,ng,FIL,10943,
688,senador,FIL,10944,
688,sa,FIL,10945,
688,pamamagitan,FIL,10946,
688,ng,FIL,10947,
688,isang,FIL,10948,
688,TV,ENG,10949,ABB
688,series,ENG,10950,
688,sa,FIL,10951,
688,Kapuso,FIL,10952,NE
688,Network,ENG,10953,NE
688,.,SYM,10954,
689,kulang,FIL,10955,
689,na,FIL,10956,
689,kulang,FIL,10957,
689,ba,FIL,10958,
689,kayo,FIL,10959,
689,sa,FIL,10960,
689,pansin,FIL,10961,
690,Bago,FIL,10962,
690,Sumikat,FIL,10963,
690,Napasama,FIL,10964,
690,siya,FIL,10965,
690,sa,FIL,10966,
690,industriya,FIL,10967,
690,ng,FIL,10968,
690,syobis,FIL,10969,
690,sa,FIL,10970,
690,napakamurang,FIL,10971,
690,edad,FIL,10972,
690,.,SYM,10973,
691,mabuhay,FIL,10974,
691,po,FIL,10975,
691,kayo,FIL,10976,
691,mga,FIL,10977,
691,local,ENG,10978,
691,pinoy,FIL,10979,
691,artists,ENG,10980,
691,!,SYM,10981,
692,"""",SYM,10982,
692,,SYM,10983,
692,Ipagpaumanhin,FIL,10984,
692,ninyo,FIL,10985,
692,pero,FIL,10986,
692,gusto,FIL,10987,
692,ko,FIL,10988,
692,lang,FIL,10989,
692,kumuha,FIL,10990,
692,ng,FIL,10991,
692,tubig,FIL,10992,
692,.,SYM,10993,
694,First,ENG,10994,
694,time,ENG,10995,
694,ko,FIL,10996,
694,tumingin,FIL,10997,
694,sa,FIL,10998,
694,match,ENG,10999,
694,stats,ENG,11000,
694,ng,FIL,11001,
694,JVL,UNK,11002,"ABB,NE"
694,.,SYM,11003,
695,Nag-aani,FIL,11004,
695,rin,FIL,11005,
695,sila,FIL,11006,
695,ng,FIL,11007,
695,mga,FIL,11008,
695,pananim,FIL,11009,
695,na,FIL,11010,
695,gulay,FIL,11011,
695,at,FIL,11012,
695,prutas,FIL,11013,
695,",",SYM,11014,
695,gaya,FIL,11015,
695,ng,FIL,11016,
695,lansones,FIL,11017,
695,",",SYM,11018,
695,niyog,FIL,11019,
695,",",SYM,11020,
695,patani,FIL,11021,
695,",",SYM,11022,
695,luya,FIL,11023,
695,",",SYM,11024,
695,kape,FIL,11025,
695,at,FIL,11026,
695,iba,FIL,11027,
695,pa,FIL,11028,
695,.,SYM,11029,
695,Hindi,FIL,11030,
695,man,FIL,11031,
695,humihingi,FIL,11032,
695,ng,FIL,11033,
695,kahit,FIL,11034,
695,ano,FIL,11035,
695,sina,FIL,11036,
695,Nanay,FIL,11037,NE
695,Juana,UNK,11038,NE
695,at,FIL,11039,
695,Nanay,FIL,11040,NE
695,Guillerma,UNK,11041,NE
695,",",SYM,11042,
695,kusang,FIL,11043,
695,loob,FIL,11044,
695,na,FIL,11045,
695,tumutulong,FIL,11046,
695,ang,FIL,11047,
695,ilan,FIL,11048,
695,gaya,FIL,11049,
695,na,FIL,11050,
695,lang,FIL,11051,
695,ni,FIL,11052,
695,Bayan,UNK,11053,NE
695,Patroller,ENG,11054,NE
695,Paul,UNK,11055,NE
695,Evangelista,UNK,11056,NE
695,na,FIL,11057,
695,nakita,FIL,11058,
695,ang,FIL,11059,
695,post,ENG,11060,
695,ni,FIL,11061,
695,Nodera,UNK,11062,NE
695,sa,FIL,11063,
695,social,ENG,11064,
695,media,ENG,11065,
695,.,SYM,11066,
696,If,ENG,11067,
696,you,ENG,11068,
696,know,ENG,11069,
696,my,ENG,11070,
696,Kuya,FIL,11071,
696,personally,ENG,11072,
696,",",SYM,11073,
696,alam,FIL,11074,
696,niyong,FIL,11075,
696,malayo,FIL,11076,
696,sa,FIL,11077,
696,katotohanan,FIL,11078,
696,ang,FIL,11079,
696,mga,FIL,11080,
696,binibintang,FIL,11081,
696,sakanya,FIL,11082,
696,.,SYM,11083,
697,Madami,FIL,11084,
697,ang,FIL,11085,
697,nangangarap,FIL,11086,
697,maging,FIL,11087,
697,ako,FIL,11088,
697,pero,FIL,11089,
697,di,FIL,11090,ABB
697,nila,FIL,11091,
697,alm,FIL,11092,ABB
697,mung,FIL,11093,
697,ano,FIL,11094,
697,setwasyon,FIL,11095,
697,ko,FIL,11096,
697,ngaun,FIL,11097,ABB
698,Mas,FIL,11098,
698,lalo,FIL,11099,
698,pang,FIL,11100,
698,humanga,FIL,11101,
698,si,FIL,11102,
698,Jamandre,UNK,11103,NE
698,kay,FIL,11104,
698,Sioson,UNK,11105,NE
698,dahil,FIL,11106,
698,hindi,FIL,11107,
698,nito,FIL,11108,
698,kinuha,FIL,11109,
698,nang,FIL,11110,
698,buo,FIL,11111,
698,ang,FIL,11112,
698,binigay,FIL,11113,
698,niyang,FIL,11114,
698,sukli,FIL,11115,
698,.,SYM,11116,
699,Hindi,FIL,11117,
699,ito,FIL,11118,
699,dahil,FIL,11119,
699,sa,FIL,11120,
699,ikaw,FIL,11121,
699,ay,FIL,11122,
699,mabagal,FIL,11123,
699,magsalita,FIL,11124,
699,o,FIL,11125,
699,na,FIL,11126,
699,ikaw,FIL,11127,
699,ay,FIL,11128,
699,nauutal,FIL,11129,
699,",",SYM,11130,
699,kundi,FIL,11131,
699,dahil,FIL,11132,
699,ito,FIL,11133,
699,ay,FIL,11134,
699,isang,FIL,11135,
699,uri,FIL,11136,
699,ng,FIL,11137,
699,damdamin,FIL,11138,
699,na,FIL,11139,
699,hindi,FIL,11140,
699,kayang,FIL,11141,
699,mailarawan,FIL,11142,
699,sa,FIL,11143,
699,mga,FIL,11144,
699,salita,FIL,11145,
699,.,SYM,11146,
701,Diman,FIL,11147,
701,nato,FIL,11148,
701,mahatag,FIL,11149,
701,ang,FIL,11150,
701,pamilya,FIL,11151,
701,na,FIL,11152,
701,gusto,FIL,11153,
701,niya,FIL,11154,
701,.,SYM,11155,
702,Inanunsiyo,FIL,11156,
702,rin,FIL,11157,
702,ni,FIL,11158,
702,Tugade,UNK,11159,NE
702,ang,FIL,11160,
702,mas,FIL,11161,
702,malaking,FIL,11162,
702,developments,ENG,11163,
702,sa,FIL,11164,
702,pantalan,FIL,11165,
702,",",SYM,11166,
702,ang,FIL,11167,
702,konstruksyon,FIL,11168,
702,ng,FIL,11169,
702,Southern,ENG,11170,NE
702,Nautical,ENG,11171,NE
702,Highway,ENG,11172,NE
702,.,SYM,11173,
703,1,NUM,11174,
703,month,ENG,11175,
703,na,FIL,11176,
703,akong,FIL,11177,
703,hindi,FIL,11178,
703,nananalo,FIL,11179,
704,Yan,FIL,11180,
704,ang,FIL,11181,
704,inisip,FIL,11182,
704,ko,FIL,11183,
704,noong,FIL,11184,
704,napagdaan,FIL,11185,
704,ko,FIL,11186,
704,yan,FIL,11187,
704,lalo,FIL,11188,
704,na,FIL,11189,
704,got,ENG,11190,
704,2,NUM,11191,
704,miscarriages,ENG,11192,
704,!,SYM,11193,
706,Wala,FIL,11194,
706,kaming,FIL,11195,
706,pake,FIL,11196,
706,",",SYM,11197,
706,basta't,FIL,11198,
706,ang,FIL,11199,
706,alam,FIL,11200,
706,at,FIL,11201,
706,ramdam,FIL,11202,
706,namin,FIL,11203,
706,na,FIL,11204,
706,mabuti,FIL,11205,
706,ka,FIL,11206,
706,at,FIL,11207,
706,napakagaling,FIL,11208,
706,mo,FIL,11209,
706,sa,FIL,11210,
706,lahat,FIL,11211,
706,!,SYM,11212,
708,Sinabi,FIL,11213,
708,ko,FIL,11214,
708,nga,FIL,11215,
708,kay,FIL,11216,
708,Direk,FIL,11217,ABB
708,JP,UNK,11218,"ABB,NE"
708,ang,FIL,11219,
708,galing,FIL,11220,
708,ng,FIL,11221,
708,ginawa,FIL,11222,
708,niya,FIL,11223,
708,sa,FIL,11224,
708,mga,FIL,11225,
708,usapan,FIL,11226,
708,through,ENG,11227,
708,phone,ENG,11228,
708,or,ENG,11229,
708,naka-zoom,FIL,11230,
708,lang,FIL,11231,
708,",",SYM,11232,
708,like,ENG,11233,
708,ko,FIL,11234,
708,siya,FIL,11235,
708,.,SYM,11236,
709,Sa,FIL,11237,
709,ulat,FIL,11238,
709,ng,FIL,11239,
709,Reuters,ENG,11240,NE
709,",",SYM,11241,
709,ipinakita,FIL,11242,
709,ang,FIL,11243,
709,prototype,ENG,11244,
709,CorDial-1,UNK,11245,NE
709,test,ENG,11246,
709,na,FIL,11247,
709,kasinglaki,FIL,11248,
709,ng,FIL,11249,
709,USB,ENG,11250,"ABB,NE"
709,stick,ENG,11251,
709,na,FIL,11252,
709,ikakabit,FIL,11253,
709,sa,FIL,11254,
709,smartphone,ENG,11255,
709,upang,FIL,11256,
709,malaman,FIL,11257,
709,kung,FIL,11258,
709,positibo,FIL,11259,
709,o,FIL,11260,
709,hindi,FIL,11261,
709,sa,FIL,11262,
709,virus,ENG,11263,
709,ang,FIL,11264,
709,isang,FIL,11265,
709,tao,FIL,11266,
709,.,SYM,11267,
710,Hinango,FIL,11268,
710,mula,FIL,11269,
710,sa,FIL,11270,
710,Ang,FIL,11271,
710,Diwa,FIL,11272,NE
710,ng,FIL,11273,
710,Katawang-tao,FIL,11274,NE
710,na,FIL,11275,
710,Tinatahanan,FIL,11276,
710,ng,FIL,11277,
710,Diyos,FIL,11278,NE
710,sa,FIL,11279,
710,Ang,FIL,11280,
710,Salita,FIL,11281,NE
710,ay,FIL,11282,
710,Nagpapakita,FIL,11283,NE
710,sa,FIL,11284,
710,Katawang-tao,FIL,11285,NE
710,8,NUM,11286,
710,.,SYM,11287,
711,Kuya,FIL,11288,NE
711,lagay,FIL,11289,
711,kaya,FIL,11290,
711,ako,FIL,11291,
711,dyan,FIL,11292,
711,ng,FIL,11293,
711,robin,UNK,11294,NE
711,ang,FIL,11295,
711,gwapo,FIL,11296,
711,mo,FIL,11297,
711,",",SYM,11298,
711,sasarap,FIL,11299,
711,din,FIL,11300,
711,ba,FIL,11301,
711,ulam,FIL,11302,
711,ko,FIL,11303,
711,?,SYM,11304,
712,Ofw,ENG,11305,ABB
712,din,FIL,11306,
712,po,FIL,11307,
712,ako,FIL,11308,
712,pero,FIL,11309,
712,hindi,FIL,11310,
712,ako,FIL,11311,
712,nag,FIL,11312,
712,pipilit,FIL,11313,
712,umuwi,FIL,11314,
712,dahil,FIL,11315,
712,ayoko,FIL,11316,
712,ngayon,FIL,11317,
712,pandemic,ENG,11318,
712,dahil,FIL,11319,
712,natatakot,FIL,11320,
712,ako,FIL,11321,
712,na,FIL,11322,
712,baka,FIL,11323,
712,pag,FIL,11324,
712,uwi,FIL,11325,
712,ko,FIL,11326,
712,may,FIL,11327,
712,mga,FIL,11328,
712,makasabay,FIL,11329,
712,ako,FIL,11330,
712,sa,FIL,11331,
712,eroplano,FIL,11332,
712,na,FIL,11333,
712,may,FIL,11334,
712,covid-19,ENG,11335,"ABB,NE"
712,i,ENG,11336,
712,choose,ENG,11337,
712,to,ENG,11338,
712,stay,ENG,11339,
712,singapore,UNK,11340,NE
712,.,SYM,11341,
712,para,FIL,11342,
712,narin,FIL,11343,
712,sa,FIL,11344,
712,kaligtasan,FIL,11345,
712,ng,FIL,11346,
712,family,ENG,11347,
712,ko,FIL,11348,
712,.,SYM,11349,
713,Ang,FIL,11350,
713,isa,FIL,11351,
713,sa,FIL,11352,
713,mga,FIL,11353,
713,model,ENG,11354,
713,na,FIL,11355,
713,pwedeng,FIL,11356,
713,makisabay,FIL,11357,
713,sa,FIL,11358,
713,intertional,UNK,11359,
713,scene,ENG,11360,
713,ay,FIL,11361,
713,ang,FIL,11362,
713,CM,ENG,11363,"ABB,NE"
713,Aqua,ENG,11364,NE
713,S10,UNK,11365,NE
713,Pro,ENG,11366,NE
713,.,SYM,11367,
714,Heograpiya,FIL,11368,
714,Isang,FIL,11369,
714,malaking,FIL,11370,
714,lugar,FIL,11371,
714,ng,FIL,11372,
714,teritoryo,FIL,11373,
714,nito,FIL,11374,
714,ay,FIL,11375,
714,tumutugma,FIL,11376,
714,sa,FIL,11377,
714,historiko-heograpikong,FIL,11378,
714,rehiyon,FIL,11379,
714,ng,FIL,11380,
714,sa,FIL,11381,
714,silangan,FIL,11382,
714,.,SYM,11383,
715,Sa,FIL,11384,
715,pagpapatuloy,FIL,11385,
715,ng,FIL,11386,
715,TV,ENG,11387,ABB
715,executive,ENG,11388,
715,",",SYM,11389,
715,Lalo,FIL,11390,
715,na,FIL,11391,
715,sa,FIL,11392,
715,dami,FIL,11393,
715,ng,FIL,11394,
715,nangyayari,FIL,11395,
715,sa,FIL,11396,
715,mundo,FIL,11397,
715,",",SYM,11398,
715,iba-brand,UNK,11399,
715,pa,FIL,11400,
715,ba,FIL,11401,
715,natin,FIL,11402,
715,ang,FIL,11403,
715,mga,FIL,11404,
715,sarili,FIL,11405,
715,natin,FIL,11406,
715,ng,FIL,11407,
715,o,FIL,11408,
715,ako,FIL,11409,
715,ito,FIL,11410,
715,",",SYM,11411,
715,ikaw,FIL,11412,
715,yan,FIL,11413,
715,?,SYM,11414,
716,Nakalagay,FIL,11415,
716,sa,FIL,11416,
716,sulat,FIL,11417,
716,ang,FIL,11418,
716,unang,FIL,11419,
716,task,ENG,11420,
716,ni,FIL,11421,
716,Madam,UNK,11422,NE
716,Inutz,UNK,11423,NE
716,na,FIL,11424,
716,kung,FIL,11425,
716,saan,FIL,11426,
716,binibigyan,FIL,11427,
716,lamang,FIL,11428,
716,siya,FIL,11429,
716,ni,FIL,11430,
716,Kuya,FIL,11431,NE
716,ng,FIL,11432,
716,15,NUM,11433,
716,minuto,FIL,11434,
716,upang,FIL,11435,
716,makapag,FIL,11436,
716,livestream,ENG,11437,
716,agad,FIL,11438,
716,sa,FIL,11439,
716,Kumu,UNK,11440,NE
716,app,ENG,11441,
716,at,FIL,11442,
716,makipagkamustahan,FIL,11443,
716,sa,FIL,11444,
716,Kumunity,UNK,11445,NE
716,.,SYM,11446,
716,Winelcome,FIL,11447,
716,siya,FIL,11448,
716,ng,FIL,11449,
716,mga,FIL,11450,
716,PBB,FIL,11451,"ABB,NE"
716,host,ENG,11452,
716,na,FIL,11453,
716,sina,FIL,11454,
716,Bianca,UNK,11455,NE
716,Gonzales,UNK,11456,NE
716,",",SYM,11457,
716,Enchong,UNK,11458,NE
716,Dee,UNK,11459,NE
716,",",SYM,11460,
716,at,FIL,11461,
716,Melai,UNK,11462,NE
716,Cantiveros,UNK,11463,NE
716,.,SYM,11464,
717,Irrevocable,ENG,11465,
717,ayon,FIL,11466,
717,kay,FIL,11467,
717,Baguio,UNK,11468,NE
717,City,ENG,11469,NE
717,Mayor,ENG,11470,
717,Benjamin,UNK,11471,NE
717,Magalong,UNK,11472,NE
717,ang,FIL,11473,
717,isinumite,FIL,11474,
717,nitong,FIL,11475,
717,resignation,ENG,11476,
717,bilang,FIL,11477,
717,contact,ENG,11478,
717,tracing,ENG,11479,
717,czar,ENG,11480,
717,ng,FIL,11481,
717,gobyerno,FIL,11482,
717,kasunod,FIL,11483,
717,ng,FIL,11484,
717,kontrobersyal,FIL,11485,
717,na,FIL,11486,
717,party,ENG,11487,
717,ng,FIL,11488,
717,event,ENG,11489,
717,host,ENG,11490,
717,na,FIL,11491,
717,si,FIL,11492,
717,Tim,UNK,11493,NE
717,Yap,UNK,11494,NE
717,na,FIL,11495,
717,nakitaan,FIL,11496,
717,ng,FIL,11497,
717,mga,FIL,11498,
717,paglabag,FIL,11499,
717,sa,FIL,11500,
717,protocol,ENG,11501,
717,.,SYM,11502,
718,Apat,FIL,11503,
718,naman,FIL,11504,
718,ang,FIL,11505,
718,bagong,FIL,11506,
718,napaulat,FIL,11507,
718,na,FIL,11508,
718,nasawi,FIL,11509,
718,.,SYM,11510,
719,kaya,FIL,11511,
719,kapag,FIL,11512,
719,may,FIL,11513,
719,away,FIL,11514,
719,sa,FIL,11515,
719,rp,ENG,11516,ABB
719,ni,FIL,11517,
719,hindi,FIL,11518,
719,na,FIL,11519,
719,ako,FIL,11520,
719,tinatablan,FIL,11521,
720,Nahulog,FIL,11522,
720,ang,FIL,11523,
720,Magnolia,UNK,11524,NE
720,sa,FIL,11525,
720,1-3,NUM,11526,
720,kartada,FIL,11527,
720,.,SYM,11528,
721,Kabilang,FIL,11529,
721,sa,FIL,11530,
721,mga,FIL,11531,
721,kinokondena,FIL,11532,
721,ng,FIL,11533,
721,grupo,FIL,11534,
721,ang,FIL,11535,
721,presensya,FIL,11536,
721,ng,FIL,11537,
721,220,NUM,11538,
721,Chinese,ENG,11539,NE
721,fishing,ENG,11540,
721,vessels,ENG,11541,
721,sa,FIL,11542,
721,Julian,UNK,11543,NE
721,Felipe,UNK,11544,NE
721,Reef,ENG,11545,NE
721,kamakailan,FIL,11546,
721,pati,FIL,11547,
721,na,FIL,11548,
721,ang,FIL,11549,
721,presensya,FIL,11550,
721,ng,FIL,11551,
721,ilegal,FIL,11552,
721,na,FIL,11553,
721,mga,FIL,11554,
721,istruktura,FIL,11555,
721,sa,FIL,11556,
721,Union,ENG,11557,NE
721,Bank,ENG,11558,NE
721,sa,FIL,11559,
721,Kalayaan,FIL,11560,NE
721,Group,ENG,11561,NE
721,of,ENG,11562,
721,Island,ENG,11563,NE
721,.,SYM,11564,
722,hindi,FIL,11565,
722,na,FIL,11566,
722,ko,FIL,11567,
722,sanay,FIL,11568,
722,sa,FIL,11569,
722,isolated,ENG,11570,
722,pota,FIL,11571,
722,nahulugan,FIL,11572,
722,ng,FIL,11573,
722,airdrop,ENG,11574,
723,Pagpalaain,FIL,11575,
723,po,FIL,11576,
723,kau,FIL,11577,
723,ng,FIL,11578,
723,dyos,FIL,11579,
723,.,SYM,11580,
724,Tugon,FIL,11581,
724,ito,FIL,11582,
724,ni,FIL,11583,
724,Pangulong,FIL,11584,
724,Duterte,UNK,11585,NE
724,sa,FIL,11586,
724,pahayag,FIL,11587,
724,ni,FIL,11588,
724,Pacquiao,UNK,11589,NE
724,na,FIL,11590,
724,tatlong,FIL,11591,
724,beses,FIL,11592,
724,na,FIL,11593,
724,mas,FIL,11594,
724,malawak,FIL,11595,
724,ang,FIL,11596,
724,korupsyon,FIL,11597,
724,sa,FIL,11598,
724,administrasyong,FIL,11599,
724,Duterte,UNK,11600,NE
724,kumpara,FIL,11601,
724,sa,FIL,11602,
724,mga,FIL,11603,
724,nagdaang,FIL,11604,
724,administrasyon,FIL,11605,
724,.,SYM,11606,
725,well,UNK,11607,EXPR
725,ayon,FIL,11608,
725,ay,FIL,11609,
725,isang,FIL,11610,
725,awkward,ENG,11611,
725,na,FIL,11612,
725,pangyayari,FIL,11613,
725,na,FIL,11614,
725,nakakahiyang,FIL,11615,
725,situation,ENG,11616,
726,Habang,FIL,11617,
726,si,FIL,11618,
726,Premier,ENG,11619,
726,John,UNK,11620,NE
726,Horgan,UNK,11621,NE
726,ay,FIL,11622,
726,nagpahayag,FIL,11623,
726,na,FIL,11624,
726,si,FIL,11625,
726,Agulay,UNK,11626,NE
726,ay,FIL,11627,
726,walang,FIL,11628,
726,kapaguran,FIL,11629,
726,para,FIL,11630,
726,sa,FIL,11631,
726,kanyang,FIL,11632,
726,adbokasiya,FIL,11633,
726,.,SYM,11634,
728,Apat,FIL,11635,
728,na,FIL,11636,
728,munisipalidad,FIL,11637,
728,din,FIL,11638,
728,sa,FIL,11639,
728,Batanes,UNK,11640,NE
728,ang,FIL,11641,
728,COVID-free,ENG,11642,
728,:,SYM,11643,
728,ang,FIL,11644,
728,Mahatao,UNK,11645,NE
728,",",SYM,11646,
728,Ivana,UNK,11647,NE
728,",",SYM,11648,
728,Uyugan,UNK,11649,NE
728,at,FIL,11650,
728,Itbayat,UNK,11651,NE
728,.,SYM,11652,
730,Ang,FIL,11653,
730,naturang,FIL,11654,
730,59-anyos,UNK,11655,
730,na,FIL,11656,
730,lola,FIL,11657,
730,ang,FIL,11658,
730,unang,FIL,11659,
730,COVID-19,ENG,11660,"ABB,NE"
730,patient,ENG,11661,
730,sa,FIL,11662,
730,Bian,UNK,11663,NE
730,City,ENG,11664,NE
730,",",SYM,11665,
730,Laguna,UNK,11666,NE
730,",",SYM,11667,
730,at,FIL,11668,
730,gumaling,FIL,11669,
730,sa,FIL,11670,
730,sakit,FIL,11671,
730,ilang,FIL,11672,
730,araw,FIL,11673,
730,matapos,FIL,11674,
730,na,FIL,11675,
730,ipagdiwang,FIL,11676,
730,kaniyang,FIL,11677,
730,kaarawan,FIL,11678,
730,.,SYM,11679,
731,Wala,FIL,11680,
731,na,FIL,11681,
731,bang,FIL,11682,
731,hangganan,FIL,11683,
731,ang,FIL,11684,
731,iyong,FIL,11685,
731,kasamaan,FIL,11686,
731,",",SYM,11687,
731,Tito,UNK,11688,NE
731,?,SYM,11689,
732,Sa,FIL,11690,
732,pagsisimula,FIL,11691,
732,ng,FIL,11692,
732,commercial,ENG,11693,
732,operation,ENG,11694,
732,ng,FIL,11695,
732,paliparan,FIL,11696,
732,",",SYM,11697,
732,1,NUM,11698,
732,",",SYM,11699,
732,100,NUM,11700,
732,namang,FIL,11701,
732,trabaho,FIL,11702,
732,ang,FIL,11703,
732,malilikha,FIL,11704,
732,nito,FIL,11705,
732,na,FIL,11706,
732,malaking,FIL,11707,
732,tulong,FIL,11708,
732,sa,FIL,11709,
732,mga,FIL,11710,
732,kababayan,FIL,11711,
732,nating,FIL,11712,
732,Bicolano,FIL,11713,NE
732,.,SYM,11714,
733,Infairness,UNK,11715,
733,ang,FIL,11716,
733,gganda,FIL,11717,
733,ng,FIL,11718,
733,outfit,ENG,11719,
733,ni,FIL,11720,
733,mmiyuuh,UNK,11721,NE
734,Ayon,FIL,11722,
734,kay,FIL,11723,
734,Cong,ENG,11724,ABB
734,Yap,UNK,11725,NE
734,",",SYM,11726,
734,Chairman,ENG,11727,
734,din,FIL,11728,
734,ng,FIL,11729,
734,House,ENG,11730,NE
734,Committee,ENG,11731,NE
734,on,ENG,11732,
734,Appropriations,ENG,11733,NE
734,",",SYM,11734,
734,wala,FIL,11735,
734,rin,FIL,11736,
734,sigurong,FIL,11737,
734,magulang,FIL,11738,
734,na,FIL,11739,
734,papayag,FIL,11740,
734,na,FIL,11741,
734,pumasok,FIL,11742,
734,sa,FIL,11743,
734,paaralan,FIL,11744,
734,ang,FIL,11745,
734,kanilang,FIL,11746,
734,mga,FIL,11747,
734,anak,FIL,11748,
734,dahil,FIL,11749,
734,sa,FIL,11750,
734,nariyan,FIL,11751,
734,pa,FIL,11752,
734,ang,FIL,11753,
734,virus,ENG,11754,
734,na,FIL,11755,
734,COVID-19,ENG,11756,NE
734,at,FIL,11757,
734,wala,FIL,11758,
734,pang,FIL,11759,
734,bakuna,FIL,11760,
734,laban,FIL,11761,
734,dito,FIL,11762,
734,.,SYM,11763,
735,Ikaw,FIL,11764,
735,yung,FIL,11765,
735,taong,FIL,11766,
735,minahal,FIL,11767,
735,ko,FIL,11768,
735,ng,FIL,11769,
735,lubos,FIL,11770,
735,ikaw,FIL,11771,
735,yung,FIL,11772,
735,taong,FIL,11773,
735,nag,FIL,11774,
735,sugal,FIL,11775,
735,ako,FIL,11776,
735,pero,FIL,11777,
735,ang,FIL,11778,
735,tnga,FIL,11779,
735,ko,FIL,11780,
735,sorry,ENG,11781,
735,if,ENG,11782,
735,ganon,FIL,11783,
735,sana,FIL,11784,
735,mapatawad,FIL,11785,
735,moko,FIL,11786,
735,soon,ENG,11787,
735,",",SYM,11788,
735,Ingatan,FIL,11789,
735,mo,FIL,11790,
735,sarili,FIL,11791,
735,mo,FIL,11792,
735,mahal,FIL,11793,
735,na,FIL,11794,
735,mahal,FIL,11795,
735,kita,FIL,11796,
735,hehe,UNK,11797,EXPR
735,And,ENG,11798,
735,bukod,FIL,11799,
735,sa,FIL,11800,
735,lahat,FIL,11801,
735,salaamt,FIL,11802,
735,sa,FIL,11803,
735,mga,FIL,11804,
735,nagawa,FIL,11805,
735,mo,FIL,11806,
735,saken,FIL,11807,
735,Sorry,ENG,11808,
735,kailangan,FIL,11809,
735,ko,FIL,11810,
735,talagang,FIL,11811,
735,gawin,FIL,11812,
735,to,FIL,11813,
735,sabi,FIL,11814,
735,nga,FIL,11815,
735,ng,FIL,11816,
735,mga,FIL,11817,
735,kuamo,FIL,11818,
736,Sinabi,FIL,11819,
736,pa,FIL,11820,
736,niya,FIL,11821,
736,;,SYM,11822,
736,Hangad,FIL,11823,
736,kong,FIL,11824,
736,ibalik,FIL,11825,
736,ang,FIL,11826,
736,mapagkaisang,FIL,11827,
736,paglilingkod,FIL,11828,
736,na,FIL,11829,
736,magbubuklod,FIL,11830,
736,sa,FIL,11831,
736,ating,FIL,11832,
736,bansa,FIL,11833,
736,.,SYM,11834,
737,Potek,UNK,11835,EXPR
737,nagulat,FIL,11836,
737,ako,FIL,11837,
737,sa,FIL,11838,
737,bugtong,FIL,11839,
737,sa,FIL,11840,
737,test,ENG,11841,
737,namin,FIL,11842,
737,.,SYM,11843,
738,Nang,FIL,11844,
738,maka-message,UNK,11845,
738,namin,FIL,11846,
738,si,FIL,11847,
738,Ella,UNK,11848,NE
738,",",SYM,11849,
738,sinabihan,FIL,11850,
738,niya,FIL,11851,
738,ako,FIL,11852,
738,na,FIL,11853,
738,pasyalan,FIL,11854,
738,siya,FIL,11855,
738,sa,FIL,11856,
738,kanyang,FIL,11857,
738,beauty,ENG,11858,
738,clinic,ENG,11859,
738,",",SYM,11860,
738,pero,FIL,11861,
738,may,FIL,11862,
738,sabit,FIL,11863,
738,naman,FIL,11864,
738,ang,FIL,11865,
738,schedule,ENG,11866,
738,ko,FIL,11867,
738,",",SYM,11868,
738,kaya,FIL,11869,
738,hindi,FIL,11870,
738,ko,FIL,11871,
738,siya,FIL,11872,
738,mapuntahan,FIL,11873,
738,.,SYM,11874,
739,Sana,FIL,11875,
739,ang,FIL,11876,
739,susunod,FIL,11877,
739,na,FIL,11878,
739,pangulo,FIL,11879,
739,ay,FIL,11880,
739,ung,FIL,11881,
739,mga,FIL,11882,
739,huspital,FIL,11883,
739,ang,FIL,11884,
739,mga,FIL,11885,
739,paramihen,FIL,11886,
739,at,FIL,11887,
739,mga,FIL,11888,
739,nars,FIL,11889,
739,at,FIL,11890,
739,doctor,ENG,11891,
739,.,SYM,11892,
739,at,FIL,11893,
739,ung,FIL,11894,
739,mga,FIL,11895,
739,ka,FIL,11896,
739,pulisan,FIL,11897,
739,sa,FIL,11898,
739,mga,FIL,11899,
739,kalsada,FIL,11900,
739,hindi,FIL,11901,
739,ung,FIL,11902,
739,tatawagan,FIL,11903,
739,pa,FIL,11904,
739,sa,FIL,11905,
739,mga,FIL,11906,
739,prisento,FIL,11907,
740,Halos,FIL,11908,
740,nakita,FIL,11909,
740,na,FIL,11910,
740,ng,FIL,11911,
740,publiko,FIL,11912,
740,",",SYM,11913,
740,lalo,FIL,11914,
740,na,FIL,11915,
740,ng,FIL,11916,
740,mga,FIL,11917,
740,avid,ENG,11918,
740,viewers,ENG,11919,
740,ng,FIL,11920,
740,GMA,FIL,11921,"ABB,NE"
740,Afternoon,ENG,11922,NE
740,Prime,ENG,11923,NE
740,na,FIL,11924,
740,Primadonnas,ENG,11925,NE
740,ang,FIL,11926,
740,pagdadalaga,FIL,11927,
740,ng,FIL,11928,
740,tatlong,FIL,11929,
740,donnas,ENG,11930,
740,na,FIL,11931,
740,sina,FIL,11932,
740,Jillian,UNK,11933,NE
740,Ward,UNK,11934,NE
740,",",SYM,11935,
740,Sofia,UNK,11936,NE
740,Pablo,UNK,11937,NE
740,at,FIL,11938,
740,Althea,UNK,11939,NE
740,Ablan,UNK,11940,NE
740,",",SYM,11941,
740,lalo,FIL,11942,
740,na,FIL,11943,
740,ngayon,FIL,11944,
740,at,FIL,11945,
740,nasa,FIL,11946,
740,book,ENG,11947,
740,2,NUM,11948,
740,na,FIL,11949,
740,ang,FIL,11950,
740,serye,FIL,11951,
740,.,SYM,11952,
741,Naniwala,FIL,11953,
741,ang,FIL,11954,
741,may,FIL,11955,
741,akda,FIL,11956,
741,ng,FIL,11957,
741,Pahayag,FIL,11958,NE
741,na,FIL,11959,
741,mga,FIL,11960,
741,sa,FIL,11961,
741,kabila,FIL,11962,
741,ng,FIL,11963,
741,pagkakawasak,FIL,11964,
741,ng,FIL,11965,
741,Herusalem,UNK,11966,NE
741,noong,FIL,11967,
741,CE,ENG,11968,ABB
741,.,SYM,11969,
743,ikaw,FIL,11970,
743,ang,FIL,11971,
743,dahilan,FIL,11972,
743,kung,FIL,11973,
743,bkt,FIL,11974,ABB
743,kami,FIL,11975,
743,nag,FIL,11976,
743,away,FIL,11977,
743,ng,FIL,11978,
743,bb,ENG,11979,ABB
743,ko,FIL,11980,
744,hirap,FIL,11981,
744,ba,FIL,11982,
744,kumita,FIL,11983,
744,ng,FIL,11984,
744,pera,FIL,11985,
744,kaya,FIL,11986,
744,magnanakaw,FIL,11987,
744,na,FIL,11988,
744,lang,FIL,11989,
744,kayo,FIL,11990,
744,sa,FIL,11991,
744,mga,FIL,11992,
744,tao,FIL,11993,
744,lel,UNK,11994,EXPR
744,wala,FIL,11995,
744,na,FIL,11996,
744,ba,FIL,11997,
744,kayong,FIL,11998,
744,pambili,FIL,11999,
744,ng,FIL,12000,
744,mga,FIL,12001,
744,luho,FIL,12002,
744,niyo,FIL,12003,
745,ay,FIL,12004,
745,wag,FIL,12005,
745,ganon,FIL,12006,
745,maam,ENG,12007,
745,shan,UNK,12008,NE
745,",",SYM,12009,
745,hindi,FIL,12010,
745,ganon,FIL,12011,
745,ang,FIL,12012,
745,bonding,ENG,12013,
747,nagbibigay,FIL,12014,
747,resulta,FIL,12015,
747,sa,FIL,12016,
747,paghahanap,FIL,12017,
747,ng,FIL,12018,
747,mga,FIL,12019,
747,paksaing,FIL,12020,
747,blog,ENG,12021,
747,.,SYM,12022,
748,Deserve,ENG,12023,
748,ko,FIL,12024,
748,nag,FIL,12025,
748,aaral,FIL,12026,
748,po,FIL,12027,
748,ako,FIL,12028,
748,ng,FIL,12029,
748,mabutiiiiii,FIL,12030,
748,opo,FIL,12031,
748,hahaha,UNK,12032,EXPR
749,Nangyari,FIL,12033,
749,ang,FIL,12034,
749,aksidente,FIL,12035,
749,sa,FIL,12036,
749,gitna,FIL,12037,
749,ng,FIL,12038,
749,pagtatalo,FIL,12039,
749,ng,FIL,12040,
749,magkapatid,FIL,12041,
749,matapos,FIL,12042,
749,mabisto,FIL,12043,
749,ni,FIL,12044,
749,Arnold,UNK,12045,NE
749,si,FIL,12046,
749,Anton,UNK,12047,NE
749,na,FIL,12048,
749,nakikipag-usap,FIL,12049,
749,sa,FIL,12050,
749,telepono,FIL,12051,
749,tungkol,FIL,12052,
749,sa,FIL,12053,
749,iligal,FIL,12054,
749,na,FIL,12055,
749,organ,ENG,12056,
749,trafficking,ENG,12057,
749,business,ENG,12058,
749,ng,FIL,12059,
749,kanilang,FIL,12060,
749,pamilya,FIL,12061,
749,at,FIL,12062,
749,matuklasang,FIL,12063,
749,inampon,FIL,12064,
749,lang,FIL,12065,
749,siya,FIL,12066,
749,para,FIL,12067,
749,maging,FIL,12068,
749,heart,ENG,12069,
749,donor,ENG,12070,
749,ni,FIL,12071,
749,Anton,UNK,12072,NE
749,.,SYM,12073,
750,Hindi,FIL,12074,
750,pa,FIL,12075,
750,kasi,FIL,12076,
750,ito,FIL,12077,
750,yung,FIL,12078,
750,oras,FIL,12079,
750,para,FIL,12080,
750,kayo,FIL,12081,
750,ang,FIL,12082,
750,unahin,FIL,12083,
750,ko,FIL,12084,
750,eh,UNK,12085,EXPR
750,",",SYM,12086,
750,pwede,FIL,12087,
750,bang,FIL,12088,
750,ako,FIL,12089,
750,muna,FIL,12090,
750,.,SYM,12091,
751,ay,FIL,12092,
751,pwede,FIL,12093,
751,to,FIL,12094,
751,nangaliwa,FIL,12095,
751,yung,FIL,12096,
751,asawa,FIL,12097,
751,ko,FIL,12098,
751,eh,UNK,12099,EXPR
752,Everything,ENG,12100,
752,happens,ENG,12101,
752,for,ENG,12102,
752,a,ENG,12103,
752,reason,ENG,12104,
752,",",SYM,12105,
752,nilagay,FIL,12106,
752,kayo,FIL,12107,
752,ng,FIL,12108,
752,Lord,ENG,12109,NE
752,sa,FIL,12110,
752,sitwasyon,FIL,12111,
752,na,FIL,12112,
752,yan,FIL,12113,
752,para,FIL,12114,
752,matest,UNK,12115,
752,narin,FIL,12116,
752,",",SYM,12117,
752,anyway,ENG,12118,
752,legit,ENG,12119,
752,nakakapaginit,FIL,12120,
752,ng,FIL,12121,
752,ulo,FIL,12122,
752,",",SYM,12123,
752,grabe,FIL,12124,
752,ref,ENG,12125,ABB
752,tas,FIL,12126,
752,mga,FIL,12127,
752,opponents,ENG,12128,
752,nanakit,FIL,12129,
752,lang,FIL,12130,
752,hahaha,UNK,12131,EXPR
752,nakakatawa,FIL,12132,
752,yung,FIL,12133,
752,may,FIL,12134,
752,nananaga,FIL,12135,
752,sa,FIL,12136,
752,ilalim,FIL,12137,
752,e,FIL,12138,
752,nung,FIL,12139,
752,tinaga,FIL,12140,
752,si,FIL,12141,
752,uy,UNK,12142,EXPR
752,hahahha,UNK,12143,EXPR
752,",",SYM,12144,
752,kidding,ENG,12145,
752,aside,ENG,12146,
752,Kudos,ENG,12147,
752,sa,FIL,12148,
752,mavs,ENG,12149,NE
752,from,ENG,12150,
752,coach,ENG,12151,
752,mav,ENG,12152,NE
752,hanggang,FIL,12153,
752,sa,FIL,12154,
752,mga,FIL,12155,
752,players,ENG,12156,
752,.,SYM,12157,
753,sa,FIL,12158,
753,nakapulot,FIL,12159,
753,ng,FIL,12160,
753,hikaw,FIL,12161,
753,ni,FIL,12162,
753,lilyme,UNK,12163,NE
753,di,FIL,12164,
753,nyo,FIL,12165,
753,rin,FIL,12166,
753,masasangla,FIL,12167,
753,yan,FIL,12168,
753,nasaken,FIL,12169,
753,kapares,FIL,12170,
753,e,UNK,12171,EXPR
754,Sa,FIL,12172,
754,pagtaya,FIL,12173,
754,ng,FIL,12174,
754,naturang,FIL,12175,
754,grupo,FIL,12176,
754,ng,FIL,12177,
754,mga,FIL,12178,
754,eksperto,FIL,12179,
754,",",SYM,12180,
754,kung,FIL,12181,
754,magpapatuloy,FIL,12182,
754,ang,FIL,12183,
754,naturang,FIL,12184,
754,downward,ENG,12185,
754,trend,ENG,12186,
754,ng,FIL,12187,
754,mga,FIL,12188,
754,kaso,FIL,12189,
754,ay,FIL,12190,
754,aabot,FIL,12191,
754,na,FIL,12192,
754,lamang,FIL,12193,
754,sa,FIL,12194,
754,400,NUM,12195,
754,hanggang,FIL,12196,
754,600,NUM,12197,
754,ang,FIL,12198,
754,maitatalang,FIL,12199,
754,bagong,FIL,12200,
754,arawang,FIL,12201,
754,kaso,FIL,12202,
754,ng,FIL,12203,
754,sakit,FIL,12204,
754,sa,FIL,12205,
754,Metro,ENG,12206,NE
754,Manila,FIL,12207,NE
754,hanggang,FIL,12208,
754,sa,FIL,12209,
754,Disyembre,FIL,12210,NE
754,at,FIL,12211,
754,3,NUM,12212,
754,",",SYM,12213,
754,000,NUM,12214,
754,hanggang,FIL,12215,
754,4,NUM,12216,
754,",",SYM,12217,
754,000,NUM,12218,
754,naman,FIL,12219,
754,sa,FIL,12220,
754,buong,FIL,12221,
754,bansa,FIL,12222,
754,.,SYM,12223,
755,Bakit,FIL,12224,
755,parang,FIL,12225,
755,ang,FIL,12226,
755,hinhin,FIL,12227,
755,mo,FIL,12228,
755,magsalita,FIL,12229,
755,ngaun,FIL,12230,ABB
755,?,SYM,12231,
756,Ang,FIL,12232,
756,consistent,ENG,12233,
756,ng,FIL,12234,
756,bassline,ENG,12235,
756,namen,FIL,12236,
756,nakakatuwa,FIL,12237,
756,sinisipag,FIL,12238,
756,ako,FIL,12239,
756,bumalik,FIL,12240,
756,d&l,UNK,12241,
757,Ang,FIL,12242,
757,bait,FIL,12243,
757,mo,FIL,12244,
757,talaga,FIL,12245,
757,ma'am,ENG,12246,ABB
757,ivana,UNK,12247,NE
757,",",SYM,12248,
757,sa,FIL,12249,
757,totoo,FIL,12250,
757,lang,FIL,12251,
757,kawawa,FIL,12252,
757,yung,FIL,12253,
757,ibang,FIL,12254,
757,drivers,ENG,12255,
757,niloloko,FIL,12256,
757,lang,FIL,12257,
757,ng,FIL,12258,
757,mga,FIL,12259,
757,scammers,ENG,12260,
758,Maligayang,FIL,12261,
758,pasko,FIL,12262,NE
758,mga,FIL,12263,
758,kapamilya,FIL,12264,NE
758,Ang,FIL,12265,
758,Ganda,FIL,12266,
758,Naman,FIL,12267,
758,.,SYM,12268,
760,Ka,FIL,12269,
760,walang,FIL,12270,
760,kwentang,FIL,12271,
760,balita,FIL,12272,
760,ka,FIL,12273,
760,susyalan,FIL,12274,
760,nyo,FIL,12275,
760,nag,FIL,12276,
760,dala,FIL,12277,
760,ng,FIL,12278,
760,problema,FIL,12279,
760,hirap,FIL,12280,
760,na,FIL,12281,
760,nga,FIL,12282,
760,ang,FIL,12283,
760,pilipinas,FIL,12284,NE
760,dumagdag,FIL,12285,
760,pa,FIL,12286,
760,kayo,FIL,12287,
761,Mas,FIL,12288,
761,mabigat,FIL,12289,
761,ang,FIL,12290,
761,pagkakasala,FIL,12291,
761,na,FIL,12292,
761,ginawa,FIL,12293,
761,mo,FIL,12294,
761,alyna,UNK,12295,NE
761,kumpara,FIL,12296,
761,sa,FIL,12297,
761,mga,FIL,12298,
761,nagawa,FIL,12299,
761,ni,FIL,12300,
761,cardo,UNK,12301,NE
761,.,SYM,12302,
762,At,FIL,12303,
762,kahit,FIL,12304,
762,na,FIL,12305,
762,ang,FIL,12306,
762,mundo,FIL,12307,
762,ay,FIL,12308,
762,mag,FIL,12309,
762,iba,FIL,12310,
762,",",SYM,12311,
762,ako'y,FIL,12312,
762,laging,FIL,12313,
762,nandirito,FIL,12314,
762,STELL,UNK,12315,NE
762,TeaserClip,ENG,12316,
763,Imposibli,FIL,12317,
763,naman,FIL,12318,
763,sa,FIL,12319,
763,tagal,FIL,12320,
763,ni,FIL,12321,
763,lang,FIL,12322,
763,ginagawa,FIL,12323,
763,Wala,FIL,12324,
763,manlang,FIL,12325,
763,action,ENG,12326,
763,ang,FIL,12327,
763,nanay,FIL,12328,
763,ngayon,FIL,12329,
763,lang,FIL,12330,
763,sya,FIL,12331,
763,nag,FIL,12332,
763,reklamo,FIL,12333,
763,kasi,FIL,12334,
763,nag,FIL,12335,
763,seselos,FIL,12336,
763,na,FIL,12337,
763,ang,FIL,12338,
763,nanay,FIL,12339,
763,sa,FIL,12340,
763,kanyang,FIL,12341,
763,anak,FIL,12342,
763,.,SYM,12343,
766,Susmaryosep,FIL,12344,
766,pag,FIL,12345,
766,file,ENG,12346,
766,ng,FIL,12347,
766,candidacy,ENG,12348,
766,mga,FIL,12349,
766,political,ENG,12350,
766,parties,ENG,12351,
766,moro-moro,FIL,12352,
766,at,FIL,12353,
766,hokos,FIL,12354,
766,pokos,FIL,12355,
766,na,FIL,12356,
766,ang,FIL,12357,
766,labanan,FIL,12358,
766,sinisira,FIL,12359,
766,nla,FIL,12360,ABB
766,utak,FIL,12361,
766,ng,FIL,12362,
766,mga,FIL,12363,
766,Pilipino,FIL,12364,NE
766,pra,FIL,12365,ABB
766,mapabobotante,FIL,12366,
766,!,SYM,12367,
768,Ang,FIL,12368,
768,naturang,FIL,12369,
768,kometa,FIL,12370,
768,",",SYM,12371,
768,pagkaraan,FIL,12372,
768,pa,FIL,12373,
768,ng,FIL,12374,
768,7,NUM,12375,
768,",",SYM,12376,
768,000,NUM,12377,
768,taon,FIL,12378,
768,bago,FIL,12379,
768,muling,FIL,12380,
768,masisilayan,FIL,12381,
768,sa,FIL,12382,
768,mundo,FIL,12383,
768,.,SYM,12384,
769,Anyway,ENG,12385,
769,",",SYM,12386,
769,si,FIL,12387,
769,Kim,UNK,12388,NE
769,ay,FIL,12389,
769,32,NUM,12390,
769,na,FIL,12391,
769,sa,FIL,12392,
769,April,ENG,12393,NE
769,19,NUM,12394,
769,",",SYM,12395,
769,at,FIL,12396,
769,sapat,FIL,12397,
769,na,FIL,12398,
769,edad,FIL,12399,
769,na,FIL,12400,
769,para,FIL,12401,
769,mag-asawa,FIL,12402,
769,",",SYM,12403,
769,at,FIL,12404,
769,magka-baby,UNK,12405,
769,siyempre,FIL,12406,
769,.,SYM,12407,
770,Diba,FIL,12408,
770,nga,FIL,12409,
770,sabi,FIL,12410,
770,may,FIL,12411,
770,covid,ENG,12412,NE
770,sana,FIL,12413,
770,iconsider,UNK,12414,
770,mo,FIL,12415,
770,yun,FIL,12416,
770,dshil,UNK,12417,
770,di,FIL,12418,
770,naman,FIL,12419,
770,nakalabas,FIL,12420,
770,ng,FIL,12421,
770,bahay,FIL,12422,
770,dahil,FIL,12423,
770,sa,FIL,12424,
770,covid,ENG,12425,NE
770,.,SYM,12426,
771,Hindi,FIL,12427,
771,lahat,FIL,12428,
771,mababayaran,FIL,12429,
771,ng,FIL,12430,
771,pera,FIL,12431,
771,.,SYM,12432,
773,Habo,FIL,12433,
773,ko,FIL,12434,
773,pati,FIL,12435,
773,magpunta,FIL,12436,
773,sa,FIL,12437,
773,mga,FIL,12438,
773,events,ENG,12439,
773,na,FIL,12440,
773,ganon,FIL,12441,
773,tas,FIL,12442,
773,invited,ENG,12443,
773,man,FIL,12444,
773,ako,FIL,12445,
773,nakakatamaaad,FIL,12446,
774,Inilagay,FIL,12447,
774,na,FIL,12448,
774,rin,FIL,12449,
774,ng,FIL,12450,
774,BJMP,FIL,12451,"ABB,NE"
774,ang,FIL,12452,
774,QC,FIL,12453,"ABB,NE"
774,Jail,ENG,12454,NE
774,sa,FIL,12455,
774,hightened,ENG,12456,
774,alert,ENG,12457,
774,para,FIL,12458,
774,matiyak,FIL,12459,
774,na,FIL,12460,
774,hindi,FIL,12461,
774,na,FIL,12462,
774,mauulit,FIL,12463,
774,ang,FIL,12464,
774,insidente,FIL,12465,
774,.,SYM,12466,
775,sinetch,FIL,12467,
775,itey,FIL,12468,
775,halos,FIL,12469,
775,monthly,ENG,12470,
775,nagbabago,FIL,12471,
775,isip,FIL,12472,
775,sa,FIL,12473,
775,kulay,FIL,12474,
775,ng,FIL,12475,
775,buhok,FIL,12476,
775,?,SYM,12477,
776,Mula,FIL,12478,
776,nang,FIL,12479,
776,bumisita,FIL,12480,
776,si,FIL,12481,
776,Heart,UNK,12482,NE
776,sa,FIL,12483,
776,Sorsogon,UNK,12484,NE
776,matapos,FIL,12485,
776,ang,FIL,12486,
776,ECQ,ENG,12487,ABB
776,",",SYM,12488,
776,halos,FIL,12489,
776,mayat,FIL,12490,
776,maya,FIL,12491,
776,ay,FIL,12492,
776,nagpu-poste,FIL,12493,
776,ito,FIL,12494,
776,sa,FIL,12495,
776,kanyang,FIL,12496,
776,Instagram,ENG,12497,NE
776,ng,FIL,12498,
776,ibat,FIL,12499,
776,ibang,FIL,12500,
776,tourist,ENG,12501,
776,destination,ENG,12502,
776,sa,FIL,12503,
776,Sorsogon,UNK,12504,NE
776,.,SYM,12505,
777,Paki,FIL,12506,
777,basa,FIL,12507,
777,nga,FIL,12508,
777,mga,FIL,12509,
777,sinabi,FIL,12510,
777,mo,FIL,12511,
777,last,ENG,12512,
777,week,ENG,12513,
778,wala,FIL,12514,
778,naman,FIL,12515,
778,pumipigil,FIL,12516,
778,sayo,FIL,12517,
778,Leni,UNK,12518,NE
778,",",SYM,12519,
778,magpakatotoo,FIL,12520,
778,ka,FIL,12521,
778,nga,FIL,12522,
778,sa,FIL,12523,
778,mga,FIL,12524,
778,sinasabi,FIL,12525,
778,mo,FIL,12526,
778,napaghahalataan,FIL,12527,
778,ka,FIL,12528,
778,kasi,FIL,12529,
778,na,FIL,12530,
778,huwad,FIL,12531,
778,",",SYM,12532,
778,pakitang,FIL,12533,
778,tao,FIL,12534,
778,",",SYM,12535,
778,buong,FIL,12536,
778,buo,FIL,12537,
778,daw,FIL,12538,
778,loob,FIL,12539,
778,nya,FIL,12540,
778,",",SYM,12541,
778,kaya,FIL,12542,
778,pala,FIL,12543,
778,undecided,ENG,12544,
778,ka,FIL,12545,
778,tumakbo,FIL,12546,
778,ng,FIL,12547,
778,pagkapangulo,FIL,12548,
778,way,ENG,12549,
778,back,ENG,12550,
778,2016,NUM,12551,
778,after,ENG,12552,
778,mong,FIL,12553,
778,manalo,FIL,12554,
778,via,ENG,12555,
778,cheating,ENG,12556,
778,",",SYM,12557,
778,halata,FIL,12558,
778,sayo,FIL,12559,
778,napipilitan,FIL,12560,
778,ka,FIL,12561,
778,lang,FIL,12562,
779,Kaya,FIL,12563,
779,natiwasay,FIL,12564,
779,ba,FIL,12565,
779,sila,FIL,12566,
779,na,FIL,12567,
779,pumunta,FIL,12568,
779,sa,FIL,12569,
779,kanila,FIL,12570,
779,ang,FIL,12571,
779,isang,FIL,12572,
779,tagabalot,FIL,12573,
779,mula,FIL,12574,
779,sa,FIL,12575,
779,pagdurusang,FIL,12576,
779,dulot,FIL,12577,
779,ni,FIL,12578,
779,Allh,UNK,12579,NE
779,o,FIL,12580,
779,pumunta,FIL,12581,
779,sa,FIL,12582,
779,kanila,FIL,12583,
779,ang,FIL,12584,
779,Huling,FIL,12585,NE
779,Sandali,FIL,12586,NE
779,nang,FIL,12587,
779,biglaan,FIL,12588,
779,samantalang,FIL,12589,
779,sila,FIL,12590,
779,ay,FIL,12591,
779,hindi,FIL,12592,
779,nakararamdam,FIL,12593,
779,?,SYM,12594,
780,Sana,FIL,12595,
780,ako,FIL,12596,
780,mapili,FIL,12597,
780,hindi,FIL,12598,
780,pa,FIL,12599,
780,ako,FIL,12600,
780,nakatikim,FIL,12601,
780,ng,FIL,12602,
780,ham,ENG,12603,
780,",",SYM,12604,
780,kahit,FIL,12605,
780,ham,ENG,12606,
780,lang,FIL,12607,
780,sa,FIL,12608,
780,pasko,FIL,12609,NE
782,sa,FIL,12610,
782,sobrang,FIL,12611,
782,tambak,FIL,12612,
782,ng,FIL,12613,
782,gawain,FIL,12614,
782,",",SYM,12615,
782,nalimutan,FIL,12616,
782,ko,FIL,12617,
782,na,FIL,12618,
782,.,SYM,12619,
784,waahh,UNK,12620,EXPR
784,ang,FIL,12621,
784,saya,FIL,12622,
784,ng,FIL,12623,
784,vlog,ENG,12624,
784,nyo,FIL,12625,
784,ni,FIL,12626,
784,Ion,UNK,12627,NE
784,Meme,UNK,12628,NE
784,katuwa,FIL,12629,
784,ka,FIL,12630,
784,Noy,UNK,12631,NE
784,luv,ENG,12632,
784,u,ENG,12633,ABB
784,both,ENG,12634,
785,Marami,FIL,12635,
785,namang,FIL,12636,
785,mga,FIL,12637,
785,netizens,ENG,12638,
785,ang,FIL,12639,
785,agree,ENG,12640,
785,sa,FIL,12641,
785,statement,ENG,12642,
785,ni,FIL,12643,
785,Meme,UNK,12644,NE
785,at,FIL,12645,
785,tila,FIL,12646,
785,nakaka-relate,UNK,12647,
785,sa,FIL,12648,
785,TV,ENG,12649,ABB
785,host,ENG,12650,
785,.,SYM,12651,
787,Ang,FIL,12652,
787,sakit,FIL,12653,
787,lang,FIL,12654,
787,",",SYM,12655,
787,maski,FIL,12656,
787,isang,FIL,12657,
787,deal,ENG,12658,
787,lang,FIL,12659,
787,ni,FIL,12660,
787,unilove,UNK,12661,NE
787,potangna,FIL,12662,
787,wala,FIL,12663,
787,akong,FIL,12664,
787,nakuha,FIL,12665,
787,hayup,FIL,12666,
788,Lahat,FIL,12667,
788,na,FIL,12668,
788,tinanong,FIL,12669,
788,eh,UNK,12670,EXPR
788,di,FIL,12671,ABB
788,naman,FIL,12672,
788,ako,FIL,12673,
788,ang,FIL,12674,
788,Prof,ENG,12675,ABB
788,walastek,FIL,12676,
791,Nakaranas,FIL,12677,
791,siyang,FIL,12678,
791,magtiis,FIL,12679,
791,ng,FIL,12680,
791,noodles,ENG,12681,
791,sa,FIL,12682,
791,dorm,ENG,12683,
791,;,SYM,12684,
791,magpalipas,FIL,12685,
791,ng,FIL,12686,
791,gutom,FIL,12687,
791,sa,FIL,12688,
791,library,ENG,12689,
791,at,FIL,12690,
791,malls,ENG,12691,
791,",",SYM,12692,
791,pumila,FIL,12693,
791,at,FIL,12694,
791,umabang,FIL,12695,
791,sa,FIL,12696,
791,kakarampot,FIL,12697,
791,na,FIL,12698,
791,stipend,ENG,12699,
791,galing,FIL,12700,
791,sa,FIL,12701,
791,gobyerno,FIL,12702,
791,.,SYM,12703,
792,Halos,FIL,12704,
792,araw-araw,FIL,12705,
792,ay,FIL,12706,
792,may,FIL,12707,
792,mga,FIL,12708,
792,nahuhuling,FIL,12709,
792,mga,FIL,12710,
792,sangkot,FIL,12711,
792,sa,FIL,12712,
792,iligal,FIL,12713,
792,ba,FIL,12714,
792,droga,FIL,12715,
792,at,FIL,12716,
792,sangkatutak,FIL,12717,
792,shabu,FIL,12718,
792,at,FIL,12719,
792,iba,FIL,12720,
792,pang,FIL,12721,
792,uri,FIL,12722,
792,ng,FIL,12723,
792,illegal,ENG,12724,
792,drugs,ENG,12725,
792,.,SYM,12726,
793,Nung,FIL,12727,
793,pauwi,FIL,12728,
793,ako,FIL,12729,
793,matapos,FIL,12730,
793,ang,FIL,12731,
793,pagtitipon,FIL,12732,
793,",",SYM,12733,
793,halos,FIL,12734,
793,wala,FIL,12735,
793,akong,FIL,12736,
793,lakas,FIL,12737,
793,na,FIL,12738,
793,magbisikleta,FIL,12739,
793,.,SYM,12740,
794,Sa,FIL,12741,
794,nasabing,FIL,12742,
794,larawan,FIL,12743,
794,ay,FIL,12744,
794,nakahilig,FIL,12745,
794,ang,FIL,12746,
794,dalawa,FIL,12747,
794,sa,FIL,12748,
794,isat,FIL,12749,
794,isa,FIL,12750,
794,at,FIL,12751,
794,parehas,FIL,12752,
794,na,FIL,12753,
794,may,FIL,12754,
794,matamis,FIL,12755,
794,na,FIL,12756,
794,ngiti,FIL,12757,
794,.,SYM,12758,
795,suspended,ENG,12759,
795,na,FIL,12760,
795,ang,FIL,12761,
795,klase,FIL,12762,
795,sa,FIL,12763,
795,ibang,FIL,12764,
795,school,ENG,12765,
795,",",SYM,12766,
795,wala,FIL,12767,
795,bang,FIL,12768,
795,mag-papakitang,FIL,12769,
795,gilas,FIL,12770,
795,diyan,FIL,12771,
795,?,SYM,12772,
796,Kayugan,FIL,12773,
796,at,FIL,12774,
796,palo,FIL,12775,
796,ng,FIL,12776,
796,latigo,FIL,12777,
796,ang,FIL,12778,
796,mga,FIL,12779,
796,hinete,FIL,12780,
796,sa,FIL,12781,
796,huling,FIL,12782,
796,isang,FIL,12783,
796,daang,FIL,12784,
796,metro,FIL,12785,
796,ng,FIL,12786,
796,laban,FIL,12787,
796,at,FIL,12788,
796,nanalo,FIL,12789,
796,si,FIL,12790,
796,Nuclear,ENG,12791,NE
796,Bomb,ENG,12792,NE
796,ng,FIL,12793,
796,ulo,FIL,12794,
796,lang,FIL,12795,
796,ang,FIL,12796,
796,pagitan,FIL,12797,
796,sa,FIL,12798,
796,nasegundong,FIL,12799,
796,Kaparkan,UNK,12800,NE
796,Falls,ENG,12801,NE
796,.,SYM,12802,
797,Pwde,FIL,12803,
797,ka,FIL,12804,
797,naman,FIL,12805,
797,tumutulong,FIL,12806,
797,kahit,FIL,12807,
797,hnd,FIL,12808,ABB
797,ka,FIL,12809,
797,maging,FIL,12810,
797,president,ENG,12811,
797,kung,FIL,12812,
797,mayaman,FIL,12813,
797,kaba,FIL,12814,
797,tlaga,FIL,12815,
797,kung,FIL,12816,
797,ikaw,FIL,12817,
797,ang,FIL,12818,
797,sbw,UNK,12819,ABB
797,kuhanin,FIL,12820,
797,u,ENG,12821,ABB
797,na,FIL,12822,
797,ang,FIL,12823,
797,kayamanan,FIL,12824,
797,sa,FIL,12825,
797,world,ENG,12826,
797,bank,ENG,12827,
798,kasi,FIL,12828,
798,naging,FIL,12829,
798,ugali,FIL,12830,
798,na,FIL,12831,
798,ng,FIL,12832,
798,tatay,FIL,12833,
798,niya,FIL,12834,
798,ang,FIL,12835,
798,gumamit,FIL,12836,
798,ng,FIL,12837,
798,ibang,FIL,12838,
798,tao,FIL,12839,
798,para,FIL,12840,
798,aangat,FIL,12841,
798,din,FIL,12842,
798,sa,FIL,12843,
798,buhay,FIL,12844,
798,or,ENG,12845,
798,para,FIL,12846,
798,mabuhay,FIL,12847,
798,.,SYM,12848,
799,Kalimiting,FIL,12849,
799,mas,FIL,12850,
799,malalaki,FIL,12851,
799,ang,FIL,12852,
799,mga,FIL,12853,
799,halamang,FIL,12854,
799,penjing,UNK,12855,NE
799,ng,FIL,12856,
799,mga,FIL,12857,
799,Tsino,FIL,12858,NE
799,kaysa,FIL,12859,
799,bonsai,UNK,12860,NE
799,ng,FIL,12861,
799,mga,FIL,12862,
799,Hapon,FIL,12863,NE
799,",",SYM,12864,
799,sapagkat,FIL,12865,
799,kadalasang,FIL,12866,
799,pinapalamuti,FIL,12867,
799,sa,FIL,12868,
799,labas,FIL,12869,
799,ng,FIL,12870,
799,kabahayan,FIL,12871,
799,ang,FIL,12872,
799,Intsik,FIL,12873,NE
799,na,FIL,12874,
799,sining,FIL,12875,
799,.,SYM,12876,
800,speechless,ENG,12877,
800,na,FIL,12878,
800,ako,FIL,12879,
800,sobrang,FIL,12880,
800,ganda,FIL,12881,
800,ng,FIL,12882,
800,kalooban,FIL,12883,
800,mo,FIL,12884,
800,ivanaGod,UNK,12885,
800,bless,ENG,12886,
800,sa,FIL,12887,
800,inyo,FIL,12888,
800,more,ENG,12889,
800,blessings,ENG,12890,
800,pa,FIL,12891,
800,na,FIL,12892,
800,darating,FIL,12893,
800,sa,FIL,12894,
800,inyo,FIL,12895,
802,715,NUM,12896,
802,nang,FIL,12897,
802,pumalo,FIL,12898,
802,ito,FIL,12899,
802,sa,FIL,12900,
802,$60,SYM,12901,
802,",",SYM,12902,
802,000,NUM,12903,
802,event,ENG,12904,
802,nitong,FIL,12905,
802,nakaraang,FIL,12906,
802,linggo,FIL,12907,
802,",",SYM,12908,
802,kanyang,FIL,12909,
802,ika-walong,FIL,12910,
802,professional,ENG,12911,
802,tourney,ENG,12912,
802,ngayong,FIL,12913,
802,taon,FIL,12914,
802,",",SYM,12915,
802,akyat,FIL,12916,
802,sa,FIL,12917,
802,WTA,ENG,12918,"ABB,NE"
802,ranking,ENG,12919,
802,no,ENG,12920,
802,.,SYM,12921,
803,Yung,FIL,12922,
803,mga,FIL,12923,
803,sinasabi,FIL,12924,
803,mo,FIL,12925,
803,Mary,UNK,12926,NE
803,Grace,UNK,12927,NE
803,",",SYM,12928,
803,wala,FIL,12929,
803,naman,FIL,12930,
803,nagtatanong,FIL,12931,
803,.,SYM,12932,
804,Oo,FIL,12933,
804,hapon,FIL,12934,
804,na,FIL,12935,
804,lang,FIL,12936,
804,kasi,FIL,12937,
804,may,FIL,12938,
804,gagawin,FIL,12939,
804,pa,FIL,12940,
804,ako,FIL,12941,
804,ngayon,FIL,12942,
804,.,SYM,12943,
805,Kalokohan,FIL,12944,
805,mga,FIL,12945,
805,ganyan,FIL,12946,
805,na,FIL,12947,
805,pinag,FIL,12948,
805,gagawa,FIL,12949,
805,ng,FIL,12950,
805,mga,FIL,12951,
805,manghuhula,FIL,12952,
805,na,FIL,12953,
805,ganyan,FIL,12954,
805,pinag,FIL,12955,
805,kakakitaan,FIL,12956,
805,lang,FIL,12957,
805,ang,FIL,12958,
805,social,ENG,12959,
805,media,ENG,12960,
805,.,SYM,12961,
806,1985,NUM,12962,
806,naman,FIL,12963,
806,po,FIL,12964,
806,eh,FIL,12965,
806,Global,ENG,12966,
806,Recession,ENG,12967,
806,",",SYM,12968,
806,meaning,ENG,12969,
806,",",SYM,12970,
806,hindi,FIL,12971,
806,po,FIL,12972,
806,isolated,ENG,12973,
806,ang,FIL,12974,
806,Pinas,FIL,12975,"ABB,NE"
806,sa,FIL,12976,
806,pagbagsak,FIL,12977,
806,ng,FIL,12978,
806,economy,ENG,12979,
806,.,SYM,12980,
807,Kasama,FIL,12981,
807,niya,FIL,12982,
807,ako,FIL,12983,
807,nung,FIL,12984,
807,pinanood,FIL,12985,
807,namin,FIL,12986,
807,yung,FIL,12987,
807,stream,ENG,12988,
807,/,SYM,12989,
807,meeting,ENG,12990,
807,kung,FIL,12991,
807,saan,FIL,12992,
807,sinabi,FIL,12993,
807,ng,FIL,12994,
807,mga,FIL,12995,
807,nasa,FIL,12996,
807,stream,ENG,12997,
807,na,FIL,12998,
807,naging,FIL,12999,
807,mayaman,FIL,13000,
807,sila,FIL,13001,
807,dahil,FIL,13002,
807,sumali,FIL,13003,
807,sila,FIL,13004,
807,sa,FIL,13005,
807,"""",SYM,13006,
807,kompanya,FIL,13007,
807,"""",SYM,13008,
807,na,FIL,13009,
807,ito,FIL,13010,
807,.,SYM,13011,
808,Mahina,FIL,13012,
808,Ang,FIL,13013,
808,utak,FIL,13014,
808,paano,FIL,13015,
808,cya,FIL,13016,
808,maging,FIL,13017,
808,anak,FIL,13018,
808,ni,FIL,13019,
808,Marcos,UNK,13020,NE
808,.Mga,UNK,13021,
808,anak,FIL,13022,
808,ni,FIL,13023,
808,Marcos,UNK,13024,NE
808,matalino,FIL,13025,
808,Hanggang,FIL,13026,
808,sa,FIL,13027,
808,mga,FIL,13028,
808,apo,FIL,13029,
808,.,SYM,13030,
809,Ang,FIL,13031,
809,pinag,FIL,13032,
809,kaiba,FIL,13033,
809,lang,FIL,13034,
809,",",SYM,13035,
809,di,FIL,13036,
809,mo,FIL,13037,
809,na,FIL,13038,
809,kailangan,FIL,13039,
809,mag,FIL,13040,
809,Lf,ENG,13041,ABB
809,lf,ENG,13042,ABB
809,ngayon,FIL,13043,
811,Totoo,FIL,13044,
811,ang,FIL,13045,
811,sinabi,FIL,13046,
811,ng,FIL,13047,
811,kapatid,FIL,13048,
811,ni,FIL,13049,
811,Arthur,UNK,13050,NE
811,.,SYM,13051,
812,Mabohay,FIL,13052,
812,ka,FIL,13053,
812,hangng,FIL,13054,
812,gsto,FIL,13055,
812,m,FIL,13056,
812,boss,ENG,13057,
812,doge,UNK,13058,NE
812,subrang,FIL,13059,
812,ang,FIL,13060,
812,bait,FIL,13061,
812,m,FIL,13062,
812,bahala,FIL,13063,
812,na,FIL,13064,
812,ang,FIL,13065,
812,panginoon,FIL,13066,
812,sau,FIL,13067,
812,boss,ENG,13068,
812,doge,UNK,13069,NE
812,subrang,FIL,13070,
812,slmt,FIL,13071,
812,tlga,FIL,13072,
812,boss,ENG,13073,
812,doge,UNK,13074,NE
812,sa,FIL,13075,
812,mga,FIL,13076,
812,maitotolong,FIL,13077,
812,m,FIL,13078,
812,madami,FIL,13079,
812,na,FIL,13080,
812,ang,FIL,13081,
812,mapapasaya,FIL,13082,
812,at,FIL,13083,
812,mapoponan,FIL,13084,
812,ang,FIL,13085,
812,mga,FIL,13086,
812,kumakalam,FIL,13087,
812,na,FIL,13088,
812,sikmora,FIL,13089,
812,sana,FIL,13090,
812,gumaya,FIL,13091,
812,dn,FIL,13092,
812,ang,FIL,13093,
812,mga,FIL,13094,
812,tao,FIL,13095,
812,sa,FIL,13096,
812,mga,FIL,13097,
812,matataas,FIL,13098,
812,na,FIL,13099,
812,position,ENG,13100,
812,eto,FIL,13101,
812,panoorin,FIL,13102,
812,niyn,FIL,13103,
812,mga,FIL,13104,
812,ugok,FIL,13105,
812,na,FIL,13106,
812,nakaupo,FIL,13107,
812,na,FIL,13108,
812,wlng,FIL,13109,
812,ginawa,FIL,13110,
812,kndi,FIL,13111,
812,mgpayaam,FIL,13112,
812,pa,FIL,13113,
813,Pota,FIL,13114,
813,ang,FIL,13115,
813,dudugyot,FIL,13116,
813,naman,FIL,13117,
813,ng,FIL,13118,
813,mga,FIL,13119,
813,lalake,FIL,13120,
813,nagmmessage,FIL,13121,
813,req,ENG,13122,ABB
813,sakin,FIL,13123,
813,dito,FIL,13124,
813,",",SYM,13125,
813,nag,FIL,13126,
813,sesend,FIL,13127,
813,ng,FIL,13128,
813,etits,FIL,13129,
813,amputa,FIL,13130,
814,Dahil,FIL,13131,
814,sa,FIL,13132,
814,tiktok,UNK,13133,NE
814,kaya,FIL,13134,
814,nandito,FIL,13135,
814,ako,FIL,13136,
815,Kung,FIL,13137,
815,kailangan,FIL,13138,
815,na,FIL,13139,
815,puntahan,FIL,13140,
815,mismo,FIL,13141,
815,sa,FIL,13142,
815,mga,FIL,13143,
815,bahay,FIL,13144,
815,ang,FIL,13145,
815,mga,FIL,13146,
815,matatanda,FIL,13147,
815,at,FIL,13148,
815,may,FIL,13149,
815,comorbidities,ENG,13150,
815,ay,FIL,13151,
815,gawin,FIL,13152,
815,na,FIL,13153,
815,dapat,FIL,13154,
815,agad,FIL,13155,
815,",",SYM,13156,
815,bilin,FIL,13157,
815,ng,FIL,13158,
815,senador,FIL,13159,
815,.,SYM,13160,
816,Sinimulan,FIL,13161,
816,din,FIL,13162,
816,kahapon,FIL,13163,
816,ang,FIL,13164,
816,pagsasagawa,FIL,13165,
816,ng,FIL,13166,
816,simulation,ENG,13167,
816,ng,FIL,13168,
816,distance,ENG,13169,
816,learning,ENG,13170,
816,classes,ENG,13171,
816,sa,FIL,13172,
816,ilang,FIL,13173,
816,eskwelahan,FIL,13174,
816,sa,FIL,13175,
816,lungsod,FIL,13176,
816,",",SYM,13177,
816,gamit,FIL,13178,
816,ang,FIL,13179,
816,online,ENG,13180,
816,messaging,ENG,13181,
816,app,ENG,13182,ABB
816,o,FIL,13183,
816,text,ENG,13184,
816,message,ENG,13185,
816,at,FIL,13186,
816,magtatagal,FIL,13187,
816,hanggang,FIL,13188,
816,July,ENG,13189,NE
816,3,NUM,13190,
816,.,SYM,13191,
818,Aba,UNK,13192,EXPR
818,may,FIL,13193,
818,mga,FIL,13194,
818,naglikes,FIL,13195,
818,pala,FIL,13196,
818,sa,FIL,13197,
818,gnitong,FIL,13198,
818,kanta,FIL,13199,
818,?,SYM,13200,
819,sign,ENG,13201,
819,yun,FIL,13202,
819,ng,FIL,13203,
819,trauma,ENG,13204,
819,at,FIL,13205,
819,sbrng,FIL,13206,
819,sakit,FIL,13207,
819,na,FIL,13208,
819,hindi,FIL,13209,
819,mo,FIL,13210,
819,alam,FIL,13211,
819,kung,FIL,13212,
819,anong,FIL,13213,
819,dpat,FIL,13214,
819,mong,FIL,13215,
819,ilabas,FIL,13216,
819,na,FIL,13217,
819,emosyon,FIL,13218,
819,.,SYM,13219,
820,Kahit,FIL,13220,
820,na,FIL,13221,
820,minsan,FIL,13222,
820,napaka,FIL,13223,
820,makasalanan,FIL,13224,
820,ko,FIL,13225,
820,",",SYM,13226,
820,diko,FIL,13227,
820,parin,FIL,13228,
820,nakakalimutan,FIL,13229,
820,humingi,FIL,13230,
820,ng,FIL,13231,
820,tawad,FIL,13232,
820,sa,FIL,13233,
820,paginoon,FIL,13234,
820,.,SYM,13235,
822,napakaliwanag,FIL,13236,
822,nyo,FIL,13237,
822,po,FIL,13238,
822,magsalaysay,FIL,13239,
822,at,FIL,13240,
822,detalyado,FIL,13241,
822,masyado,FIL,13242,
822,po,FIL,13243,
822,kayong,FIL,13244,
822,matalino,FIL,13245,
822,ang,FIL,13246,
822,ganda,FIL,13247,
822,nyo,FIL,13248,
822,pa,FIL,13249,
822,mag,FIL,13250,
822,edit,ENG,13251,
822,idol,ENG,13252,
822,ko,FIL,13253,
822,po,FIL,13254,
822,kayo,FIL,13255,
822,sir,ENG,13256,
822,ingat,FIL,13257,
822,po,FIL,13258,
822,kayo,FIL,13259,
822,palagi,FIL,13260,
822,.,SYM,13261,
823,inaaral,FIL,13262,
823,namin,FIL,13263,
823,nung,FIL,13264,
823,friend,ENG,13265,
823,ko,FIL,13266,
823,yung,FIL,13267,
823,"""",SYM,13268,
823,walang,FIL,13269,
823,saysay,FIL,13270,
823,ang,FIL,13271,
823,panalangin,FIL,13272,
823,ko,FIL,13273,
823,"""",SYM,13274,
823,na,FIL,13275,
823,part,ENG,13276,
823,kasi,FIL,13277,
823,di,FIL,13278,
823,ko,FIL,13279,
823,makuha,FIL,13280,
823,ng,FIL,13281,
823,walang,FIL,13282,
823,music,ENG,13283,
824,Super,FIL,13284,
824,",",SYM,13285,
824,dumating,FIL,13286,
824,sa,FIL,13287,
824,time,ENG,13288,
824,na,FIL,13289,
824,wala,FIL,13290,
824,akong,FIL,13291,
824,kinakausap,FIL,13292,
824,na,FIL,13293,
824,kahit,FIL,13294,
824,na,FIL,13295,
824,sino,FIL,13296,
824,pero,FIL,13297,
824,yung,FIL,13298,
824,safe,ENG,13299,
824,space,ENG,13300,
824,ko,FIL,13301,
824,yung,FIL,13302,
824,nagparamdam,FIL,13303,
824,na,FIL,13304,
824,hindi,FIL,13305,
824,ako,FIL,13306,
824,nag-iisa,FIL,13307,
824,sa,FIL,13308,
824,mga,FIL,13309,
824,laban,FIL,13310,
824,ko,FIL,13311,
824,sa,FIL,13312,
824,buhay,FIL,13313,
825,Bukod,FIL,13314,
825,sa,FIL,13315,
825,50,NUM,13316,
825,tauhan,FIL,13317,
825,ng,FIL,13318,
825,NBI,ENG,13319,"ABB,NE"
825,Cybercrime,ENG,13320,NE
825,Division,ENG,13321,NE
825,",",SYM,13322,
825,iimbestigahan,FIL,13323,
825,din,FIL,13324,
825,ng,FIL,13325,
825,Philippine,ENG,13326,NE
825,National,ENG,13327,NE
825,Police-Criminal,ENG,13328,NE
825,Investigation,ENG,13329,NE
825,and,ENG,13330,
825,Detection,ENG,13331,NE
825,Group,ENG,13332,NE
825,(,SYM,13333,
825,PNP-CIDG,ENG,13334,"ABB,NE"
825,),SYM,13335,
825,ang,FIL,13336,
825,Bakuna,FIL,13337,NE
825,for,ENG,13338,NE
825,Sale,ENG,13339,NE
825,na,FIL,13340,
825,napa-ulat,FIL,13341,
825,maging,FIL,13342,
825,sa,FIL,13343,
825,mga,FIL,13344,
825,lungsod,FIL,13345,
825,ng,FIL,13346,
825,San,UNK,13347,NE
825,Juan,UNK,13348,NE
825,at,FIL,13349,
825,Paraaque,UNK,13350,NE
825,.,SYM,13351,
826,May,FIL,13352,
826,mga,FIL,13353,
826,bagay,FIL,13354,
826,na,FIL,13355,
826,kailangang,FIL,13356,
826,langkapan,FIL,13357,
826,ng,FIL,13358,
826,dagdag,FIL,13359,
826,na,FIL,13360,
826,responsibilidad,FIL,13361,
826,.,SYM,13362,
827,Kung,FIL,13363,
827,gusto,FIL,13364,
827,mo,FIL,13365,
827,rin,FIL,13366,
827,naman,FIL,13367,
827,baguhin,FIL,13368,
827,ang,FIL,13369,
827,sarili,FIL,13370,
827,mo,FIL,13371,
827,",",SYM,13372,
827,mauna,FIL,13373,
827,kana,FIL,13374,
827,sa,FIL,13375,
827,kanila,FIL,13376,
827,na,FIL,13377,
827,magbago,FIL,13378,
827,.,SYM,13379,
828,Ako,FIL,13380,
828,sayo,FIL,13381,
828,unahin,FIL,13382,
828,mo,FIL,13383,
828,tangalin,FIL,13384,
828,ang,FIL,13385,
828,NPA,FIL,13386,"ABB,NE"
828,sa,FIL,13387,
828,bundok,FIL,13388,
829,Nais,FIL,13389,
829,Niyang,FIL,13390,
829,makita,FIL,13391,
829,sa,FIL,13392,
829,ating,FIL,13393,
829,mga,FIL,13394,
829,gawa,FIL,13395,
829,na,FIL,13396,
829,tayo,FIL,13397,
829,ay,FIL,13398,
829,sinsero,FIL,13399,
829,sa,FIL,13400,
829,ating,FIL,13401,
829,pagsisisi,FIL,13402,
829,sa,FIL,13403,
829,ating,FIL,13404,
829,mga,FIL,13405,
829,kasalanan,FIL,13406,
829,",",SYM,13407,
829,katulad,FIL,13408,
829,nang,FIL,13409,
829,ipinamalas,FIL,13410,
829,ng,FIL,13411,
829,babae,FIL,13412,
829,sa,FIL,13413,
829,kuwento,FIL,13414,
829,.,SYM,13415,
830,putangina,FIL,13416,
830,makakasaksak,FIL,13417,
830,ako,FIL,13418,
830,ng,FIL,13419,
830,tao,FIL,13420,
830,ngayon,FIL,13421,
831,Napabalik,FIL,13422,
831,lang,FIL,13423,
831,ulit,FIL,13424,
831,ako,FIL,13425,
831,dito,FIL,13426,
831,sa,FIL,13427,
831,performance,ENG,13428,
831,nila,FIL,13429,
831,at,FIL,13430,
831,ngayon,FIL,13431,
831,ko,FIL,13432,
831,lang,FIL,13433,
831,napansin,FIL,13434,
831,na,FIL,13435,
831,parang,FIL,13436,
831,naiyak,FIL,13437,
831,si,FIL,13438,
831,Stell,UNK,13439,NE
831,sa,FIL,13440,
831,huli,FIL,13441,
832,Dapat,FIL,13442,
832,hindi,FIL,13443,
832,lamang,FIL,13444,
832,pagtugon,FIL,13445,
832,kundi,FIL,13446,
832,pag-agap,FIL,13447,
832,at,FIL,13448,
832,pagbangon,FIL,13449,
832,ng,FIL,13450,
832,mas,FIL,13451,
832,matibay,FIL,13452,
832,",",SYM,13453,
832,din,FIL,13454,
832,ni,FIL,13455,
832,Poe,UNK,13456,NE
832,.,SYM,13457,
833,Sir,ENG,13458,
833,huag,FIL,13459,
833,ninyong,FIL,13460,
833,balikan,FIL,13461,
833,si,FIL,13462,
833,Mrsninyo,UNK,13463,
833,gagawa,FIL,13464,
833,ulit,FIL,13465,
833,yan,FIL,13466,
833,",",SYM,13467,
833,malandi,FIL,13468,
833,alam,FIL,13469,
833,niyang,FIL,13470,
833,may,FIL,13471,
833,asawa,FIL,13472,
833,siyang,FIL,13473,
833,tao,FIL,13474,
833,nakipaglalaki,FIL,13475,
833,pa,FIL,13476,
833,siya,FIL,13477,
835,Wala,FIL,13478,
835,rin,FIL,13479,
835,daw,FIL,13480,
835,epekto,FIL,13481,
835,sa,FIL,13482,
835,kanya,FIL,13483,
835,ang,FIL,13484,
835,pagpasok,FIL,13485,
835,sa,FIL,13486,
835,rehab,ENG,13487,
835,center,ENG,13488,
835,dahil,FIL,13489,
835,pagkatapos,FIL,13490,
835,ng,FIL,13491,
835,pagpapagamot,FIL,13492,
835,niya,FIL,13493,
835,roon,FIL,13494,
835,ay,FIL,13495,
835,balik,FIL,13496,
835,na,FIL,13497,
835,naman,FIL,13498,
835,siya,FIL,13499,
835,sa,FIL,13500,
835,pagbibisyo,FIL,13501,
835,.,SYM,13502,
837,eh,UNK,13503,EXPR
837,kayo,FIL,13504,
837,pala,FIL,13505,
837,sumugod,FIL,13506,
837,sa,FIL,13507,
837,bahay,FIL,13508,
837,eh,UNK,13509,EXPR
837,kayo,FIL,13510,
837,n,FIL,13511,
837,nga,FIL,13512,
837,naka,FIL,13513,
837,perwisyo,FIL,13514,
837,sa,FIL,13515,
837,ingay,FIL,13516,
837,!,SYM,13517,
838,benta,FIL,13518,
838,mo,FIL,13519,
838,na,FIL,13520,
838,sa,FIL,13521,
838,iba,FIL,13522,
838,yan,FIL,13523,
838,kaurat,FIL,13524,
838,naman,FIL,13525,
838,ng,FIL,13526,
838,mga,FIL,13527,
838,nagaask,UNK,13528,
838,proof,ENG,13529,
838,tas,FIL,13530,
838,nagiging,FIL,13531,
838,inactive,ENG,13532,
838,bigla,FIL,13533,
839,Ang,FIL,13534,
839,panget,FIL,13535,
839,nang,FIL,13536,
839,lalake,FIL,13537,
839,mukhan,FIL,13538,
839,monggo,FIL,13539,
839,",",SYM,13540,
839,monggo,FIL,13541,
839,loyd,UNK,13542,NE
842,Ang,FIL,13543,
842,pinsala,FIL,13544,
842,sa,FIL,13545,
842,mga,FIL,13546,
842,pambansang,FIL,13547,
842,tanggapan,FIL,13548,
842,ay,FIL,13549,
842,tinatayang,FIL,13550,
842,nasa,FIL,13551,
842,halos,FIL,13552,
842,P2-bilyon,UNK,13553,
842,",",SYM,13554,
842,habang,FIL,13555,
842,ang,FIL,13556,
842,pinsala,FIL,13557,
842,sa,FIL,13558,
842,mga,FIL,13559,
842,ahensya,FIL,13560,
842,ng,FIL,13561,
842,lalawigan,FIL,13562,
842,ay,FIL,13563,
842,tinatayang,FIL,13564,
842,mas,FIL,13565,
842,mababa,FIL,13566,
842,sa,FIL,13567,
842,P2,UNK,13568,
842,.,SYM,13569,
842,1-bilyon,UNK,13570,
842,.,SYM,13571,
843,Ang,FIL,13572,
843,ganitong,FIL,13573,
843,uri,FIL,13574,
843,ng,FIL,13575,
843,tao,FIL,13576,
843,ay,FIL,13577,
843,pinaka-mandaraya,FIL,13578,
843,",",SYM,13579,
843,at,FIL,13580,
843,kapag,FIL,13581,
843,ibinubunyag,FIL,13582,
843,Ko,FIL,13583,
843,ang,FIL,13584,
843,mga,FIL,13585,
843,hiwaga,FIL,13586,
843,",",SYM,13587,
843,Aking,FIL,13588,
843,aalisin,FIL,13589,
843,at,FIL,13590,
843,tatalikdan,FIL,13591,
843,sila,FIL,13592,
843,nang,FIL,13593,
843,isa-isa,FIL,13594,
843,.,SYM,13595,
844,nung,FIL,13596,
844,mga,FIL,13597,
844,oras,FIL,13598,
844,na,FIL,13599,
844,durog,FIL,13600,
844,ka,FIL,13601,
844,ako,FIL,13602,
844,yung,FIL,13603,
844,nandyan,FIL,13604,
844,para,FIL,13605,
844,sayo,FIL,13606,
844,haha,UNK,13607,EXPR
844,ngayon,FIL,13608,
844,hindi,FIL,13609,
844,mo,FIL,13610,
844,manlang,FIL,13611,
844,ako,FIL,13612,
844,maalala,FIL,13613,
844,awit,FIL,13614,
844,sayo,FIL,13615,
844,hahaha,UNK,13616,EXPR
845,tawa,FIL,13617,
845,ko,FIL,13618,
845,ang,FIL,13619,
845,cool,ENG,13620,
845,naman,FIL,13621,
845,kasama,FIL,13622,
845,nila,FIL,13623,
845,Milex,UNK,13624,NE
845,hindi,FIL,13625,
845,ka,FIL,13626,
845,Maiilang,FIL,13627,
846,Suporta,FIL,13628,
846,simula,FIL,13629,
846,ng,FIL,13630,
846,pagusbong,FIL,13631,
846,sa,FIL,13632,
846,yt,ENG,13633,"ABB,NE"
847,nakakahiya,FIL,13634,
847,na,FIL,13635,
847,nga,FIL,13636,
847,mag,FIL,13637,
847,vid,ENG,13638,ABB
847,sa,FIL,13639,
847,pe,ENG,13640,ABB
847,tapos,FIL,13641,
847,sa,FIL,13642,
847,school,ENG,13643,
847,gc,ENG,13644,ABB
847,pa,FIL,13645,
847,ipapasa,FIL,13646,
847,fuckjshsksjajaka,UNK,13647,EXPR
847,saksakin,FIL,13648,
847,nyo,FIL,13649,
847,nalang,FIL,13650,
847,ako,FIL,13651,
848,itong,FIL,13652,
848,survey,ENG,13653,
848,na,FIL,13654,
848,to,FIL,13655,
848,ang,FIL,13656,
848,lagi,FIL,13657,
848,kong,FIL,13658,
848,inaabangan,FIL,13659,
848,eh,UNK,13660,EXPR
848,.,SYM,13661,
849,Bilang,FIL,13662,
849,manunulat,FIL,13663,
849,Noong,FIL,13664,
849,kaniyang,FIL,13665,
849,kabinataan,FIL,13666,
849,",",SYM,13667,
849,nagsimula,FIL,13668,
849,na,FIL,13669,
849,siyang,FIL,13670,
849,magsulat,FIL,13671,
849,sa,FIL,13672,
849,wikang,FIL,13673,
849,Tagalog,FIL,13674,NE
849,para,FIL,13675,
849,sa,FIL,13676,
849,pahayagang,FIL,13677,
849,Watawat,FIL,13678,NE
849,.,SYM,13679,
850,Eh,UNK,13680,EXPR
850,paano,FIL,13681,
850,po,FIL,13682,
850,pag,FIL,13683,
850,tinapunan,FIL,13684,
850,na,FIL,13685,
850,kayo,FIL,13686,
850,ng,FIL,13687,
850,kape,FIL,13688,
850,?,SYM,13689,
851,Boring,ENG,13690,
851,paikot,FIL,13691,
851,ikot,FIL,13692,
851,lang,FIL,13693,
851,ako,FIL,13694,
851,sa,FIL,13695,
851,mga,FIL,13696,
851,socmed,ENG,13697,ABB
851,ko,FIL,13698,
852,Ang,FIL,13699,
852,mga,FIL,13700,
852,mahistrado,FIL,13701,
852,ay,FIL,13702,
852,itinatalaga,FIL,13703,
852,ng,FIL,13704,
852,pangulo,FIL,13705,
852,ayon,FIL,13706,
852,sa,FIL,13707,
852,mungkahi,FIL,13708,
852,ng,FIL,13709,
852,Panghukuman,FIL,13710,NE
852,at,FIL,13711,
852,konseho,FIL,13712,
852,ng,FIL,13713,
852,bar,ENG,13714,
852,ng,FIL,13715,
852,Pilipinas,FIL,13716,NE
852,.,SYM,13717,
853,May,FIL,13718,
853,kapatid,FIL,13719,
853,ako,FIL,13720,
853,na,FIL,13721,
853,lahat,FIL,13722,
853,na,FIL,13723,
853,ata,FIL,13724,
853,ng,FIL,13725,
853,crimes,ENG,13726,
853,nagawa,FIL,13727,
853,nga,FIL,13728,
853,maliban,FIL,13729,
853,sa,FIL,13730,
853,pagpatay,FIL,13731,
853,.,SYM,13732,
854,Siguro,FIL,13733,
854,Ang,FIL,13734,
854,Mahal,FIL,13735,
854,Jan,FIL,13736,
854,pero,FIL,13737,
854,Hindi,FIL,13738,
854,ako,FIL,13739,
854,mabubusog,FIL,13740,
854,pang,FIL,13741,
854,mayaman,FIL,13742,
855,Hayp,FIL,13743,
855,yan,FIL,13744,
855,yung,FIL,13745,
855,inabot,FIL,13746,
855,na,FIL,13747,
855,ko,FIL,13748,
855,ng,FIL,13749,
855,liwanag,FIL,13750,
855,kanina,FIL,13751,
855,at,FIL,13752,
855,mga,FIL,13753,
855,tilaok,FIL,13754,
855,ng,FIL,13755,
855,manok,FIL,13756,
855,!,SYM,13757,
856,Pero,FIL,13758,
856,siya,FIL,13759,
856,ang,FIL,13760,
856,umalis,FIL,13761,
856,.,SYM,13762,
858,Kagaya,FIL,13763,
858,ng,FIL,13764,
858,sinabi,FIL,13765,
858,mo,FIL,13766,
858,kanina,FIL,13767,
858,yung,FIL,13768,
858,mga,FIL,13769,
858,pagkakamaling,FIL,13770,
858,nagawa,FIL,13771,
858,.,SYM,13772,
859,Sa,FIL,13773,
859,katotohanan,FIL,13774,
859,ay,FIL,13775,
859,hindi,FIL,13776,
859,ito,FIL,13777,
859,isang,FIL,13778,
859,mahirap,FIL,13779,
859,na,FIL,13780,
859,tanong,FIL,13781,
859,;,SYM,13782,
859,napaka-simple,UNK,13783,
859,nito,FIL,13784,
859,!,SYM,13785,
860,Buhay,FIL,13786,
860,na,FIL,13787,
860,buhay,FIL,13788,
860,ang,FIL,13789,
860,Bayanihang,FIL,13790,NE
860,Malabonian,FIL,13791,NE
860,sa,FIL,13792,
860,gitna,FIL,13793,
860,ng,FIL,13794,
860,pandemya,FIL,13795,
860,dahil,FIL,13796,
860,sa,FIL,13797,
860,mga,FIL,13798,
860,ganitong,FIL,13799,
860,klaseng,FIL,13800,
860,programa,FIL,13801,
860,.,SYM,13802,
861,Hanggang,FIL,13803,
861,saan,FIL,13804,
861,dapat,FIL,13805,
861,ipaglaban,FIL,13806,
861,ang,FIL,13807,
861,pagsasama,FIL,13808,
861,ng,FIL,13809,
861,mag-asawa,FIL,13810,
861,sa,FIL,13811,
861,kabila,FIL,13812,
861,ng,FIL,13813,
861,pagtataksil,FIL,13814,
861,?,SYM,13815,
862,babalik,FIL,13816,
862,din,FIL,13817,
862,sa,FIL,13818,
862,dati,FIL,13819,
862,sa,FIL,13820,
862,ngayon,FIL,13821,
862,mahalin,FIL,13822,
862,muna,FIL,13823,
862,ang,FIL,13824,
862,sarili,FIL,13825,
863,Hoyyy,UNK,13826,EXPR
863,huwag,FIL,13827,
863,mo,FIL,13828,
863,sha,FIL,13829,
863,idamay,FIL,13830,
863,sa,FIL,13831,
863,mga,FIL,13832,
863,matatalinong,FIL,13833,
863,babae,FIL,13834,
863,ang,FIL,13835,
863,lalayo,FIL,13836,
863,ng,FIL,13837,
863,agwat,FIL,13838,
863,nila,FIL,13839,
863,hahaha,UNK,13840,EXPR
864,Hindi,FIL,13841,
864,sila,FIL,13842,
864,naniniwalang,FIL,13843,
864,ang,FIL,13844,
864,isang,FIL,13845,
864,ganoon,FIL,13846,
864,kaliit,FIL,13847,
864,na,FIL,13848,
864,tao,FIL,13849,
864,ay,FIL,13850,
864,may,FIL,13851,
864,kakayahang,FIL,13852,
864,lupigin,FIL,13853,
864,ang,FIL,13854,
864,napakarami,FIL,13855,
864,",",SYM,13856,
864,na,FIL,13857,
864,ang,FIL,13858,
864,isang,FIL,13859,
864,hindi,FIL,13860,
864,kapansin-pansin,FIL,13861,
864,ay,FIL,13862,
864,mapeperpekto,FIL,13863,
864,ang,FIL,13864,
864,tao,FIL,13865,
864,.,SYM,13866,
865,madaming,FIL,13867,
865,nag,FIL,13868,
865,dadalawang,FIL,13869,
865,isip,FIL,13870,
865,sa,FIL,13871,
865,mga,FIL,13872,
865,gustong,FIL,13873,
865,bumili,FIL,13874,
865,ng,FIL,13875,
865,airfryer,ENG,13876,
865,DAHIL,FIL,13877,
865,SA,FIL,13878,
865,BRAND,ENG,13879,
865,pero,FIL,13880,
865,sa,FIL,13881,
865,totoo,FIL,13882,
865,nyan,FIL,13883,
865,pare,FIL,13884,
865,pareho,FIL,13885,
865,lang,FIL,13886,
865,sila,FIL,13887,
865,ng,FIL,13888,
865,features,ENG,13889,
865,like,ENG,13890,
865,commands,ENG,13891,
865,",",SYM,13892,
865,temperature,ENG,13893,
865,",",SYM,13894,
865,time,ENG,13895,
865,at,FIL,13896,
865,ecc,ENG,13897,ABB
867,Sumubok,FIL,13898,
867,din,FIL,13899,
867,siyang,FIL,13900,
867,maging,FIL,13901,
867,distributor,ENG,13902,
867,ng,FIL,13903,
867,isang,FIL,13904,
867,lip,ENG,13905,
867,tint,ENG,13906,
867,brand,ENG,13907,
867,.,SYM,13908,
868,uhh,UNK,13909,EXPR
868,-,SYM,13910,
868,d,FIL,13911,ABB
868,nalang,FIL,13912,
868,ako,FIL,13913,
868,magtalk,UNK,13914,
870,Mananatili,FIL,13915,
870,na,FIL,13916,
870,lamang,FIL,13917,
870,mahirap,FIL,13918,
870,ang,FIL,13919,
870,mga,FIL,13920,
870,tao,FIL,13921,
870,",",SYM,13922,
870,at,FIL,13923,
870,hihintayin,FIL,13924,
870,ang,FIL,13925,
870,huling,FIL,13926,
870,araw,FIL,13927,
870,.,SYM,13928,
871,Ang,FIL,13929,
871,paghingi,FIL,13930,
871,sa,FIL,13931,
871,inyo,FIL,13932,
871,na,FIL,13933,
871,huwag,FIL,13934,
871,ilarawan,FIL,13935,
871,sa,FIL,13936,
871,isip,FIL,13937,
871,ay,FIL,13938,
871,hindi,FIL,13939,
871,pareho,FIL,13940,
871,ng,FIL,13941,
871,pagpapaubaya,FIL,13942,
871,sa,FIL,13943,
871,inyo,FIL,13944,
871,na,FIL,13945,
871,maupong,FIL,13946,
871,walang,FIL,13947,
871,ginagawa,FIL,13948,
871,at,FIL,13949,
871,maghintay,FIL,13950,
871,ng,FIL,13951,
871,pagkawasak,FIL,13952,
871,",",SYM,13953,
871,o,FIL,13954,
871,pagpigil,FIL,13955,
871,sa,FIL,13956,
871,inyo,FIL,13957,
871,sa,FIL,13958,
871,paggawa,FIL,13959,
871,ng,FIL,13960,
871,anumang,FIL,13961,
871,bagay,FIL,13962,
871,.,SYM,13963,
872,Sasabihin,FIL,13964,
872,Niya,FIL,13965,
872,na,FIL,13966,
872,ang,FIL,13967,
872,lahat,FIL,13968,
872,ng,FIL,13969,
872,bagay,FIL,13970,
872,na,FIL,13971,
872,ginagawa,FIL,13972,
872,mo,FIL,13973,
872,ay,FIL,13974,
872,para,FIL,13975,
872,sa,FIL,13976,
872,paggamit,FIL,13977,
872,ng,FIL,13978,
872,kaalaman,FIL,13979,
872,at,FIL,13980,
872,lakas,FIL,13981,
872,ng,FIL,13982,
872,sangkatauhan,FIL,13983,
872,upang,FIL,13984,
872,ilayo,FIL,13985,
872,sa,FIL,13986,
872,tao,FIL,13987,
872,ang,FIL,13988,
872,pag-iingat,FIL,13989,
872,ng,FIL,13990,
872,Diyos,FIL,13991,NE
872,",",SYM,13992,
872,at,FIL,13993,
872,na,FIL,13994,
872,ginagawa,FIL,13995,
872,ito,FIL,13996,
872,upang,FIL,13997,
872,itatwa,FIL,13998,
872,ang,FIL,13999,
872,mga,FIL,14000,
872,pagpapala,FIL,14001,
872,ng,FIL,14002,
872,Diyos,FIL,14003,NE
872,.,SYM,14004,
873,Kung,FIL,14005,
873,ang,FIL,14006,
873,mga,FIL,14007,
873,bagay,FIL,14008,
873,na,FIL,14009,
873,ito,FIL,14010,
873,ay,FIL,14011,
873,hindi,FIL,14012,
873,naalis,FIL,14013,
873,mula,FIL,14014,
873,sa,FIL,14015,
873,puso,FIL,14016,
873,ng,FIL,14017,
873,mga,FIL,14018,
873,tao,FIL,14019,
873,",",SYM,14020,
873,kaya,FIL,14021,
873,pa,FIL,14022,
873,ring,FIL,14023,
873,labanan,FIL,14024,
873,ng,FIL,14025,
873,tao,FIL,14026,
873,ang,FIL,14027,
873,Diyos,FIL,14028,NE
873,",",SYM,14029,
873,hatulan,FIL,14030,
873,ang,FIL,14031,
873,Diyos,FIL,14032,NE
873,",",SYM,14033,
873,maging,FIL,14034,
873,isang,FIL,14035,
873,kaaway,FIL,14036,
873,ng,FIL,14037,
873,Diyos,FIL,14038,NE
873,",",SYM,14039,
873,at,FIL,14040,
873,ipagkanulo,FIL,14041,
873,ang,FIL,14042,
873,Diyos,FIL,14043,NE
873,.,SYM,14044,
874,Dahil,FIL,14045,
874,dito,FIL,14046,
874,",",SYM,14047,
874,30,NUM,14048,
874,",",SYM,14049,
874,402,NUM,14050,
874,na,FIL,14051,
874,ang,FIL,14052,
874,total,ENG,14053,
874,recoveries,ENG,14054,
874,sa,FIL,14055,
874,hanay,FIL,14056,
874,ng,FIL,14057,
874,PNP,ENG,14058,"ABB,NE"
874,sa,FIL,14059,
874,naturang,FIL,14060,
874,sakit,FIL,14061,
874,.,SYM,14062,
875,Sa,FIL,14063,
875,pelikulang,FIL,14064,
875,ito,FIL,14065,
875,unang,FIL,14066,
875,nagsuot,FIL,14067,
875,ng,FIL,14068,
875,Darna,FIL,14069,NE
875,costume,ENG,14070,
875,si,FIL,14071,
875,Sharon,UNK,14072,NE
875,Cuneta,UNK,14073,NE
875,",",SYM,14074,
875,para,FIL,14075,
875,sa,FIL,14076,
875,isang,FIL,14077,
875,special,ENG,14078,
875,appearance,ENG,14079,
875,.,SYM,14080,
876,Matinding,FIL,14081,
876,takot,FIL,14082,
876,ang,FIL,14083,
876,bumalot,FIL,14084,
876,sa,FIL,14085,
876,mga,FIL,14086,
876,residente,FIL,14087,
876,sa,FIL,14088,
876,isang,FIL,14089,
876,barangay,FIL,14090,
876,sa,FIL,14091,
876,Malilipot,UNK,14092,NE
876,",",SYM,14093,
876,Albay,UNK,14094,NE
876,nang,FIL,14095,
876,makita,FIL,14096,
876,nila,FIL,14097,
876,kung,FIL,14098,
876,gaano,FIL,14099,
876,katindi,FIL,14100,
876,ang,FIL,14101,
876,pinsalang,FIL,14102,
876,iniwan,FIL,14103,
876,sa,FIL,14104,
876,kanila,FIL,14105,
876,ng,FIL,14106,
876,sunod-sunod,FIL,14107,
876,na,FIL,14108,
876,pag-ulan,FIL,14109,
876,.,SYM,14110,
877,Si,FIL,14111,
877,pacquiao,UNK,14112,NE
877,lang,FIL,14113,
877,ang,FIL,14114,
877,malakas,FIL,14115,
878,Kamuntikan,FIL,14116,
878,nang,FIL,14117,
878,mawasak,FIL,14118,
878,ang,FIL,14119,
878,isang,FIL,14120,
878,footbridge,ENG,14121,
878,dahil,FIL,14122,
878,sa,FIL,14123,
878,rumaragasang,FIL,14124,
878,tubig,FIL,14125,
878,ng,FIL,14126,
878,ilog,FIL,14127,
878,sa,FIL,14128,
878,Lake,ENG,14129,NE
878,Sebu,UNK,14130,NE
878,",",SYM,14131,
878,South,ENG,14132,NE
878,Cotabato,UNK,14133,NE
878,.,SYM,14134,
879,isa,FIL,14135,
879,lang,FIL,14136,
879,ang,FIL,14137,
879,tanong,FIL,14138,
879,qo,FIL,14139,
879,sa,FIL,14140,
879,mga,FIL,14141,
879,anti,ENG,14142,
879,marcos,UNK,14143,NE
879,ning,FIL,14144,
879,natapos,FIL,14145,
879,ba,FIL,14146,
879,ang,FIL,14147,
879,martialaw,UNK,14148,
879,nag,FIL,14149,
879,bago,FIL,14150,
879,ba,FIL,14151,
879,ang,FIL,14152,
879,buhay,FIL,14153,
879,ng,FIL,14154,
879,mga,FIL,14155,
879,pilipino,FIL,14156,NE
879,?,SYM,14157,
880,Di,FIL,14158,
880,naman,FIL,14159,
880,naka,FIL,14160,
880,sale,ENG,14161,
880,yung,FIL,14162,
880,mga,FIL,14163,
880,binili,FIL,14164,
880,ko,FIL,14165,
882,Tatawid,FIL,14166,
882,ng,FIL,14167,
882,24,NUM,14168,
882,na,FIL,14169,
882,ilog,FIL,14170,
882,para,FIL,14171,
882,makarating,FIL,14172,
882,sa,FIL,14173,
882,mga,FIL,14174,
882,mangyan,UNK,14175,NE
883,Nandito,FIL,14176,
883,ang,FIL,14177,
883,grupo,FIL,14178,
883,upang,FIL,14179,
883,matulungan,FIL,14180,
883,kang,FIL,14181,
883,mahasa,FIL,14182,
883,ang,FIL,14183,
883,iyong,FIL,14184,
883,talento,FIL,14185,
883,at,FIL,14186,
883,pagtingin,FIL,14187,
883,sa,FIL,14188,
883,pagsasayaw,FIL,14189,
883,.,SYM,14190,
884,Yung,FIL,14191,
884,ate,FIL,14192,
884,ko,FIL,14193,
884,buntis,FIL,14194,
884,na,FIL,14195,
884,bubweset,FIL,14196,
884,sa,FIL,14197,
884,mukha,FIL,14198,
884,ng,FIL,14199,
884,asawa,FIL,14200,
884,nya,FIL,14201,
884,",",SYM,14202,
884,sabi,FIL,14203,
884,ng,FIL,14204,
884,mga,FIL,14205,
884,matatanda,FIL,14206,
884,",",SYM,14207,
884,magiging,FIL,14208,
884,kamukha,FIL,14209,
884,ng,FIL,14210,
884,asawa,FIL,14211,
884,nya,FIL,14212,
884,.,SYM,14213,
885,Tapos,FIL,14214,
885,paglabas,FIL,14215,
885,ko,FIL,14216,
885,ng,FIL,14217,
885,clinic,ENG,14218,
885,",",SYM,14219,
885,nakasalubong,FIL,14220,
885,ng,FIL,14221,
885,ngiti,FIL,14222,
885,sakin,FIL,14223,
885,yung,FIL,14224,
885,husband,ENG,14225,
885,ko,FIL,14226,
885,saying,ENG,14227,
885,",",SYM,14228,
885,"""",SYM,14229,
885,ano,FIL,14230,
885,?,SYM,14231,
886,Ngunit,FIL,14232,
886,dapat,FIL,14233,
886,mapaalalahanan,FIL,14234,
886,ang,FIL,14235,
886,DepEd,ENG,14236,"ABB,NE"
886,na,FIL,14237,
886,suriing,FIL,14238,
886,mabuti,FIL,14239,
886,ang,FIL,14240,
886,mga,FIL,14241,
886,pinapalabas,FIL,14242,
886,na,FIL,14243,
886,mga,FIL,14244,
886,aralin,FIL,14245,
886,para,FIL,14246,
886,makaiwas,FIL,14247,
886,sa,FIL,14248,
886,anumang,FIL,14249,
886,pagkakakamali,FIL,14250,
886,.,SYM,14251,
887,Oras,FIL,14252,
887,na,FIL,14253,
887,makumpleto,FIL,14254,
887,ang,FIL,14255,
887,",",SYM,14256,
887,mapapaiksi,FIL,14257,
887,ng,FIL,14258,
887,30-kilometer,UNK,14259,
887,CLLEX,ENG,14260,"ABB,NE"
887,ang,FIL,14261,
887,kadalasang,FIL,14262,
887,travel,ENG,14263,
887,time,ENG,14264,
887,na,FIL,14265,
887,70,NUM,14266,
887,minuto,FIL,14267,
887,sa,FIL,14268,
887,pagitan,FIL,14269,
887,ng,FIL,14270,
887,Tarlac,FIL,14271,NE
887,City,ENG,14272,NE
887,at,FIL,14273,
887,Cabanatuan,FIL,14274,NE
887,City,ENG,14275,NE
887,sa,FIL,14276,
887,20,NUM,14277,
887,minuto,FIL,14278,
887,.,SYM,14279,
888,Bawat,FIL,14280,
888,beses,FIL,14281,
888,dumudulas,FIL,14282,
888,pataas,FIL,14283,
888,at,FIL,14284,
888,pababa,FIL,14285,
888,ng,FIL,14286,
888,mga,FIL,14287,
888,kamay,FIL,14288,
888,ko,FIL,14289,
888,ang,FIL,14290,
888,mga,FIL,14291,
888,posas,FIL,14292,
888,ay,FIL,14293,
888,mas,FIL,14294,
888,masakit,FIL,14295,
888,kaysa,FIL,14296,
888,nauna,FIL,14297,
888,.,SYM,14298,
890,Hindi,FIL,14299,
890,pa,FIL,14300,
890,nga,FIL,14301,
890,lasing,FIL,14302,
890,grabe,FIL,14303,
890,na,FIL,14304,
890,ang,FIL,14305,
890,bunganga,FIL,14306,
890,lalo,FIL,14307,
890,na,FIL,14308,
890,kaya,FIL,14309,
890,kung,FIL,14310,
890,lasing,FIL,14311,
890,.,SYM,14312,
891,Worth,ENG,14313,
891,it,ENG,14314,
891,ang,FIL,14315,
891,paghihintay,FIL,14316,
891,ko,FIL,14317,
891,ate,FIL,14318,
891,donna,UNK,14319,NE
891,!,SYM,14320,
892,manifesting,ENG,14321,
892,highest,ENG,14322,
892,score,ENG,14323,
892,ang,FIL,14324,
892,score,ENG,14325,
892,na,FIL,14326,
892,binigay,FIL,14327,
892,ni,FIL,14328,
892,ma'am,ENG,14329,
892,sa,FIL,14330,
892,amin,FIL,14331,
893,Mag,FIL,14332,
893,gawa,FIL,14333,
893,kanalang,FIL,14334,
893,ng,FIL,14335,
893,sarili,FIL,14336,
893,mo,FIL,14337,
893,kung,FIL,14338,
893,gusto,FIL,14339,
893,mong,FIL,14340,
893,ikaw,FIL,14341,
893,masunod,FIL,14342,
894,Sobrang,FIL,14343,
894,natuwa,FIL,14344,
894,ako,FIL,14345,
894,kasi,FIL,14346,
894,sobrang,FIL,14347,
894,accommodating,ENG,14348,
894,nila,FIL,14349,
894,at,FIL,14350,
894,ang,FIL,14351,
894,sumundo,FIL,14352,
894,pa,FIL,14353,
894,sakin,FIL,14354,
894,ay,FIL,14355,
894,yung,FIL,14356,
894,thera,UNK,14357,
894,na,FIL,14358,
894,napili,FIL,14359,
894,ko,FIL,14360,
894,",",SYM,14361,
894,si,FIL,14362,
894,J,UNK,14363,NE
894,.,SYM,14364,
894,Ang,FIL,14365,
894,pogi,FIL,14366,
894,pala,FIL,14367,
894,talaga,FIL,14368,
894,nya,FIL,14369,
894,lalo,FIL,14370,
894,sa,FIL,14371,
894,personal,ENG,14372,
894,.,SYM,14373,
895,Ayon,FIL,14374,
895,sa,FIL,14375,
895,website,ENG,14376,
895,",",SYM,14377,
895,ang,FIL,14378,
895,The,ENG,14379,NE
895,Conversation,ENG,14380,NE
895,ay,FIL,14381,
895,ang,FIL,14382,
895,nagungunang,FIL,14383,
895,tagapaglathala,FIL,14384,
895,ng,FIL,14385,
895,mga,FIL,14386,
895,ulat,FIL,14387,
895,at,FIL,14388,
895,pagsusuri,FIL,14389,
895,base,ENG,14390,
895,sa,FIL,14391,
895,mga,FIL,14392,
895,naunang,FIL,14393,
895,pananaliksik,FIL,14394,
895,.,SYM,14395,
896,Siya,FIL,14396,
896,ay,FIL,14397,
896,nagtakda,FIL,14398,
896,rin,FIL,14399,
896,ng,FIL,14400,
896,mga,FIL,14401,
896,hangganan,FIL,14402,
896,para,FIL,14403,
896,sa,FIL,14404,
896,kanila,FIL,14405,
896,",",SYM,14406,
896,at,FIL,14407,
896,hinahayaan,FIL,14408,
896,silang,FIL,14409,
896,mamuhay,FIL,14410,
896,sa,FIL,14411,
896,loob,FIL,14412,
896,ng,FIL,14413,
896,kanilang,FIL,14414,
896,sariling,FIL,14415,
896,tinitirahang,FIL,14416,
896,lugar,FIL,14417,
896,",",SYM,14418,
896,nang,FIL,14419,
896,hindi,FIL,14420,
896,nanghihimasok,FIL,14421,
896,sa,FIL,14422,
896,kanilang,FIL,14423,
896,kani,FIL,14424,
896,kanyang,FIL,14425,
896,mga,FIL,14426,
896,pananampalataya,FIL,14427,
896,.,SYM,14428,
897,Ito,FIL,14429,
897,ay,FIL,14430,
897,parang,FIL,14431,
897,inilagay,FIL,14432,
897,lamang,FIL,14433,
897,natin,FIL,14434,
897,sa,FIL,14435,
897,ilalim,FIL,14436,
897,ng,FIL,14437,
897,banga,FIL,14438,
897,.,SYM,14439,
898,mas,FIL,14440,
898,mauuna,FIL,14441,
898,pa,FIL,14442,
898,ata,FIL,14443,
898,kami,FIL,14444,
898,mag,FIL,14445,
898,f2f,ENG,14446,ABB
898,sa,FIL,14447,
898,school,ENG,14448,
898,bago,FIL,14449,
898,siya,FIL,14450,
898,umuwi,FIL,14451,
898,eh,UNK,14452,EXPR
899,Alam,FIL,14453,
899,mo,FIL,14454,
899,mama,UNK,14455,NE
899,anne,UNK,14456,NE
899,ganyan,FIL,14457,
899,din,FIL,14458,
899,ako,FIL,14459,
899,nung,FIL,14460,
899,nagkasakit,FIL,14461,
899,ako,FIL,14462,
899,ng,FIL,14463,
899,december,ENG,14464,
899,.,SYM,14465,
900,May,FIL,14466,
900,nagsasabi,FIL,14467,
900,rin,FIL,14468,
900,na,FIL,14469,
900,ang,FIL,14470,
900,apoy,FIL,14471,
900,sa,FIL,14472,
900,fireworks,ENG,14473,
900,ay,FIL,14474,
900,nagiging,FIL,14475,
900,gabay,FIL,14476,
900,natin,FIL,14477,
900,sa,FIL,14478,
900,buhay,FIL,14479,
900,.,SYM,14480,
901,Bakin,FIL,14481,
901,di,FIL,14482,
901,nyo,FIL,14483,
901,nalang,FIL,14484,
901,ianalize,FIL,14485,
901,yung,FIL,14486,
901,mga,FIL,14487,
901,mandarambong,FIL,14488,
901,na,FIL,14489,
901,hanggang,FIL,14490,
901,ngayon,FIL,14491,
901,tumatakbo,FIL,14492,
901,parin,FIL,14493,
901,at,FIL,14494,
901,naghahanhad,FIL,14495,
901,ng,FIL,14496,
901,posisyon,FIL,14497,
901,sa,FIL,14498,
901,gobyerno,FIL,14499,
903,Noong,FIL,14500,
903,ang,FIL,14501,
903,paggamit,FIL,14502,
903,ng,FIL,14503,
903,pambansang,FIL,14504,
903,wika,FIL,14505,
903,sa,FIL,14506,
903,halip,FIL,14507,
903,ng,FIL,14508,
903,Ingles,FIL,14509,NE
903,sa,FIL,14510,
903,mga,FIL,14511,
903,paaralan,FIL,14512,
903,.,SYM,14513,
904,Kc,FIL,14514,ABB
904,ang,FIL,14515,
904,solusyon,FIL,14516,
904,nyo,FIL,14517,
904,",",SYM,14518,
904,puro,FIL,14519,
904,hindi,FIL,14520,
904,napapanahon,FIL,14521,
904,.,SYM,14522,
905,ang,FIL,14523,
905,bagal,FIL,14524,
905,mag-uploaaaaad,UNK,14525,
905,nauubos,FIL,14526,
905,pasensya,FIL,14527,
905,ko,FIL,14528,
905,anuna,FIL,14529,
906,Sa,FIL,14530,
906,gitna,FIL,14531,
906,ng,FIL,14532,
906,pandemya,FIL,14533,
906,talagang,FIL,14534,
906,na-afford,FIL,14535,
906,ni,FIL,14536,
906,Kiray,UNK,14537,NE
906,na,FIL,14538,
906,regaluhan,FIL,14539,
906,ang,FIL,14540,
906,kasintahan,FIL,14541,
906,ng,FIL,14542,
906,mamahaling,FIL,14543,
906,upuan,FIL,14544,
906,",",SYM,14545,
906,gayong,FIL,14546,
906,kailan,FIL,14547,
906,lang,FIL,14548,
906,siya,FIL,14549,
906,nagkaroon,FIL,14550,
906,ng,FIL,14551,
906,trabaho,FIL,14552,
906,sa,FIL,14553,
906,telebisyon,FIL,14554,
906,.,SYM,14555,
908,Spaghetti,ENG,14556,
908,po,FIL,14557,
908,at,FIL,14558,
908,barbecue,ENG,14559,
908,kahit,FIL,14560,
908,pamula,FIL,14561,
908,bata,FIL,14562,
908,ako,FIL,14563,
908,kame,FIL,14564,
908,lang,FIL,14565,
908,ng,FIL,14566,
908,nanay,FIL,14567,
908,ko,FIL,14568,
908,nagnochebuena,FIL,14569,
908,kasi,FIL,14570,
908,may,FIL,14571,
908,mga,FIL,14572,
908,trabaho,FIL,14573,
908,at,FIL,14574,
908,sarili,FIL,14575,
908,pamilya,FIL,14576,
908,na,FIL,14577,
908,mga,FIL,14578,
908,kapatid,FIL,14579,
908,ko,FIL,14580,
908,at,FIL,14581,
908,nun,FIL,14582,
908,magkaanak,FIL,14583,
908,ako,FIL,14584,
908,kame,FIL,14585,
908,apat,FIL,14586,
908,ng,FIL,14587,
908,parents,ENG,14588,
908,ko,FIL,14589,
908,sobrang,FIL,14590,
908,saya,FIL,14591,
908,na,FIL,14592,
908,basta,FIL,14593,
908,may,FIL,14594,
908,pagsasaluhan,FIL,14595,
908,.,SYM,14596,
909,Sa,FIL,14597,
909,written,ENG,14598,
909,order,ENG,14599,
909,",",SYM,14600,
909,iniuutos,FIL,14601,
909,ang,FIL,14602,
909,agarang,FIL,14603,
909,implementasyon,FIL,14604,
909,ng,FIL,14605,
909,moratorium,ENG,14606,
909,sa,FIL,14607,
909,DOE,ENG,14608,ABB
909,na,FIL,14609,
909,tanging,FIL,14610,
909,solusyon,FIL,14611,
909,para,FIL,14612,
909,sa,FIL,14613,
909,pagkakaroon,FIL,14614,
909,ng,FIL,14615,
909,malinis,FIL,14616,
909,na,FIL,14617,
909,kapaligiran,FIL,14618,
909,at,FIL,14619,
909,masagip,FIL,14620,
909,ang,FIL,14621,
909,mga,FIL,14622,
909,tao,FIL,14623,
909,sa,FIL,14624,
909,impak,FIL,14625,
909,rising,ENG,14626,
909,global,ENG,14627,
909,temperatures,ENG,14628,
909,.,SYM,14629,
910,Galing,FIL,14630,
910,",",SYM,14631,
910,subok,FIL,14632,
910,na,FIL,14633,
910,si,FIL,14634,
910,tatay,FIL,14635,
910,nya,FIL,14636,
910,sa,FIL,14637,
910,katalinuhan,FIL,14638,
910,",",SYM,14639,
910,katapatan,FIL,14640,
910,",",SYM,14641,
910,pagmamahal,FIL,14642,
910,",",SYM,14643,
910,.,SYM,14644,
910,Si,FIL,14645,
910,tatay,FIL,14646,
910,nya,FIL,14647,
910,ang,FIL,14648,
910,sa,FIL,14649,
910,aking,FIL,14650,
910,nalalaman,FIL,14651,
910,ay,FIL,14652,
910,mayaman,FIL,14653,
910,sa,FIL,14654,
910,ginto,FIL,14655,
910,",",SYM,14656,
910,dahil,FIL,14657,
910,isa,FIL,14658,
910,syang,FIL,14659,
910,abogado,FIL,14660,
910,ng,FIL,14661,
910,kapanahunan,FIL,14662,
910,pa,FIL,14663,
910,nya,FIL,14664,
910,",",SYM,14665,
910,at,FIL,14666,
910,mga,FIL,14667,
910,ginto,FIL,14668,
910,ang,FIL,14669,
910,ibinabayad,FIL,14670,
910,sa,FIL,14671,
910,kanya,FIL,14672,
910,ng,FIL,14673,
910,kanyang,FIL,14674,
910,mga,FIL,14675,
910,ipinagtatanggol,FIL,14676,
910,.,SYM,14677,
911,Nakausap,FIL,14678,
911,ng,FIL,14679,
911,GMA,ENG,14680,"ABB,NE"
911,News,ENG,14681,NE
911,ang,FIL,14682,
911,babae,FIL,14683,
911,sa,FIL,14684,
911,larawan,FIL,14685,
911,na,FIL,14686,
911,sinasabing,FIL,14687,
911,nag-edit,FIL,14688,
911,sa,FIL,14689,
911,resulta,FIL,14690,
911,ng,FIL,14691,
911,COVID-19,ENG,14692,"ABB,NE"
911,test,ENG,14693,
911,.,SYM,14694,
913,maliban,FIL,14695,
913,sa,FIL,14696,
913,fact,ENG,14697,
913,checkers,ENG,14698,
913,",",SYM,14699,
913,tumulong,FIL,14700,
913,ang,FIL,14701,
913,volunteers,ENG,14702,
913,na,FIL,14703,
913,sa,FIL,14704,
913,pagsampa,FIL,14705,
913,ng,FIL,14706,
913,kaukulang,FIL,14707,
913,kaso,FIL,14708,
913,sa,FIL,14709,
913,mga,FIL,14710,
913,nagpapakalat,FIL,14711,
913,ng,FIL,14712,
913,fake,ENG,14713,
913,news,ENG,14714,
913,laban,FIL,14715,
913,kay,FIL,14716,
913,VP,ENG,14717,ABB
913,Leni,UNK,14718,NE
913,upang,FIL,14719,
913,mapanatili,FIL,14720,
913,ang,FIL,14721,
913,malinis,FIL,14722,
913,na,FIL,14723,
913,kampanya,FIL,14724,
913,sa,FIL,14725,
913,.,SYM,14726,
914,Ang,FIL,14727,
914,galing,FIL,14728,
914,mo,FIL,14729,
914,talaga,FIL,14730,
914,BBM,UNK,14731,"ABB,NE"
914,",",SYM,14732,
914,ikaw,FIL,14733,
914,ang,FIL,14734,
914,iboboto,FIL,14735,
914,ko,FIL,14736,
915,ako,FIL,14737,
915,naniniwala,FIL,14738,
915,din,FIL,14739,
915,na,FIL,14740,
915,minsan,FIL,14741,
915,mararamdaman,FIL,14742,
915,mo,FIL,14743,
915,peace,ENG,14744,
915,of,ENG,14745,
915,mine,ENG,14746,
915,sa,FIL,14747,
915,ibang,FIL,14748,
915,tao,FIL,14749,
915,kaysa,FIL,14750,
915,sa,FIL,14751,
915,sarili,FIL,14752,
915,mong,FIL,14753,
915,pamilya,FIL,14754,
915,.,SYM,14755,
917,teacher,ENG,14756,
917,ako,FIL,14757,
917,",",SYM,14758,
917,at,FIL,14759,
917,nakapag,FIL,14760,
917,handle,ENG,14761,
917,na,FIL,14762,
917,ko,FIL,14763,
917,ng,FIL,14764,
917,iba't,FIL,14765,
917,ibang,FIL,14766,
917,uri,FIL,14767,
917,ng,FIL,14768,
917,mga,FIL,14769,
917,bata,FIL,14770,
917,at,FIL,14771,
917,estudyante,FIL,14772,
917,",",SYM,14773,
917,and,ENG,14774,
917,I,ENG,14775,
917,would,ENG,14776,
917,say,ENG,14777,
917,na,FIL,14778,
917,ibang,FIL,14779,
917,iba,FIL,14780,
917,sila,FIL,14781,
917,pag,FIL,14782,
917,nasa,FIL,14783,
917,labas,FIL,14784,
917,.,SYM,14785,
918,Isinalarawan,FIL,14786,
918,ni,FIL,14787,
918,Senadora,FIL,14788,
918,Leila,UNK,14789,NE
918,de,UNK,14790,NE
918,Lima,UNK,14791,NE
918,na,FIL,14792,
918,isang,FIL,14793,
918,pagtokhang,FIL,14794,
918,ang,FIL,14795,
918,ginawang,FIL,14796,
918,pagpatay,FIL,14797,
918,sa,FIL,14798,
918,prangkisa,FIL,14799,
918,ng,FIL,14800,
918,ABS-CBN,FIL,14801,"ABB,NE"
918,.,SYM,14802,
919,Naiinggit,FIL,14803,
919,ako,FIL,14804,
919,sa,FIL,14805,
919,mga,FIL,14806,
919,may,FIL,14807,
919,high,ENG,14808,
919,speed,ENG,14809,
919,internet,ENG,14810,
919,connection,ENG,14811,
919,",",SYM,14812,
919,hindi,FIL,14813,
919,kailangan,FIL,14814,
919,gumawa,FIL,14815,
919,ng,FIL,14816,
919,gawaing,FIL,14817,
919,bahay,FIL,14818,
919,",",SYM,14819,
919,hindi,FIL,14820,
919,kailangan,FIL,14821,
919,mag-alaga,FIL,14822,
919,ng,FIL,14823,
919,mga,FIL,14824,
919,batang,FIL,14825,
919,kapatid,FIL,14826,
919,",",SYM,14827,
919,hindi,FIL,14828,
919,chaotic,ENG,14829,
919,ang,FIL,14830,
919,pamilya,FIL,14831,
919,",",SYM,14832,
919,at,FIL,14833,
919,yung,FIL,14834,
919,hindi,FIL,14835,
919,kailangang,FIL,14836,
919,mag-alala,FIL,14837,
919,kung,FIL,14838,
919,saan,FIL,14839,
919,kukunin,FIL,14840,
919,ang,FIL,14841,
919,pera,FIL,14842,
919,pambili,FIL,14843,
919,ng,FIL,14844,
919,mga,FIL,14845,
919,gamit,FIL,14846,
919,para,FIL,14847,
919,sa,FIL,14848,
919,pag-aaral,FIL,14849,
919,.,SYM,14850,
920,Kung,FIL,14851,
920,maaari,FIL,14852,
920,lahat,FIL,14853,
920,ng,FIL,14854,
920,fones,ENG,14855,
920,at,FIL,14856,
920,history,ENG,14857,
920,ng,FIL,14858,
920,messages,ENG,14859,
920,ng,FIL,14860,
920,mga,FIL,14861,
920,sangkot,FIL,14862,
920,kalkalin,FIL,14863,
920,at,FIL,14864,
920,i,FIL,14865,
920,match,ENG,14866,
920,sa,FIL,14867,
920,time,ENG,14868,
920,ng,FIL,14869,
920,pangyayari,FIL,14870,
920,",",SYM,14871,
920,cctv,ENG,14872,ABB
920,footage,ENG,14873,
920,sa,FIL,14874,
920,lahat,FIL,14875,
920,ng,FIL,14876,
920,angles,ENG,14877,
920,pagpasok,FIL,14878,
920,at,FIL,14879,
920,paglabas,FIL,14880,
920,ng,FIL,14881,
920,bisita,FIL,14882,
920,tiyak,FIL,14883,
920,ako,FIL,14884,
920,malaking,FIL,14885,
920,tulong,FIL,14886,
920,yun,FIL,14887,
920,!,SYM,14888,
921,Ipinasadyos,FIL,14889,
921,ko,FIL,14890,
921,na,FIL,14891,
921,talaga,FIL,14892,
921,ang,FIL,14893,
921,lahat,FIL,14894,
921,.,SYM,14895,
922,Inaalam,FIL,14896,
922,na,FIL,14897,
922,ng,FIL,14898,
922,pulisya,FIL,14899,
922,kung,FIL,14900,
922,sino,FIL,14901,
922,ang,FIL,14902,
922,magulang,FIL,14903,
922,ng,FIL,14904,
922,sanggol,FIL,14905,
922,o,FIL,14906,
922,nagtapon,FIL,14907,
922,dito,FIL,14908,
922,sa,FIL,14909,
922,irigasyon,FIL,14910,
922,.,SYM,14911,
924,Ilang,FIL,14912,
924,eleksyon,FIL,14913,
924,na,FIL,14914,
924,tapos,FIL,14915,
924,ngayon,FIL,14916,
924,2022,NUM,14917,
924,eleksyon,FIL,14918,
924,naman,FIL,14919,
924,wala,FIL,14920,
924,man,FIL,14921,
924,nag,FIL,14922,
924,bago,FIL,14923,
924,ang,FIL,14924,
924,sahod,FIL,14925,
924,namin,FIL,14926,
924,sa,FIL,14927,
924,mindao,UNK,14928,NE
924,maliit,FIL,14929,
924,parin,FIL,14930,
924,ang,FIL,14931,
924,mga,FIL,14932,
924,bilihen,FIL,14933,
924,mahal,FIL,14934,
924,na,FIL,14935,
925,May,FIL,14936,
925,galit,FIL,14937,
925,at,FIL,14938,
925,hinanakit,FIL,14939,
925,ang,FIL,14940,
925,mga,FIL,14941,
925,bata,FIL,14942,
925,sa,FIL,14943,
925,nanay,FIL,14944,
925,nila,FIL,14945,
925,especially,ENG,14946,
925,nangyari,FIL,14947,
925,yun,FIL,14948,
925,during,ENG,14949,
925,maliliit,FIL,14950,
925,pa,FIL,14951,
925,sila,FIL,14952,
925,.,SYM,14953,
927,Chika,FIL,14954,
927,mo,FIL,14955,
927,samin,FIL,14956,
927,ang,FIL,14957,
927,mga,FIL,14958,
927,ganap,FIL,14959,
927,ha,UNK,14960,EXPR
927,.,SYM,14961,
928,Kapag,FIL,14962,
928,nagkaroon,FIL,14963,
928,ng,FIL,14964,
928,rebolusyon,FIL,14965,
928,against,ENG,14966,
928,Marcos,UNK,14967,NE
928,Duterte,UNK,14968,NE
928,",",SYM,14969,
928,hindi,FIL,14970,
928,talaga,FIL,14971,
928,ako,FIL,14972,
928,sasama,FIL,14973,
928,.,SYM,14974,
931,Nangangahulugan,FIL,14975,
931,itong,FIL,14976,
931,mas,FIL,14977,
931,maraming,FIL,14978,
931,araw,FIL,14979,
931,siyang,FIL,14980,
931,gugugulin,FIL,14981,
931,sa,FIL,14982,
931,Sorsogon,UNK,14983,NE
931,at,FIL,14984,
931,oras,FIL,14985,
931,na,FIL,14986,
931,makasama,FIL,14987,
931,ang,FIL,14988,
931,asawa,FIL,14989,
931,dahil,FIL,14990,
931,dito,FIL,14991,
931,isu-shoot,FIL,14992,
931,ang,FIL,14993,
931,serye,FIL,14994,
931,.,SYM,14995,
933,makulayyyy,FIL,14996,
933,ang,FIL,14997,
933,buhayyyy,FIL,14998,
933,",",SYM,14999,
933,makulay,FIL,15000,
933,ang,FIL,15001,
933,buhay,FIL,15002,
933,pag,FIL,15003,
933,sumakibilang,FIL,15004,
933,buhayyyyy,FIL,15005,
934,Ginagamit,FIL,15006,
934,lang,FIL,15007,
934,ng,FIL,15008,
934,mga,FIL,15009,
934,mapagsamantala,FIL,15010,
934,sa,FIL,15011,
934,kapwa,FIL,15012,
934,.,SYM,15013,
935,Sana,FIL,15014,
935,mapansin,FIL,15015,
935,nyo,FIL,15016,
935,po,FIL,15017,
935,ang,FIL,15018,
935,mesaage,ENG,15019,
935,ko,FIL,15020,
936,Wawa,FIL,15021,
936,naman,FIL,15022,
936,si,FIL,15023,
936,tin,UNK,15024,NE
936,.,SYM,15025,
936,sobrang,FIL,15026,
936,tiwala,FIL,15027,
936,sa,FIL,15028,
936,hindi,FIL,15029,
936,kakilala,FIL,15030,
936,.,SYM,15031,
936,nagpunta,FIL,15032,
936,pa,FIL,15033,
936,sa,FIL,15034,
936,2207,NUM,15035,
936,na,FIL,15036,
936,di,FIL,15037,
936,pala,FIL,15038,
936,kilala,FIL,15039,
936,ng,FIL,15040,
936,mga,FIL,15041,
936,kaibigan,FIL,15042,
936,nya,FIL,15043,
938,Sa,FIL,15044,
938,caption,ENG,15045,
938,ni,FIL,15046,
938,Sharon,UNK,15047,NE
938,sa,FIL,15048,
938,Instagram,UNK,15049,NE
938,",",SYM,15050,
938,nagpayo,FIL,15051,
938,siyang,FIL,15052,
938,mahalin,FIL,15053,
938,ng,FIL,15054,
938,mga,FIL,15055,
938,tao,FIL,15056,
938,ang,FIL,15057,
938,kanilang,FIL,15058,
938,katawan,FIL,15059,
938,.,SYM,15060,
939,wow,UNK,15061,EXPR
939,yun,FIL,15062,
939,ang,FIL,15063,
939,sabaok,FIL,15064,
939,",",SYM,15065,
939,ganun,FIL,15066,
939,ka,FIL,15067,
939,pala,FIL,15068,
939,baka,FIL,15069,
939,pakitaan,FIL,15070,
939,ko,FIL,15071,
939,sila,FIL,15072,
939,ng,FIL,15073,
939,convo,ENG,15074,ABB
939,naten,FIL,15075,
939,HAHAHA,UNK,15076,EXPR
939,reply,ENG,15077,
939,mo,FIL,15078,
939,nga,FIL,15079,
939,3-5,NUM,15080,
939,words,ENG,15081,
939,lang,FIL,15082,
939,HAHAHAHAHAHA,UNK,15083,EXPR
941,Sasabihin,FIL,15084,
941,nanaman,FIL,15085,
941,nila,FIL,15086,
941,na,FIL,15087,
941,dilawan,FIL,15088,
941,ang,FIL,15089,
941,media,ENG,15090,
941,pati,FIL,15091,
941,NBI,FIL,15092,ABB
941,at,FIL,15093,
941,SEC,ENG,15094,ABB
941,ngayon,FIL,15095,
941,.,SYM,15096,
942,Wag,FIL,15097,
942,niyong,FIL,15098,
942,ilapit,FIL,15099,
942,sa,FIL,15100,
942,kaniya,FIL,15101,
942,mga,FIL,15102,
942,anak,FIL,15103,
942,niyo,FIL,15104,
942,.,SYM,15105,
943,Sa,FIL,15106,
943,takbo,FIL,15107,
943,ng,FIL,15108,
943,mga,FIL,15109,
943,pangyayari,FIL,15110,
943,ngayon,FIL,15111,
943,sa,FIL,15112,
943,socmed,ENG,15113,ABB
943,mga,FIL,15114,
943,Kabalitaktakan,FIL,15115,NE
943,",",SYM,15116,
943,para,FIL,15117,
943,bang,FIL,15118,
943,mas,FIL,15119,
943,matindi,FIL,15120,
943,na,FIL,15121,
943,ang,FIL,15122,
943,bangayan,FIL,15123,
943,ng,FIL,15124,
943,mga,FIL,15125,
943,taga-suporta,FIL,15126,
943,kesa,FIL,15127,
943,sa,FIL,15128,
943,mga,FIL,15129,
943,kandidato,FIL,15130,
943,.,SYM,15131,
944,Galing,FIL,15132,
944,ni,FIL,15133,
944,Ella,UNK,15134,NE
944,sumayaw,FIL,15135,
944,at,FIL,15136,
944,ang,FIL,15137,
944,ganda,FIL,15138,
944,pa,FIL,15139,
946,HAHSJSSKSJSHJS,UNK,15140,
946,yung,FIL,15141,
946,kahilom,FIL,15142,
946,papasakitin,FIL,15143,
946,muna,FIL,15144,
946,ulo,FIL,15145,
946,mo,FIL,15146,
946,bago,FIL,15147,
946,ka,FIL,15148,
946,makaramdam,FIL,15149,
946,ng,FIL,15150,
946,kung,FIL,15151,
946,ano,FIL,15152,
946,anong,FIL,15153,
946,emosyon,FIL,15154,
947,Si,FIL,15155,
947,James,UNK,15156,NE
947,Harden,UNK,15157,NE
947,ang,FIL,15158,
947,winner,ENG,15159,
947,sa,FIL,15160,
947,blockbuster,ENG,15161,
947,trade,ENG,15162,
947,na,FIL,15163,
947,siya,FIL,15164,
947,rin,FIL,15165,
947,ang,FIL,15166,
947,nagpasimuno,FIL,15167,
947,.,SYM,15168,
948,Weird,ENG,15169,
948,pero,FIL,15170,
948,nakakalimutan,FIL,15171,
948,kita,FIL,15172,
948,pag,FIL,15173,
948,nagbabasa,FIL,15174,
948,ako,FIL,15175,
948,nang,FIL,15176,
948,au's,ENG,15177,ABB
948,ng,FIL,15178,
948,jenlisa,UNK,15179,NE
949,Also,ENG,15180,
949,",",SYM,15181,
949,I,ENG,15182,
949,find,ENG,15183,
949,it,ENG,15184,
949,ironic,ENG,15185,
949,na,FIL,15186,
949,sa,FIL,15187,
949,dinami-dami,FIL,15188,
949,ng,FIL,15189,
949,mga,FIL,15190,
949,mahihirap,FIL,15191,
949,na,FIL,15192,
949,topics,ENG,15193,
949,ng,FIL,15194,
949,Grade,ENG,15195,
949,11-12,NUM,15196,
949,",",SYM,15197,
949,sa,FIL,15198,
949,Theology,ENG,15199,NE
949,pa,FIL,15200,
949,talaga,FIL,15201,
949,mahihila,FIL,15202,
949,yung,FIL,15203,
949,batch,ENG,15204,
949,namin,FIL,15205,
949,pababa,FIL,15206,
949,.,SYM,15207,
950,At,FIL,15208,
950,dahil,FIL,15209,
950,nga,FIL,15210,
950,dito,FIL,15211,
950,",",SYM,15212,
950,natagalan,FIL,15213,
950,at,FIL,15214,
950,hinintay,FIL,15215,
950,siya,FIL,15216,
950,ng,FIL,15217,
950,production,ENG,15218,
950,ng,FIL,15219,
950,Daig,FIL,15220,NE
950,Kayo,FIL,15221,NE
950,ng,FIL,15222,NE
950,Lola,FIL,15223,NE
950,Ko,FIL,15224,NE
950,.,SYM,15225,
951,Takot,FIL,15226,
951,klang,FIL,15227,
951,belen,UNK,15228,NE
951,hintay,FIL,15229,
951,klang,FIL,15230,
951,ang,FIL,15231,
951,susunod,FIL,15232,
951,dining,FIL,15233,
951,mo,FIL,15234,
951,ksi,FIL,15235,
951,ang,FIL,15236,
951,ninakaw,FIL,15237,
951,nyo,FIL,15238,
951,ni,FIL,15239,
951,cesar,UNK,15240,NE
951,kay,FIL,15241,
951,lucing,UNK,15242,NE
951,kbit,FIL,15243,
951,la,FIL,15244,
951,nman,FIL,15245,
951,talaga,FIL,15246,
951,ni,FIL,15247,
951,nestor,UNK,15248,NE
952,Paano,FIL,15249,
952,ba,FIL,15250,
952,kalimutan,FIL,15251,
952,yung,FIL,15252,
952,taong,FIL,15253,
952,gusto,FIL,15254,
952,mo,FIL,15255,
952,pang,FIL,15256,
952,maging,FIL,15257,
952,parte,FIL,15258,
952,ng,FIL,15259,
952,buhay,FIL,15260,
952,mo,FIL,15261,
952,?,SYM,15262,
953,Matapos,FIL,15263,
953,magpatotoo,FIL,15264,
953,ng,FIL,15265,
953,Banal,FIL,15266,NE
953,na,FIL,15267,
953,Espiritu,FIL,15268,NE
953,",",SYM,15269,
953,kinailangang,FIL,15270,
953,magpakita,FIL,15271,
953,ang,FIL,15272,
953,Banal,FIL,15273,NE
953,na,FIL,15274,
953,Espiritu,FIL,15275,NE
953,Mismo,FIL,15276,NE
953,",",SYM,15277,
953,nang,FIL,15278,
953,sa,FIL,15279,
953,gayon,FIL,15280,
953,ay,FIL,15281,
953,iyong,FIL,15282,
953,mamamalas,FIL,15283,
953,na,FIL,15284,
953,Siya,FIL,15285,NE
953,ang,FIL,15286,
953,Diyos,FIL,15287,NE
953,",",SYM,15288,
953,na,FIL,15289,
953,nasa,FIL,15290,
953,Kanya,FIL,15291,NE
953,ang,FIL,15292,
953,Espiritu,FIL,15293,NE
953,ng,FIL,15294,
953,Diyos,FIL,15295,NE
953,;,SYM,15296,
953,hindi,FIL,15297,
953,mali,FIL,15298,
953,ang,FIL,15299,
953,patotoo,FIL,15300,
953,ng,FIL,15301,
953,Diyos,FIL,15302,NE
953,",",SYM,15303,
953,at,FIL,15304,
953,ito,FIL,15305,
953,ang,FIL,15306,
953,magpapatunay,FIL,15307,
953,na,FIL,15308,
953,ang,FIL,15309,
953,Kanyang,FIL,15310,NE
953,patotoo,FIL,15311,
953,ay,FIL,15312,
953,tama,FIL,15313,
953,.,SYM,15314,
954,Nakagawa,FIL,15315,
954,ng,FIL,15316,
954,kasaysyaan,FIL,15317,
954,si,FIL,15318,
954,27-year-old,ENG,15319,
954,So,UNK,15320,NE
954,dahil,FIL,15321,
954,sa,FIL,15322,
954,pagsilo,FIL,15323,
954,ng,FIL,15324,
954,back-to-back,ENG,15325,
954,title,ENG,15326,
954,sa,FIL,15327,
954,U,ENG,15328,"ABB,NE"
954,.,SYM,15329,
954,S,ENG,15330,"ABB,NE"
954,.,SYM,15331,
955,Diumano,FIL,15332,
955,ang,FIL,15333,
955,impormasyon,FIL,15334,
955,pa,FIL,15335,
955,ay,FIL,15336,
955,nanggaling,FIL,15337,
955,sa,FIL,15338,
955,mismong,FIL,15339,
955,agency,ENG,15340,
955,ni,FIL,15341,
955,Nancy,UNK,15342,NE
955,sa,FIL,15343,
955,Korea,ENG,15344,NE
955,",",SYM,15345,
955,ang,FIL,15346,
955,MLD,ENG,15347,"ABB,NE"
955,Entertainment,ENG,15348,NE
955,.,SYM,15349,
956,Ang,FIL,15350,
956,dami,FIL,15351,
956,pong,FIL,15352,
956,mga,FIL,15353,
956,salitang,FIL,15354,
956,na,FIL,15355,
956,kung,FIL,15356,
956,nakasusugat,FIL,15357,
956,po,FIL,15358,
956,sa,FIL,15359,
956,ating,FIL,15360,
956,katawan,FIL,15361,
956,e,FIL,15362,
956,baka,FIL,15363,
956,punum-puno,FIL,15364,
956,na,FIL,15365,
956,siya,FIL,15366,
956,ng,FIL,15367,
956,sugar,ENG,15368,
956,ngayon,FIL,15369,
956,.,SYM,15370,
957,Kung,FIL,15371,
957,tutol,FIL,15372,
957,po,FIL,15373,
957,ang,FIL,15374,
957,simbahan,FIL,15375,
957,",",SYM,15376,
957,sana,FIL,15377,
957,nangunguna,FIL,15378,
957,din,FIL,15379,
957,ang,FIL,15380,
957,simbahan,FIL,15381,
957,sa,FIL,15382,
957,pagtulong,FIL,15383,
957,sa,FIL,15384,
957,mga,FIL,15385,
957,Pinoy,FIL,15386,NE
957,na,FIL,15387,
957,inaabuso,FIL,15388,
957,ang,FIL,15389,
957,kasal,FIL,15390,
957,",",SYM,15391,
957,babae,FIL,15392,
957,man,FIL,15393,
957,o,FIL,15394,
957,lalaki,FIL,15395,
957,.,SYM,15396,
958,Bukod,FIL,15397,
958,dito,FIL,15398,
958,",",SYM,15399,
958,dapat,FIL,15400,
958,ding,FIL,15401,
958,bigyan,FIL,15402,
958,ng,FIL,15403,
958,prayoridad,FIL,15404,
958,ang,FIL,15405,
958,mga,FIL,15406,
958,lugar,FIL,15407,
958,na,FIL,15408,
958,walang,FIL,15409,
958,internet,ENG,15410,
958,at,FIL,15411,
958,kung,FIL,15412,
958,saan,FIL,15413,
958,maraming,FIL,15414,
958,nangangailangang,FIL,15415,
958,mga,FIL,15416,
958,mag-aaral,FIL,15417,
958,.,SYM,15418,
959,Go,ENG,15419,
959,tatay,FIL,15420,
959,saludo,FIL,15421,
959,Ako,FIL,15422,
959,sa,FIL,15423,
959,mga,FIL,15424,
959,magsasaka,FIL,15425,
959,!,SYM,15426,
960,Sa,FIL,15427,
960,kanilang,FIL,15428,
960,pahayag,FIL,15429,
960,nitong,FIL,15430,
960,Huwebes,FIL,15431,NE
960,",",SYM,15432,
960,tatlo,FIL,15433,
960,naman,FIL,15434,
960,ang,FIL,15435,
960,nasawi,FIL,15436,
960,matapos,FIL,15437,
960,na,FIL,15438,
960,madagdagan,FIL,15439,
960,ng,FIL,15440,
960,isa,FIL,15441,
960,ang,FIL,15442,
960,pasyenteng,FIL,15443,
960,Pinoy,FIL,15444,NE
960,na,FIL,15445,
960,pumanaw,FIL,15446,
960,sa,FIL,15447,
960,Europe,ENG,15448,NE
960,.,SYM,15449,
961,Nasamid,FIL,15450,
961,ako,FIL,15451,
961,sa,FIL,15452,
961,iniinom,FIL,15453,
961,kong,FIL,15454,
961,chocolate,ENG,15455,
961,yawa,UNK,15456,EXPR
961,bakit,FIL,15457,
961,audjxheh,UNK,15458,
961,umamin,FIL,15459,
961,na,FIL,15460,
961,yung,FIL,15461,
961,nakaalala,FIL,15462,
961,sa,FIL,15463,
961,akin,FIL,15464,
961,di,FIL,15465,
961,ako,FIL,15466,
961,magagalit,FIL,15467,
961,sabihan,FIL,15468,
961,niyo,FIL,15469,
961,lang,FIL,15470,
961,ako,FIL,15471,
961,para,FIL,15472,
961,may,FIL,15473,
961,warning,ENG,15474,
961,chz,FIL,15475,ABB
963,Hinangaan,FIL,15476,
963,si,FIL,15477,
963,Julia,UNK,15478,NE
963,Montes,UNK,15479,NE
963,ng,FIL,15480,
963,mga,FIL,15481,
963,netizen,ENG,15482,
963,kaugnay,FIL,15483,
963,sa,FIL,15484,
963,importanteng,FIL,15485,
963,achievement,ENG,15486,
963,niya,FIL,15487,
963,sa,FIL,15488,
963,buhay,FIL,15489,
963,.,SYM,15490,
965,Aniya,FIL,15491,
965,pa,FIL,15492,
965,",",SYM,15493,
965,palagi,FIL,15494,
965,lang,FIL,15495,
965,siyang,FIL,15496,
965,nakaalalay,FIL,15497,
965,sa,FIL,15498,
965,aktres,FIL,15499,
965,kapag,FIL,15500,
965,may,FIL,15501,
965,kailangan,FIL,15502,
965,pang,FIL,15503,
965,gawin,FIL,15504,
965,para,FIL,15505,
965,sa,FIL,15506,
965,pinakahihintay,FIL,15507,
965,nilang,FIL,15508,
965,araw,FIL,15509,
965,sa,FIL,15510,
965,kanilang,FIL,15511,
965,relasyon,FIL,15512,
965,.,SYM,15513,
966,Nalaglag,FIL,15514,
966,naman,FIL,15515,
966,sa,FIL,15516,
966,third,ENG,15517,
966,place,ENG,15518,
966,ang,FIL,15519,
966,Red,ENG,15520,NE
966,Lions,ENG,15521,NE
966,na,FIL,15522,
966,kakalabanin,FIL,15523,
966,ang,FIL,15524,
966,CSB,ENG,15525,"ABB,NE"
966,Blazers,ENG,15526,NE
966,sa,FIL,15527,
966,play-in,ENG,15528,
966,round,ENG,15529,
966,sa,FIL,15530,
966,darating,FIL,15531,
966,na,FIL,15532,
966,linggo,FIL,15533,
966,.,SYM,15534,
967,Kapag,FIL,15535,
967,ang,FIL,15536,
967,mga,FIL,15537,
967,tao,FIL,15538,
967,ay,FIL,15539,
967,lumalapit,FIL,15540,
967,sa,FIL,15541,
967,Akin,FIL,15542,
967,",",SYM,15543,
967,sila,FIL,15544,
967,ay,FIL,15545,
967,palaging,FIL,15546,
967,may,FIL,15547,
967,dalang,FIL,15548,
967,mga,FIL,15549,
967,personal,ENG,15550,
967,na,FIL,15551,
967,kadahilanan,FIL,15552,
967,at,FIL,15553,
967,",",SYM,15554,
967,nang,FIL,15555,
967,may,FIL,15556,
967,nangingibabaw,FIL,15557,
967,na,FIL,15558,
967,pagnanais,FIL,15559,
967,",",SYM,15560,
967,isinasalaysay,FIL,15561,
967,ang,FIL,15562,
967,kanilang,FIL,15563,
967,sariling,FIL,15564,
967,di,FIL,15565,
967,pangkaraniwang,FIL,15566,
967,mga,FIL,15567,
967,karanasan,FIL,15568,
967,",",SYM,15569,
967,nagdaragdag,FIL,15570,
967,ng,FIL,15571,
967,mga,FIL,15572,
967,sarili,FIL,15573,
967,nilang,FIL,15574,
967,komentaryo,FIL,15575,
967,habang,FIL,15576,
967,ginagawa,FIL,15577,
967,iyon,FIL,15578,
967,.,SYM,15579,
968,Hindi,FIL,15580,
968,po,FIL,15581,
968,kasi,FIL,15582,
968,bumababa,FIL,15583,
968,ang,FIL,15584,
968,mga,FIL,15585,
968,iyon,FIL,15586,
968,sa,FIL,15587,
968,masa,FIL,15588,
968,.,SYM,15589,
969,Kung,FIL,15590,
969,nababasa,FIL,15591,
969,Lang,FIL,15592,
969,Sana,FIL,15593,
969,NG,FIL,15594,
969,Tao,FIL,15595,
969,Ang,FIL,15596,
969,tadhana,FIL,15597,
969,Sana,FIL,15598,
969,nagsama,FIL,15599,
969,nalang,FIL,15600,
969,lahat,FIL,15601,
969,NG,FIL,15602,
969,manloloko,FIL,15603,
969,at,FIL,15604,
969,di,FIL,15605,
969,na,FIL,15606,
969,maghihiwalay,FIL,15607,
969,Ang,FIL,15608,
969,mga,FIL,15609,
969,may,FIL,15610,
969,mabubuting,FIL,15611,
969,puso,FIL,15612,
969,.,SYM,15613,
971,Naikuwento,FIL,15614,
971,ni,FIL,15615,
971,Kyline,UNK,15616,NE
971,ang,FIL,15617,
971,pasorpresa,FIL,15618,
971,ni,FIL,15619,
971,Mavy,UNK,15620,NE
971,sa,FIL,15621,
971,kanya,FIL,15622,
971,para,FIL,15623,
971,sa,FIL,15624,
971,Araw,FIL,15625,NE
971,ng,FIL,15626,
971,mga,FIL,15627,
971,Puso,FIL,15628,NE
971,sa,FIL,15629,
971,ginanap,FIL,15630,
971,na,FIL,15631,
971,online,ENG,15632,
971,mediacon,ENG,15633,ABB
971,ng,FIL,15634,
971,Sparkle,ENG,15635,NE
971,Sweethearts,ENG,15636,NE
971,ng,FIL,15637,
971,GMA,ENG,15638,"ABB,NE"
971,kung,FIL,15639,
971,saan,FIL,15640,
971,kabilang,FIL,15641,
971,ang,FIL,15642,
971,dalawang,FIL,15643,
971,youngstars,ENG,15644,
971,.,SYM,15645,
972,Hindi,FIL,15646,
972,na,FIL,15647,
972,maitim,FIL,15648,
972,ang,FIL,15649,
972,kilikili,FIL,15650,
972,mo,FIL,15651,
972,ateat,UNK,15652,
972,parAng,UNK,15653,
972,tumaba,FIL,15654,
972,ka,FIL,15655,
973,Kabanata,FIL,15656,
973,37,NUM,15657,
973,Tunay,FIL,15658,
973,na,FIL,15659,
973,kulang,FIL,15660,
973,ang,FIL,15661,
973,inyong,FIL,15662,
973,pananampalataya,FIL,15663,
973,sa,FIL,15664,
973,Aking,FIL,15665,
973,presensya,FIL,15666,
973,at,FIL,15667,
973,malimit,FIL,15668,
973,na,FIL,15669,
973,nananalig,FIL,15670,
973,sa,FIL,15671,
973,inyong,FIL,15672,
973,mga,FIL,15673,
973,sarili,FIL,15674,
973,sa,FIL,15675,
973,paggawa,FIL,15676,
973,ng,FIL,15677,
973,mga,FIL,15678,
973,bagay-bagay,FIL,15679,
973,.,SYM,15680,
974,Ito,FIL,15681,
974,ay,FIL,15682,
974,matapos,FIL,15683,
974,dumalo,FIL,15684,
974,si,FIL,15685,
974,Tupas,UNK,15686,NE
974,sa,FIL,15687,
974,isang,FIL,15688,
974,party,ENG,15689,
974,sa,FIL,15690,
974,Mabini,UNK,15691,NE
974,",",SYM,15692,
974,Davao,UNK,15693,NE
974,de,UNK,15694,
974,Oro,UNK,15695,NE
974,na,FIL,15696,
974,ni-raid,UNK,15697,
974,ng,FIL,15698,
974,Philippine,ENG,15699,NE
974,Drug,ENG,15700,NE
974,Enforcement,ENG,15701,NE
974,Agency,ENG,15702,NE
974,at,FIL,15703,
974,makumpiska,FIL,15704,
974,ang,FIL,15705,
974,party,ENG,15706,
974,drugs,ENG,15707,
974,na,FIL,15708,
974,nagkakahalaga,FIL,15709,
974,ng,FIL,15710,
974,P1,UNK,15711,
974,.,SYM,15712,
974,5,NUM,15713,
974,milyon,FIL,15714,
974,.,SYM,15715,
975,Dapat,FIL,15716,
975,toonan,FIL,15717,
975,ninu,FIL,15718,
975,ng,FIL,15719,
975,pansin,FIL,15720,
975,ay,FIL,15721,
975,yong,FIL,15722,
975,pinatay,FIL,15723,
975,n,FIL,15724,
975,magina,FIL,15725,
976,Natunton,FIL,15726,
976,ng,FIL,15727,
976,"""",SYM,15728,
976,Kapuso,FIL,15729,NE
976,Mo,FIL,15730,NE
976,",",SYM,15731,
976,Jessica,UNK,15732,NE
976,Soho,UNK,15733,NE
976,"""",SYM,15734,
976,ang,FIL,15735,
976,kapatid,FIL,15736,
976,ng,FIL,15737,
976,naturang,FIL,15738,
976,babae,FIL,15739,
976,at,FIL,15740,
976,inihayag,FIL,15741,
976,niya,FIL,15742,
976,ang,FIL,15743,
976,pinagdadaanan,FIL,15744,
976,nito,FIL,15745,
976,.,SYM,15746,
977,Palit,FIL,15747,
977,ka,FIL,15748,
977,ng,FIL,15749,
977,palit,FIL,15750,
977,ng,FIL,15751,
977,player,ENG,15752,
977,pag,FIL,15753,
977,natatalo,FIL,15754,
977,eh,UNK,15755,EXPR
977,ung,FIL,15756,
977,mga,FIL,15757,
977,butaw,FIL,15758,
977,naman,FIL,15759,
977,ung,FIL,15760,
977,ayaw,FIL,15761,
977,mong,FIL,15762,
977,palitan,FIL,15763,
978,Meaning,ENG,15764,
978,",",SYM,15765,
978,ang,FIL,15766,
978,puhunan,FIL,15767,
978,na,FIL,15768,
978,ibibigay,FIL,15769,
978,ni,FIL,15770,
978,idol,ENG,15771,
978,.,SYM,15772,
980,Yung,FIL,15773,
980,kaklase,FIL,15774,
980,ko,FIL,15775,
980,po,FIL,15776,
980,kasi,FIL,15777,
980,1,NUM,15778,
980,year,ENG,15779,
980,na,FIL,15780,
980,po,FIL,15781,
980,kasi,FIL,15782,
980,siya,FIL,15783,
980,and,ENG,15784,
980,nakapag,FIL,15785,
980,renew,ENG,15786,
980,na,FIL,15787,
980,po,FIL,15788,
980,siya,FIL,15789,
980,and,ENG,15790,
980,pangatlong,FIL,15791,
980,renew,ENG,15792,
980,nya,FIL,15793,
980,na,FIL,15794,
980,raw,FIL,15795,
980,po,FIL,15796,
980,ngayon,FIL,15797,
980,.,SYM,15798,
981,Reaksyon,FIL,15799,
981,ito,FIL,15800,
981,ng,FIL,15801,
981,DTI,FIL,15802,"ABB,NE"
981,sa,FIL,15803,
981,gitna,FIL,15804,
981,ng,FIL,15805,
981,pangamba,FIL,15806,
981,ng,FIL,15807,
981,ilang,FIL,15808,
981,business,ENG,15809,
981,leaders,ENG,15810,
981,kasabay,FIL,15811,
981,ng,FIL,15812,
981,virtual,ENG,15813,
981,conference,ENG,15814,
981,ng,FIL,15815,
981,Taskforce,ENG,15816,NE
981,T3,UNK,15817,"ABB,NE"
981,(,SYM,15818,
981,Test,ENG,15819,
981,",",SYM,15820,
981,Trace,ENG,15821,
981,and,ENG,15822,
981,Treat,ENG,15823,
981,),SYM,15824,
981,",",SYM,15825,
981,sa,FIL,15826,
981,posibleng,FIL,15827,
981,maging,FIL,15828,
981,impact,ENG,15829,
981,ng,FIL,15830,
981,mga,FIL,15831,
981,granular,ENG,15832,
981,lockdown,ENG,15833,
981,sa,FIL,15834,
981,operasyon,FIL,15835,
981,ng,FIL,15836,
981,mga,FIL,15837,
981,kumpanya,FIL,15838,
981,maging,FIL,15839,
981,sa,FIL,15840,
981,labas,FIL,15841,
981,ng,FIL,15842,
981,Metro,ENG,15843,NE
981,Manila,FIL,15844,NE
981,.,SYM,15845,
982,Natagpuan,FIL,15846,
982,din,FIL,15847,
982,sa,FIL,15848,
982,hindi,FIL,15849,
982,kalayuan,FIL,15850,
982,ang,FIL,15851,
982,ulo,FIL,15852,
982,ng,FIL,15853,
982,biktimang,FIL,15854,
982,si,FIL,15855,
982,Giovanni,UNK,15856,NE
982,Baylosis,UNK,15857,NE
982,",",SYM,15858,
982,na,FIL,15859,
982,napaulat,FIL,15860,
982,na,FIL,15861,
982,nawawala,FIL,15862,
982,noon,FIL,15863,
982,pang,FIL,15864,
982,Biyernes,FIL,15865,NE
982,.,SYM,15866,
983,Nagbabala,FIL,15867,
983,ang,FIL,15868,
983,OWWA,FIL,15869,"ABB,NE"
983,nitong,FIL,15870,
983,Marso,FIL,15871,NE
983,na,FIL,15872,
983,mauubos,FIL,15873,
983,na,FIL,15874,
983,nito,FIL,15875,
983,ang,FIL,15876,
983,pondong,FIL,15877,
983,na,FIL,15878,
983,P6,SYM,15879,
983,.,SYM,15880,
983,2,NUM,15881,
983,bilyon,FIL,15882,
983,ngayong,FIL,15883,
983,taon,FIL,15884,
983,nang,FIL,15885,
983,limang,FIL,15886,
983,buwan,FIL,15887,
983,lamang,FIL,15888,
983,sa,FIL,15889,
983,gastos,FIL,15890,
983,nito,FIL,15891,
983,para,FIL,15892,
983,sa,FIL,15893,
983,mga,FIL,15894,
983,OFW,FIL,15895,ABB
983,.,SYM,15896,
984,Kanya2x,UNK,15897,
984,namang,FIL,15898,
984,palusot,FIL,15899,
984,ang,FIL,15900,
984,mga,FIL,15901,
984,suspek,FIL,15902,
984,para,FIL,15903,
984,makalusot,FIL,15904,
984,sa,FIL,15905,
984,kaso,FIL,15906,
984,eh,UNK,15907,EXPR
984,;,SYM,15908,
984,kanya2x,UNK,15909,
984,namang,FIL,15910,
984,drama2x,UNK,15911,
984,nang,FIL,15912,
984,iyak,FIL,15913,
984,ang,FIL,15914,
984,mga,FIL,15915,
984,suspek,FIL,15916,
984,para,FIL,15917,
984,lang,FIL,15918,
984,makalusot,FIL,15919,
984,sa,FIL,15920,
984,ginawa,FIL,15921,
984,nilang,FIL,15922,
984,brutal,ENG,15923,
984,na,FIL,15924,
984,kremin,FIL,15925,
984,;,SYM,15926,
985,Sabi,FIL,15927,
985,ng,FIL,15928,
985,SWS,ENG,15929,"ABB,NE"
985,",",SYM,15930,
985,pinakamarami,FIL,15931,
985,ang,FIL,15932,
985,nagugutom,FIL,15933,
985,sa,FIL,15934,
985,Mindanao,UNK,15935,NE
985,kung,FIL,15936,
985,saan,FIL,15937,
985,20,NUM,15938,
985,.,SYM,15939,
985,7,NUM,15940,
985,%,SYM,15941,
985,ng,FIL,15942,
985,1,NUM,15943,
985,.,SYM,15944,
985,2,NUM,15945,
985,milyong,FIL,15946,
985,pamilya,FIL,15947,
985,ay,FIL,15948,
985,nakaranas,FIL,15949,
985,ng,FIL,15950,
985,gutom,FIL,15951,
985,.,SYM,15952,
987,ano,FIL,15953,
987,po,FIL,15954,
987,ba,FIL,15955,
987,ang,FIL,15956,
987,ninakaw,FIL,15957,
987,ni,FIL,15958,
987,marcos,UNK,15959,NE
987,",",SYM,15960,
988,Babalik,FIL,15961,
988,ang,FIL,15962,
988,Gins,UNK,15963,NE
988,bukas,FIL,15964,
988,para,FIL,15965,
988,harapin,FIL,15966,
988,ang,FIL,15967,
988,Meralco,UNK,15968,NE
988,",",SYM,15969,
988,ang,FIL,15970,
988,itinumba,FIL,15971,
988,nila,FIL,15972,
988,noong,FIL,15973,
988,January,ENG,15974,NE
988,para,FIL,15975,
988,mabawi,FIL,15976,
988,ang,FIL,15977,
988,korona,FIL,15978,
988,ng,FIL,15979,
988,Governors,ENG,15980,NE
988,Cup,ENG,15981,NE
988,.,SYM,15982,
989,May,FIL,15983,
989,magagawa,FIL,15984,
989,ang,FIL,15985,
989,boto,FIL,15986,
989,mo,FIL,15987,
989,kung,FIL,15988,
989,sama-sama,FIL,15989,
989,tayo,FIL,15990,
989,",",SYM,15991,
989,ayon,FIL,15992,
989,kay,FIL,15993,
989,Trillanes,UNK,15994,NE
989,.,SYM,15995,
990,Ilang,FIL,15996,
990,araw,FIL,15997,
990,akong,FIL,15998,
990,hindi,FIL,15999,
990,uminom,FIL,16000,
990,ng,FIL,16001,
990,malamig,FIL,16002,
990,na,FIL,16003,
990,tubig,FIL,16004,
990,at,FIL,16005,
990,binawasan,FIL,16006,
990,ang,FIL,16007,
990,pagsigaw,FIL,16008,
990,sa,FIL,16009,
990,online,ENG,16010,
990,selling,ENG,16011,
990,para,FIL,16012,
990,makondisyon,FIL,16013,
990,ang,FIL,16014,
990,boses,FIL,16015,
990,ko,FIL,16016,
990,.,SYM,16017,
991,Walang,FIL,16018,
991,excuse,ENG,16019,
991,ang,FIL,16020,
991,sinuman,FIL,16021,
991,sa,FIL,16022,
991,panahon,FIL,16023,
991,ng,FIL,16024,
991,pandemic,ENG,16025,
991,.,SYM,16026,
992,Masyado,FIL,16027,
992,nyong,FIL,16028,
992,pinapaliit,FIL,16029,
992,ang,FIL,16030,
992,mundo,FIL,16031,
992,nila,FIL,16032,
992,.,SYM,16033,
993,They,ENG,16034,
993,say,ENG,16035,
993,"""",SYM,16036,
993,Nagcacancer,FIL,16037,
993,yan,FIL,16038,
993,kasi,FIL,16039,
993,umalis,FIL,16040,
993,sa,FIL,16041,
993,iglesia,FIL,16042,
993,"""",SYM,16043,
993,",",SYM,16044,
993,"""",SYM,16045,
993,,SYM,16046,
993,Namatay,FIL,16047,
993,yan,FIL,16048,
993,kasi,FIL,16049,
993,parusa,FIL,16050,
993,ng,FIL,16051,
993,Dyos,FIL,16052,NE
993,sa,FIL,16053,
993,kanya,FIL,16054,
993,ng,FIL,16055,
993,umalis,FIL,16056,
993,sya,FIL,16057,
993,.,SYM,16058,
993,"""",SYM,16059,
993,,SYM,16060,
994,Sa,FIL,16061,
994,una,FIL,16062,
994,masaya,FIL,16063,
994,siya,FIL,16064,
994,kasi,FIL,16065,
994,nga,FIL,16066,
994,laki,FIL,16067,
994,ng,FIL,16068,
994,gain,ENG,16069,
994,niya,FIL,16070,
994,.,SYM,16071,
995,Parang,FIL,16072,
995,gusto,FIL,16073,
995,kung,FIL,16074,
995,manirahan,FIL,16075,
995,dun,FIL,16076,
995,then,ENG,16077,
995,mag,FIL,16078,
995,babatay,FIL,16079,
995,ako,FIL,16080,
995,ng,FIL,16081,
995,tao,FIL,16082,
995,ns,FIL,16083,ABB
995,gusto,FIL,16084,
995,magpakamatay,FIL,16085,
995,parang,FIL,16086,
995,exciting,ENG,16087,
996,Kung,FIL,16088,
996,ibabatay,FIL,16089,
996,naman,FIL,16090,
996,sa,FIL,16091,
996,kabuuang,FIL,16092,
996,tests,ENG,16093,
996,na,FIL,16094,
996,isinagawa,FIL,16095,
996,",",SYM,16096,
996,pumapangalawa,FIL,16097,
996,ang,FIL,16098,
996,Pilipinas,FIL,16099,NE
996,sa,FIL,16100,
996,Indonesia,UNK,16101,NE
996,sa,FIL,16102,
996,mga,FIL,16103,
996,bansang,FIL,16104,
996,ASEAN,ENG,16105,"ABB,NE"
996,",",SYM,16106,
996,na,FIL,16107,
996,may,FIL,16108,
996,10,NUM,16109,
996,",",SYM,16110,
996,421,NUM,16111,
996,",",SYM,16112,
996,636,NUM,16113,
996,na,FIL,16114,
996,tests,ENG,16115,
996,na,FIL,16116,
996,isinagawa,FIL,16117,
996,noong,FIL,16118,
996,Abril,FIL,16119,NE
996,5,NUM,16120,
996,",",SYM,16121,
996,2021,NUM,16122,
996,.,SYM,16123,
997,tangina,FIL,16124,
997,nitong,FIL,16125,
997,mga,FIL,16126,
997,planet,ENG,16127,
997,guardians,ENG,16128,
997,walang,FIL,16129,
997,mga,FIL,16130,
997,silbi,FIL,16131,
997,iboto,FIL,16132,
997,niyo,FIL,16133,
997,ang,FIL,16134,
997,the,ENG,16135,
997,big,ENG,16136,
997,3,NUM,16137,
997,sxt,UNK,16138,ABB
997,",",SYM,16139,
997,kyr,UNK,16140,ABB
997,",",SYM,16141,
997,cyj,UNK,16142,ABB
998,wala,FIL,16143,
998,ako,FIL,16144,
998,balak,FIL,16145,
998,makipag,FIL,16146,
998,usap,FIL,16147,
998,.,SYM,16148,
999,Panay,FIL,16149,
999,patugtog,FIL,16150,
999,ng,FIL,16151,
999,christmas,ENG,16152,
999,songs,ENG,16153,
999,ng,FIL,16154,
999,kapitbahay,FIL,16155,
999,.,SYM,16156,
1000,Hindi,FIL,16157,
1000,ako,FIL,16158,
1000,kawawa,FIL,16159,
1000,sa,FIL,16160,
1000,sitwasyon,FIL,16161,
1000,natin,FIL,16162,
1000,kayo,FIL,16163,
1000,ang,FIL,16164,
1000,mas,FIL,16165,
1000,kawawa,FIL,16166,
1001,Pangingikil,FIL,16167,
1001,ng,FIL,16168,
1001,mga,FIL,16169,
1001,NPA,FIL,16170,"ABB,NE"
1001,ngayong,FIL,16171,
1001,panahon,FIL,16172,
1001,ng,FIL,16173,
1001,halalan,FIL,16174,
1001,",",SYM,16175,
1001,ibinabala,FIL,16176,
1001,ng,FIL,16177,
1001,|,SYM,16178,
1001,via,ENG,16179,
1002,Dahil,FIL,16180,
1002,sa,FIL,16181,
1002,mga,FIL,16182,
1002,pagkilos,FIL,16183,
1002,na,FIL,16184,
1002,ng,FIL,16185,
1002,mga,FIL,16186,
1002,pribadong,FIL,16187,
1002,indibiduwal,FIL,16188,
1002,",",SYM,16189,
1002,ayon,FIL,16190,
1002,kay,FIL,16191,
1002,Villanueva,UNK,16192,NE
1002,",",SYM,16193,
1002,nakikita,FIL,16194,
1002,ang,FIL,16195,
1002,kahinaan,FIL,16196,
1002,ng,FIL,16197,
1002,gobyerno,FIL,16198,
1002,sa,FIL,16199,
1002,pagbibigay,FIL,16200,
1002,tulong,FIL,16201,
1002,.,SYM,16202,
1003,Nakakainsulto,FIL,16203,
1003,umano,FIL,16204,
1003,ang,FIL,16205,
1003,desisyon,FIL,16206,
1003,ng,FIL,16207,
1003,gobyerno,FIL,16208,
1003,na,FIL,16209,
1003,bigyan,FIL,16210,
1003,na,FIL,16211,
1003,lang,FIL,16212,
1003,ng,FIL,16213,
1003,P200,NUM,16214,
1003,buwanang,FIL,16215,
1003,ayuda,FIL,16216,
1003,ang,FIL,16217,
1003,mga,FIL,16218,
1003,mahihirap,FIL,16219,
1003,imbes,FIL,16220,
1003,na,FIL,16221,
1003,suspendehin,FIL,16222,
1003,ang,FIL,16223,
1003,excise,ENG,16224,
1003,tax,ENG,16225,
1003,",",SYM,16226,
1003,sa,FIL,16227,
1003,harap,FIL,16228,
1003,ng,FIL,16229,
1003,patuloy,FIL,16230,
1003,na,FIL,16231,
1003,oil,ENG,16232,
1003,price,ENG,16233,
1003,hike,ENG,16234,
1003,.,SYM,16235,
1006,Ang,FIL,16236,
1006,PewDiePie,UNK,16237,NE
1006,ng,FIL,16238,
1006,pinas,FIL,16239,NE
1006,paulul,FIL,16240,
1007,In,ENG,16241,
1007,fairness,ENG,16242,
1007,",",SYM,16243,
1007,wala,FIL,16244,
1007,ka,FIL,16245,
1007,naman,FIL,16246,
1007,talagang,FIL,16247,
1007,masasabi,FIL,16248,
1007,kay,FIL,16249,
1007,Shawie,UNK,16250,NE
1007,pagdating,FIL,16251,
1007,sa,FIL,16252,
1007,pagiging,FIL,16253,
1007,ina,FIL,16254,
1007,dahil,FIL,16255,
1007,kahit,FIL,16256,
1007,busy,ENG,16257,
1007,siya,FIL,16258,
1007,sa,FIL,16259,
1007,pagtatrabaho,FIL,16260,
1007,",",SYM,16261,
1007,sinisiguro,FIL,16262,
1007,niyang,FIL,16263,
1007,nabibigyan,FIL,16264,
1007,niya,FIL,16265,
1007,ng,FIL,16266,
1007,sapat,FIL,16267,
1007,na,FIL,16268,
1007,panahon,FIL,16269,
1007,ang,FIL,16270,
1007,kanyang,FIL,16271,
1007,mga,FIL,16272,
1007,anak,FIL,16273,
1007,.,SYM,16274,
1008,Hindi,FIL,16275,
1008,nakapagtataka,FIL,16276,
1008,na,FIL,16277,
1008,sinasabi,FIL,16278,
1008,ng,FIL,16279,
1008,mga,FIL,16280,
1008,tao,FIL,16281,
1008,na,FIL,16282,
1008,napaniwala,FIL,16283,
1008,kayo,FIL,16284,
1008,sa,FIL,16285,
1008,panlilinlang,FIL,16286,
1008,ng,FIL,16287,
1008,kung,FIL,16288,
1008,sino,FIL,16289,
1008,habang,FIL,16290,
1008,nasa,FIL,16291,
1008,isang,FIL,16292,
1008,sandali,FIL,16293,
1008,ng,FIL,16294,
1008,kalituhan,FIL,16295,
1008,.,SYM,16296,
1009,Bata,FIL,16297,
1009,palang,FIL,16298,
1009,ako,FIL,16299,
1009,",",SYM,16300,
1009,nagwapuhan,FIL,16301,
1009,na,FIL,16302,
1009,ako,FIL,16303,
1009,sa,FIL,16304,
1009,kanila,FIL,16305,
1009,",",SYM,16306,
1009,hanggang,FIL,16307,
1009,ngayon,FIL,16308,
1009,crush,ENG,16309,
1009,ko,FIL,16310,
1009,pa,FIL,16311,
1009,din,FIL,16312,
1009,Sila,FIL,16313,
1009,HAHAHA,UNK,16314,EXPR
1010,Dagdag,FIL,16315,
1010,pa,FIL,16316,
1010,niyang,FIL,16317,
1010,mensahe,FIL,16318,
1010,",",SYM,16319,
1010,Maraming,FIL,16320,
1010,salamat,FIL,16321,
1010,din,FIL,16322,
1010,sa,FIL,16323,
1010,mga,FIL,16324,
1010,kaibigan,FIL,16325,
1010,ko,FIL,16326,
1010,na,FIL,16327,
1010,naging,FIL,16328,
1010,parte,FIL,16329,
1010,ng,FIL,16330,
1010,video,ENG,16331,
1010,na,FIL,16332,
1010,to,FIL,16333,
1010,.,SYM,16334,
1011,Ikot,FIL,16335,
1011,ikot,FIL,16336,
1011,ako,FIL,16337,
1011,dito,FIL,16338,
1011,sa,FIL,16339,
1011,buong,FIL,16340,
1011,kabicolan,FIL,16341,NE
1011,kasi,FIL,16342,
1011,medyo,FIL,16343,
1011,mababa,FIL,16344,
1011,pa,FIL,16345,
1011,ang,FIL,16346,
1011,vaccination,ENG,16347,
1011,(,SYM,16348,
1011,rate,ENG,16349,
1011,),SYM,16350,
1011,dito,FIL,16351,
1011,.,SYM,16352,
1012,Nakakawala,FIL,16353,
1012,ka,FIL,16354,
1012,ng,FIL,16355,
1012,problema,FIL,16356,
1012,talaga,FIL,16357,
1012,.,SYM,16358,
1013,2:48,NUM,16359,
1013,sa,FIL,16360,
1013,mga,FIL,16361,
1013,ndi,FIL,16362,ABB
1013,naka,FIL,16363,
1013,gets,ENG,16364,
1013,",",SYM,16365,
1013,magjajabol,FIL,16366,
1013,ho,FIL,16367,
1013,sya,FIL,16368,
1014,Kung,FIL,16369,
1014,alam,FIL,16370,
1014,ko,FIL,16371,
1014,lang,FIL,16372,
1014,na,FIL,16373,
1014,mababadtrip,FIL,16374,
1014,ako,FIL,16375,
1014,ngayon,FIL,16376,
1014,dalawang,FIL,16377,
1014,album,ENG,16378,
1014,na,FIL,16379,
1014,sana,FIL,16380,
1014,ng,FIL,16381,
1014,bts,ENG,16382,"ABB,NE"
1014,inorder,FIL,16383,
1014,ko,FIL,16384,
1015,Hindi,FIL,16385,
1015,patunay,FIL,16386,
1015,ang,FIL,16387,
1015,edukasyon,FIL,16388,
1015,u,FIL,16389,
1015,pang,FIL,16390,
1015,ikaw,FIL,16391,
1015,ay,FIL,16392,
1015,maging,FIL,16393,
1015,edukado,FIL,16394,
1015,ang,FIL,16395,
1015,patunay,FIL,16396,
1015,jan,FIL,16397,
1015,ay,FIL,16398,
1015,ang,FIL,16399,
1015,tunay,FIL,16400,
1015,mong,FIL,16401,
1015,pang,FIL,16402,
1015,uugali,FIL,16403,
1015,.,SYM,16404,
1016,Sana,FIL,16405,
1016,nman,FIL,16406,
1016,wg,FIL,16407,
1016,u,ENG,16408,
1016,nang,FIL,16409,
1016,baratin,FIL,16410,
1016,mahirap,FIL,16411,
1016,po,FIL,16412,
1016,Gawain,FIL,16413,
1016,nila,FIL,16414,
1016,",",SYM,16415,
1016,tulong,FIL,16416,
1016,nlang,FIL,16417,
1016,Sana,FIL,16418,
1016,nyo,FIL,16419,
1016,sa,FIL,16420,
1016,Kanila,FIL,16421,
1016,",",SYM,16422,
1016,",",SYM,16423,
1016,SilA,FIL,16424,
1016,po,FIL,16425,
1016,Ang,FIL,16426,
1016,ninuno,FIL,16427,
1016,natin,FIL,16428,
1016,",",SYM,16429,
1016,Isa,FIL,16430,
1016,pa,FIL,16431,
1016,fresh,ENG,16432,
1016,mga,FIL,16433,
1016,binta,FIL,16434,
1016,nila,FIL,16435,
1016,",",SYM,16436,
1016,Kya,FIL,16437,
1016,wg,FIL,16438,
1016,nman,FIL,16439,
1016,baratin,FIL,16440,
1016,SilA,FIL,16441,
1016,",",SYM,16442,
1016,maawa,FIL,16443,
1016,nman,FIL,16444,
1016,kayo,FIL,16445,
1016,sa,FIL,16446,
1016,mga,FIL,16447,
1016,katutubo,FIL,16448,
1017,Anang,FIL,16449,
1017,DOH,ENG,16450,ABB
1017,",",SYM,16451,
1017,nakapagtala,FIL,16452,
1017,sila,FIL,16453,
1017,ng,FIL,16454,
1017,11,NUM,16455,
1017,",",SYM,16456,
1017,333,NUM,16457,
1017,bagong,FIL,16458,
1017,nakarekober,FIL,16459,
1017,sa,FIL,16460,
1017,sakit,FIL,16461,
1017,kaya,FIL,16462,
1017,umabot,FIL,16463,
1017,na,FIL,16464,
1017,sa,FIL,16465,
1017,914,NUM,16466,
1017,",",SYM,16467,
1017,952,NUM,16468,
1017,ang,FIL,16469,
1017,kabuuang,FIL,16470,
1017,bilang,FIL,16471,
1017,ng,FIL,16472,
1017,mga,FIL,16473,
1017,gumaling,FIL,16474,
1017,sa,FIL,16475,
1017,COVID-19,ENG,16476,NE
1017,habang,FIL,16477,
1017,nasa,FIL,16478,
1017,74,NUM,16479,
1017,",",SYM,16480,
1017,623,NUM,16481,
1017,naman,FIL,16482,
1017,ang,FIL,16483,
1017,nananatili,FIL,16484,
1017,pang,FIL,16485,
1017,aktibong,FIL,16486,
1017,kaso,FIL,16487,
1017,.,SYM,16488,
1018,Maraming,FIL,16489,
1018,magagandang,FIL,16490,
1018,alaala,FIL,16491,
1018,si,FIL,16492,
1018,Sharon,UNK,16493,NE
1018,sa,FIL,16494,
1018,fan,ENG,16495,
1018,lalo,FIL,16496,
1018,na,FIL,16497,
1018,sa,FIL,16498,
1018,mga,FIL,16499,
1018,birthday,ENG,16500,
1018,asalto,FIL,16501,
1018,at,FIL,16502,
1018,suportang,FIL,16503,
1018,ibinigay,FIL,16504,
1018,nito,FIL,16505,
1018,sa,FIL,16506,
1018,maraming,FIL,16507,
1018,taon,FIL,16508,
1018,niya,FIL,16509,
1018,sa,FIL,16510,
1018,industriya,FIL,16511,
1018,ng,FIL,16512,
1018,aliwan,FIL,16513,
1018,.,SYM,16514,
1019,Naniniwala,FIL,16515,
1019,ang,FIL,16516,
1019,mga,FIL,16517,
1019,lokal,FIL,16518,
1019,na,FIL,16519,
1019,opisyal,FIL,16520,
1019,na,FIL,16521,
1019,hindi,FIL,16522,
1019,na,FIL,16523,
1019,ligtas,FIL,16524,
1019,gamitin,FIL,16525,
1019,ang,FIL,16526,
1019,tram,ENG,16527,
1019,platform,ENG,16528,
1019,sa,FIL,16529,
1019,kalagayan,FIL,16530,
1019,nito,FIL,16531,
1019,.,SYM,16532,
1020,Naku,UNK,16533,EXPR
1020,Illonois,UNK,16534,NE
1020,river,ENG,16535,
1020,iyan,FIL,16536,
1020,",",SYM,16537,
1020,kasi,FIL,16538,
1020,nakita,FIL,16539,
1020,ko,FIL,16540,
1020,ang,FIL,16541,
1020,lumang,FIL,16542,
1020,boat,ENG,16543,
1020,na,FIL,16544,
1020,dumaan,FIL,16545,
1020,.,SYM,16546,
1021,Kailangan,FIL,16547,
1021,kaya,FIL,16548,
1021,ako,FIL,16549,
1021,mag,FIL,16550,
1021,kakaroon,FIL,16551,
1021,neto,FIL,16552,
1022,Tagal,FIL,16553,
1022,ko,FIL,16554,
1022,ng,FIL,16555,
1022,di,FIL,16556,
1022,nakakanood,FIL,16557,
1022,sayo,FIL,16558,
1022,Tito,UNK,16559,NE
1022,Pepsi,UNK,16560,NE
1022,ngayun,FIL,16561,
1022,nalang,FIL,16562,
1022,Ulet,FIL,16563,
1022,miss,ENG,16564,
1022,ko,FIL,16565,
1022,manood,FIL,16566,
1022,Dito,FIL,16567,
1022,!,SYM,16568,
1023,At,FIL,16569,
1023,nakilala,FIL,16570,
1023,umano,FIL,16571,
1023,si,FIL,16572,
1023,Diciano,UNK,16573,NE
1023,bilang,FIL,16574,
1023,isang,FIL,16575,
1023,epektibo,FIL,16576,
1023,at,FIL,16577,
1023,maasahang,FIL,16578,
1023,lider,FIL,16579,
1023,",",SYM,16580,
1023,ayon,FIL,16581,
1023,pa,FIL,16582,
1023,sa,FIL,16583,
1023,PCG,FIL,16584,"ABB,NE"
1023,Maliban,FIL,16585,
1023,sa,FIL,16586,
1023,pagiging,FIL,16587,
1023,aktibong,FIL,16588,
1023,piloto,FIL,16589,
1023,ng,FIL,16590,
1023,Coast,ENG,16591,NE
1023,Guard,ENG,16592,NE
1023,Aviation,ENG,16593,NE
1023,Force,ENG,16594,NE
1023,(,SYM,16595,
1023,CGAF,ENG,16596,"ABB,NE"
1023,),SYM,16597,
1023,",",SYM,16598,
1023,malaki,FIL,16599,
1023,rin,FIL,16600,
1023,umano,FIL,16601,
1023,ang,FIL,16602,
1023,kontribusyon,FIL,16603,
1023,nito,FIL,16604,
1023,sa,FIL,16605,
1023,procurement,ENG,16606,
1023,",",SYM,16607,
1023,internal,ENG,16608,
1023,audit,ENG,16609,
1023,",",SYM,16610,
1023,at,FIL,16611,
1023,logistics,ENG,16612,
1023,operation,ENG,16613,
1023,ng,FIL,16614,
1023,PCG,FIL,16615,"ABB,NE"
1023,Nanguna,FIL,16616,
1023,rin,FIL,16617,
1023,siya,FIL,16618,
1023,sa,FIL,16619,
1023,pagsasagawa,FIL,16620,
1023,ng,FIL,16621,
1023,mga,FIL,16622,
1023,inisiyatibo,FIL,16623,
1023,para,FIL,16624,
1023,maitaguyod,FIL,16625,
1023,ang,FIL,16626,
1023,gender,ENG,16627,
1023,equality,ENG,16628,
1023,at,FIL,16629,
1023,respeto,FIL,16630,
1023,sa,FIL,16631,
1023,mga,FIL,16632,
1023,kababaihan,FIL,16633,
1023,sa,FIL,16634,
1023,serbisyo,FIL,16635,
1023,bilang,FIL,16636,
1023,Commander,ENG,16637,
1023,ng,FIL,16638,
1023,PCG,FIL,16639,"ABB,NE"
1023,Gender,ENG,16640,NE
1023,and,ENG,16641,NE
1023,Development,ENG,16642,NE
1023,(,SYM,16643,
1023,GAD,ENG,16644,"ABB,NE"
1023,),SYM,16645,
1023,unit,ENG,16646,
1023,.,SYM,16647,
1024,At,FIL,16648,
1024,di,FIL,16649,
1024,ba,FIL,16650,
1024,nga,FIL,16651,
1024,",",SYM,16652,
1024,diyan,FIL,16653,
1024,angat,FIL,16654,
1024,na,FIL,16655,
1024,angat,FIL,16656,
1024,si,FIL,16657,
1024,Catriona,UNK,16658,NE
1024,",",SYM,16659,
1024,kaya,FIL,16660,
1024,nga,FIL,16661,
1024,walang,FIL,16662,
1024,duda,FIL,16663,
1024,na,FIL,16664,
1024,nakuha,FIL,16665,
1024,niya,FIL,16666,
1024,ang,FIL,16667,
1024,korona,FIL,16668,
1024,ng,FIL,16669,
1024,Miss,ENG,16670,NE
1024,U,ENG,16671,"ABB,NE"
1024,18,NUM,16672,
1024,.,SYM,16673,
1026,Salungat,FIL,16674,
1026,yon,FIL,16675,
1026,sa,FIL,16676,
1026,katotohanat,FIL,16677,
1026,pagkakasala,FIL,16678,
1026,sa,FIL,16679,
1026,disposisyon,FIL,16680,
1026,ng,FIL,16681,
1026,Diyos,FIL,16682,NE
1026,.,SYM,16683,
1027,Hirap,FIL,16684,
1027,na,FIL,16685,
1027,kayo,FIL,16686,
1027,paniwalaan,FIL,16687,
1027,.,SYM,16688,
1028,Problema,FIL,16689,
1028,talaga,FIL,16690,
1028,sa,FIL,16691,
1028,pag,FIL,16692,
1028,tape,ENG,16693,
1028,yong,FIL,16694,
1028,bleeding,ENG,16695,
1028,kasi,FIL,16696,
1028,hindi,FIL,16697,
1028,100,NUM,16698,
1028,%,SYM,16699,
1028,straight,ENG,16700,
1028,ang,FIL,16701,
1028,wall,ENG,16702,
1028,kaya,FIL,16703,
1028,yong,FIL,16704,
1028,edges,ENG,16705,
1028,ng,FIL,16706,
1028,tape,ENG,16707,
1028,hindi,FIL,16708,
1028,sya,FIL,16709,
1028,dumidikit,FIL,16710,
1028,ng,FIL,16711,
1028,maayos,FIL,16712,
1028,minsan,FIL,16713,
1028,.,SYM,16714,
1029,Hindi,FIL,16715,
1029,siya,FIL,16716,
1029,agad,FIL,16717,
1029,nagpabakuna,FIL,16718,
1029,dati,FIL,16719,
1029,dahil,FIL,16720,
1029,natatakot,FIL,16721,
1029,sya,FIL,16722,
1029,sa,FIL,16723,
1029,posibleng,FIL,16724,
1029,side,ENG,16725,
1029,effects,ENG,16726,
1029,nito,FIL,16727,
1029,lalo,FIL,16728,
1029,na,FIL,16729,
1029,at,FIL,16730,
1029,dati,FIL,16731,
1029,na,FIL,16732,
1029,siyang,FIL,16733,
1029,nagkaroon,FIL,16734,
1029,ng,FIL,16735,
1029,mild,ENG,16736,
1029,stroke,ENG,16737,
1029,.,SYM,16738,
1030,Ginawa,FIL,16739,
1030,ito,FIL,16740,
1030,ng,FIL,16741,
1030,at,FIL,16742,
1030,ipinalabas,FIL,16743,
1030,sa,FIL,16744,
1030,mga,FIL,16745,
1030,sinehan,FIL,16746,
1030,noong,FIL,16747,
1030,Marso,FIL,16748,NE
1031,Nasanay,FIL,16749,
1031,ako,FIL,16750,
1031,sa,FIL,16751,
1031,segment,ENG,16752,
1031,na,FIL,16753,
1031,ako,FIL,16754,
1031,lang,FIL,16755,
1031,tapos,FIL,16756,
1031,may,FIL,16757,
1031,co-host,ENG,16758,
1031,tapos,FIL,16759,
1031,yung,FIL,16760,
1031,isang,FIL,16761,
1031,contestant,ENG,16762,
1031,kinakausap,FIL,16763,
1031,ko,FIL,16764,
1031,.,SYM,16765,
1032,sabi,FIL,16766,
1032,mo,FIL,16767,
1032,matulog,FIL,16768,
1032,ako,FIL,16769,
1032,eh,UNK,16770,EXPR
1033,Solid,ENG,16771,
1033,kuno,FIL,16772,
1033,",",SYM,16773,
1033,boss,ENG,16774,
1033,ngani,FIL,16775,
1033,Ilocano,FIL,16776,NE
1033,ayaw,FIL,16777,
1033,kay,FIL,16778,
1033,BBM,UNK,16779,"ABB,NE"
1033,",",SYM,16780,
1033,ang,FIL,16781,
1033,tanong,FIL,16782,
1033,bakit,FIL,16783,
1033,?,SYM,16784,
1034,Nababasa,FIL,16785,
1034,ko,FIL,16786,
1034,yung,FIL,16787,
1034,mga,FIL,16788,
1034,message,ENG,16789,
1034,niyo,FIL,16790,
1034,.,SYM,16791,
1035,Ang,FIL,16792,
1035,gawain,FIL,16793,
1035,ni,FIL,16794,
1035,Jesus,UNK,16795,NE
1035,sa,FIL,16796,
1035,Kapanahunan,FIL,16797,NE
1035,ng,FIL,16798,
1035,Biyaya,FIL,16799,NE
1035,sa,FIL,16800,
1035,Bagong,FIL,16801,NE
1035,Tipan,FIL,16802,NE
1035,ay,FIL,16803,
1035,gawain,FIL,16804,
1035,ng,FIL,16805,
1035,Diyos,FIL,16806,NE
1035,sa,FIL,16807,
1035,ilalim,FIL,16808,
1035,ng,FIL,16809,
1035,pangalan,FIL,16810,
1035,ni,FIL,16811,
1035,Jesus,UNK,16812,NE
1035,habang,FIL,16813,
1035,Kanyang,FIL,16814,
1035,ginagabayan,FIL,16815,
1035,ang,FIL,16816,
1035,panahon,FIL,16817,
1035,.,SYM,16818,
1036,At,FIL,16819,
1036,siyempre,FIL,16820,
1036,",",SYM,16821,
1036,sa,FIL,16822,
1036,lahat,FIL,16823,
1036,ng,FIL,16824,
1036,ito,FIL,16825,
1036,",",SYM,16826,
1036,ang,FIL,16827,
1036,pinaka-masaya,FIL,16828,
1036,at,FIL,16829,
1036,very,ENG,16830,
1036,proud,ENG,16831,
1036,ay,FIL,16832,
1036,ang,FIL,16833,
1036,ama,FIL,16834,
1036,nila,FIL,16835,
1036,na,FIL,16836,
1036,si,FIL,16837,
1036,Gabby,UNK,16838,NE
1036,.,SYM,16839,
1037,nagkakasama,FIL,16840,
1037,na,FIL,16841,
1037,ang,FIL,16842,
1037,dolainab,UNK,16843,NE
1037,finally,ENG,16844,
1038,Ako,FIL,16845,
1038,lang,FIL,16846,
1038,ba,FIL,16847,
1038,yung,FIL,16848,
1038,di,FIL,16849,
1038,makakuha,FIL,16850,
1038,ng,FIL,16851,
1038,piece,ENG,16852,
1038,5,NUM,16853,
1038,?,SYM,16854,
1039,Puro,FIL,16855,
1039,namit,FIL,16856,
1039,ang,FIL,16857,
1039,pagkaing,FIL,16858,
1039,pinoy,FIL,16859,
1039,kahit,FIL,16860,
1039,anong,FIL,16861,
1039,klasing,FIL,16862,
1039,luto,FIL,16863,
1039,.,SYM,16864,
1040,Sabi,FIL,16865,
1040,nga,FIL,16866,
1040,natin,FIL,16867,
1040,sa,FIL,16868,
1040,nakaraan,FIL,16869,
1040,nating,FIL,16870,
1040,pitak,FIL,16871,
1040,",",SYM,16872,
1040,hindi,FIL,16873,
1040,talaga,FIL,16874,
1040,maiiwasan,FIL,16875,
1040,mga,FIL,16876,
1040,tropapips,FIL,16877,
1040,na,FIL,16878,
1040,mapag-usapan,FIL,16879,
1040,ang,FIL,16880,
1040,pulitika,FIL,16881,
1040,kahit,FIL,16882,
1040,may,FIL,16883,
1040,nararanasang,FIL,16884,
1040,COVID-19,ENG,16885,NE
1040,pandemic,ENG,16886,
1040,.,SYM,16887,
1042,Sagot,FIL,16888,
1042,ni,FIL,16889,
1042,Korina,UNK,16890,NE
1042,sa,FIL,16891,
1042,kanya,FIL,16892,
1042,",",SYM,16893,
1042,Di,FIL,16894,
1042,naman,FIL,16895,
1042,nya,FIL,16896,
1042,alam,FIL,16897,
1042,na,FIL,16898,
1042,kinukunan,FIL,16899,
1042,ko,FIL,16900,
1042,sya,FIL,16901,
1042,kaya,FIL,16902,
1042,totoo,FIL,16903,
1042,naman,FIL,16904,
1042,na,FIL,16905,
1042,ganyan,FIL,16906,
1042,ang,FIL,16907,
1042,kain,FIL,16908,
1042,nya,FIL,16909,
1042,sa,FIL,16910,
1042,bahay,FIL,16911,
1042,.,SYM,16912,
1043,Turismo,FIL,16913,
1043,Ang,FIL,16914,
1043,Napoles,UNK,16915,NE
1043,",",SYM,16916,
1043,kasama,FIL,16917,
1043,ng,FIL,16918,
1043,.,SYM,16919,
1045,Ayeah,UNK,16920,EXPR
1045,muling,FIL,16921,
1045,ibalek,FIL,16922,
1045,ang,FIL,16923,
1045,tamis,FIL,16924,
1045,ng,FIL,16925,
1045,pag,FIL,16926,
1045,ibig,FIL,16927,
1045,.,SYM,16928,
1046,Kalaboso,FIL,16929,
1046,ang,FIL,16930,
1046,isang,FIL,16931,
1046,babae,FIL,16932,
1046,matapos,FIL,16933,
1046,nitong,FIL,16934,
1046,magtangka,FIL,16935,
1046,na,FIL,16936,
1046,magpasok,FIL,16937,
1046,ng,FIL,16938,
1046,shabu,FIL,16939,
1046,sa,FIL,16940,
1046,kulungan,FIL,16941,
1046,sa,FIL,16942,
1046,Tayabas,UNK,16943,NE
1046,City,ENG,16944,
1046,",",SYM,16945,
1046,kamakalawa,FIL,16946,
1046,.,SYM,16947,
1049,Sabi,FIL,16948,
1049,nila,FIL,16949,
1049,pag,FIL,16950,
1049,namatay,FIL,16951,
1049,tayo,FIL,16952,
1049,babalik,FIL,16953,
1049,tayo,FIL,16954,
1049,sa,FIL,16955,
1049,pagiging,FIL,16956,
1049,abo,FIL,16957,
1049,",",SYM,16958,
1049,ako,FIL,16959,
1049,pag,FIL,16960,
1049,namatay,FIL,16961,
1049,walang,FIL,16962,
1049,may,FIL,16963,
1049,pake,FIL,16964,
1049,kase,FIL,16965,
1049,walang,FIL,16966,
1049,kwenta,FIL,16967,
1049,ako,FIL,16968,
1050,Pagod,FIL,16969,
1050,na,FIL,16970,
1050,tayo,FIL,16971,
1050,sa,FIL,16972,
1050,mga,FIL,16973,
1050,politikong,FIL,16974,
1050,corrupt,ENG,16975,
1050,at,FIL,16976,
1050,walang,FIL,16977,
1050,pakialam,FIL,16978,
1050,.,SYM,16979,
1051,Pwede,FIL,16980,
1051,na,FIL,16981,
1051,ako,FIL,16982,
1051,huminga,FIL,16983,
1051,ng,FIL,16984,
1051,maluwag,FIL,16985,
1051,.,SYM,16986,
1052,Alam,FIL,16987,
1052,mo,FIL,16988,
1052,",",SYM,16989,
1052,Dondon,UNK,16990,NE
1052,(,SYM,16991,
1052,my,ENG,16992,
1052,dear,ENG,16993,
1052,editor,ENG,16994,
1052,),SYM,16995,
1052,",",SYM,16996,
1052,noong,FIL,16997,
1052,mag-pictorial,FIL,16998,
1052,sa,FIL,16999,
1052,isang,FIL,17000,
1052,hotel,ENG,17001,
1052,sa,FIL,17002,
1052,Araneta,FIL,17003,NE
1052,City,ENG,17004,NE
1052,",",SYM,17005,
1052,Cubao,FIL,17006,NE
1052,si,FIL,17007,
1052,Maja,UNK,17008,NE
1052,Salvador,UNK,17009,NE
1052,sometime,ENG,17010,
1052,in,ENG,17011,
1052,2019,NUM,17012,
1052,",",SYM,17013,
1052,at,FIL,17014,
1052,makatsikahan,FIL,17015,
1052,siya,FIL,17016,
1052,ng,FIL,17017,
1052,ilang,FIL,17018,
1052,press,ENG,17019,
1052,people,ENG,17020,
1052,",",SYM,17021,
1052,kinukulit,FIL,17022,
1052,na,FIL,17023,
1052,siya,FIL,17024,
1052,kung,FIL,17025,
1052,kailan,FIL,17026,
1052,sila,FIL,17027,
1052,magpapakasal,FIL,17028,
1052,ng,FIL,17029,
1052,boyfriend,ENG,17030,
1052,niyang,FIL,17031,
1052,si,FIL,17032,
1052,Rambo,UNK,17033,NE
1052,Nuez,UNK,17034,NE
1052,.,SYM,17035,
1054,napapa,FIL,17036,
1054,subscribed,ENG,17037,
1054,ako,FIL,17038,
1054,kay,FIL,17039,
1054,Ms,ENG,17040,ABB
1054,jelai,UNK,17041,NE
1054,sa,FIL,17042,
1054,kabutihan,FIL,17043,
1054,ng,FIL,17044,
1054,loob,FIL,17045,
1054,niya,FIL,17046,
1056,Kapag,FIL,17047,
1056,po,FIL,17048,
1056,talaga,FIL,17049,
1056,sa,FIL,17050,
1056,customer,ENG,17051,
1056,service,ENG,17052,
1056,magugulat,FIL,17053,
1056,ka,FIL,17054,
1056,nalang,FIL,17055,
1056,sa,FIL,17056,
1056,ugali,FIL,17057,
1056,ng,FIL,17058,
1056,ibang,FIL,17059,
1056,tao,FIL,17060,
1056,.,SYM,17061,
1057,Naipasa,FIL,17062,
1057,naman,FIL,17063,
1057,ni,FIL,17064,
1057,Jose,UNK,17065,NE
1057,Villanueva,UNK,17066,NE
1057,ang,FIL,17067,
1057,angking-husay,FIL,17068,
1057,sa,FIL,17069,
1057,boxing,ENG,17070,
1057,sa,FIL,17071,
1057,kaniyang,FIL,17072,
1057,anak,FIL,17073,
1057,na,FIL,17074,
1057,si,FIL,17075,
1057,Anthony,UNK,17076,NE
1057,Villanueva,UNK,17077,NE
1057,",",SYM,17078,
1057,na,FIL,17079,
1057,nagwagi,FIL,17080,
1057,naman,FIL,17081,
1057,ng,FIL,17082,
1057,silver,ENG,17083,
1057,medal,ENG,17084,
1057,para,FIL,17085,
1057,sa,FIL,17086,
1057,featherweight,ENG,17087,
1057,division,ENG,17088,
1057,.,SYM,17089,
1058,Kailangan,FIL,17090,
1058,kasi,FIL,17091,
1058,maging,FIL,17092,
1058,positibo,FIL,17093,
1058,ang,FIL,17094,
1058,enerhiya,FIL,17095,
1058,sa,FIL,17096,
1058,kapaligiran,FIL,17097,
1058,.,SYM,17098,
1059,Ang,FIL,17099,
1059,ganda,FIL,17100,
1059,ng,FIL,17101,
1059,movie,ENG,17102,
1059,bitin,FIL,17103,
1059,lang,FIL,17104,
1059,ako,FIL,17105,
1059,sa,FIL,17106,
1059,end,ENG,17107,
1059,.,SYM,17108,
1060,Kht,FIL,17109,ABB
1060,aq,FIL,17110,ABB
1060,madali,FIL,17111,
1060,rin,FIL,17112,
1060,tumulo,FIL,17113,
1060,ang,FIL,17114,
1060,luha,FIL,17115,
1060,kht,FIL,17116,ABB
1060,lalaki,FIL,17117,
1060,aq,FIL,17118,ABB
1060,kc,FIL,17119,ABB
1060,ginagawa,FIL,17120,
1060,q,FIL,17121,ABB
1060,rin,FIL,17122,
1060,yan,FIL,17123,
1060,na,FIL,17124,
1060,ginagawa,FIL,17125,
1060,kht,FIL,17126,ABB
1060,isa,FIL,17127,
1060,rin,FIL,17128,
1060,aqung,FIL,17129,
1060,mahirap,FIL,17130,
1060,kv,FIL,17131,ABB
1060,ang,FIL,17132,
1060,katwiran,FIL,17133,
1060,q,FIL,17134,ABB
1060,kht,FIL,17135,ABB
1060,sa,FIL,17136,
1060,kaunti,FIL,17137,
1060,na,FIL,17138,
1060,maibaot,FIL,17139,
1060,q,FIL,17140,ABB
1060,ay,FIL,17141,
1060,masaya,FIL,17142,
1060,na,FIL,17143,
1060,aq,FIL,17144,ABB
1060,parang,FIL,17145,
1060,tumalbog,FIL,17146,
1060,ang,FIL,17147,
1060,puso,FIL,17148,
1060,q,FIL,17149,ABB
1060,pagnakakabigay,FIL,17150,
1060,aq,FIL,17151,ABB
1060,.,SYM,17152,
1060,kht,FIL,17153,ABB
1060,barya,FIL,17154,
1060,lang,FIL,17155,
1060,.,SYM,17156,
1062,Hindi,FIL,17157,
1062,makatulog,FIL,17158,
1062,ng,FIL,17159,
1062,walang,FIL,17160,
1062,open,ENG,17161,
1062,call,ENG,17162,
1062,.,SYM,17163,
1063,Ieemail,FIL,17164,
1063,po,FIL,17165,
1063,ba,FIL,17166,
1063,sa,FIL,17167,
1063,mga,FIL,17168,
1063,nakapagpareserve,FIL,17169,
1063,na,FIL,17170,
1063,kung,FIL,17171,
1063,saan,FIL,17172,
1063,at,FIL,17173,
1063,magkano,FIL,17174,
1063,po,FIL,17175,
1063,babayaran,FIL,17176,
1063,muna,FIL,17177,
1063,?,SYM,17178,
1065,Ngunit,FIL,17179,
1065,ang,FIL,17180,
1065,tao,FIL,17181,
1065,ay,FIL,17182,
1065,nabubuhay,FIL,17183,
1065,sa,FIL,17184,
1065,gitna,FIL,17185,
1065,ng,FIL,17186,
1065,katiwalian,FIL,17187,
1065,",",SYM,17188,
1065,at,FIL,17189,
1065,kaya,FIL,17190,
1065,walang,FIL,17191,
1065,kakayahang,FIL,17192,
1065,gamitin,FIL,17193,
1065,ang,FIL,17194,
1065,katotohanan,FIL,17195,
1065,at,FIL,17196,
1065,katapatan,FIL,17197,
1065,upang,FIL,17198,
1065,paglingkuran,FIL,17199,
1065,ang,FIL,17200,
1065,Diyos,FIL,17201,NE
1065,.,SYM,17202,
1066,Samantalay,FIL,17203,
1066,makukumpleto,FIL,17204,
1066,na,FIL,17205,
1066,ang,FIL,17206,
1066,12,NUM,17207,
1066,kasaling,FIL,17208,
1066,koponan,FIL,17209,
1066,sa,FIL,17210,
1066,liga,FIL,17211,
1066,sa,FIL,17212,
1066,pagbabalik,FIL,17213,
1066,ng,FIL,17214,
1066,Meralco,UNK,17215,NE
1066,Bolts,ENG,17216,NE
1066,at,FIL,17217,
1066,Alaska,UNK,17218,NE
1066,Aces,ENG,17219,NE
1066,sa,FIL,17220,
1066,aksiyon,FIL,17221,
1066,ngayong,FIL,17222,
1066,linggo,FIL,17223,
1066,.,SYM,17224,
1067,perfect,ENG,17225,
1067,manood,FIL,17226,
1067,ng,FIL,17227,
1067,romance,ENG,17228,
1067,anime,ENG,17229,
1067,ngayon,FIL,17230,
1069,Ang,FIL,17231,
1069,pagbuhay,FIL,17232,
1069,sa,FIL,17233,
1069,turismo,FIL,17234,
1069,ay,FIL,17235,
1069,sisimulan,FIL,17236,
1069,sa,FIL,17237,
1069,bayan,FIL,17238,
1069,ng,FIL,17239,
1069,Del,UNK,17240,NE
1069,Carmen,UNK,17241,NE
1069,.,SYM,17242,
1070,So,ENG,17243,
1070,share,ENG,17244,
1070,ko,FIL,17245,
1070,lang,FIL,17246,
1070,",",SYM,17247,
1070,kahapon,FIL,17248,
1070,naghahanap,FIL,17249,
1070,ako,FIL,17250,
1070,ng,FIL,17251,
1070,pic,ENG,17252,ABB
1070,ni,FIL,17253,
1070,sunoo,UNK,17254,NE
1070,kasi,FIL,17255,
1070,want,ENG,17256,
1070,ko,FIL,17257,
1070,sana,FIL,17258,
1070,si,FIL,17259,
1070,sunoo,UNK,17260,NE
1070,partner,ENG,17261,
1070,ko,FIL,17262,
1070,sa,FIL,17263,
1070,ensd,UNK,17264,ABB
1070,ko,FIL,17265,
1070,tapos,FIL,17266,
1070,punyeta,FIL,17267,
1070,habang,FIL,17268,
1070,tumutingin,FIL,17269,
1070,ako,FIL,17270,
1070,sa,FIL,17271,
1070,pic,ENG,17272,ABB
1070,niya,FIL,17273,
1070,ngiti,FIL,17274,
1070,ako,FIL,17275,
1070,ng,FIL,17276,
1070,ngiti,FIL,17277,
1070,lalo,FIL,17278,
1070,na,FIL,17279,
1070,kapag,FIL,17280,
1070,naka,FIL,17281,
1070,fierce,ENG,17282,
1070,sya,FIL,17283,
1070,mama,ENG,17284,
1070,help,ENG,17285,
1070,!,SYM,17286,
1071,Walana,FIL,17287,
1071,kawawana,FIL,17288,
1071,kaming,FIL,17289,
1071,maheherap,FIL,17290,
1071,sa,FIL,17291,
1071,sobra,FIL,17292,
1071,Mahal,FIL,17293,
1071,ng,FIL,17294,
1071,nilihen,FIL,17295,
1071,dito,FIL,17296,
1071,sa,FIL,17297,
1071,calamba,FIL,17298,NE
1071,laguna,FIL,17299,NE
1072,may,FIL,17300,
1072,pasmirk,UNK,17301,
1072,ka,FIL,17302,
1072,pang,FIL,17303,
1072,nalalaman,FIL,17304,
1072,ha,UNK,17305,EXPR
1074,Busy,ENG,17306,
1074,na,FIL,17307,
1074,kong,FIL,17308,
1074,mahalin,FIL,17309,
1074,ang,FIL,17310,
1074,sarili,FIL,17311,
1074,ko,FIL,17312,
1074,.,SYM,17313,
1075,Ang,FIL,17314,
1075,ikli,FIL,17315,
1075,na,FIL,17316,
1075,nga,FIL,17317,
1075,ng,FIL,17318,
1075,pasensya,FIL,17319,
1075,ko,FIL,17320,
1075,lalo,FIL,17321,
1075,pang,FIL,17322,
1075,umikli,FIL,17323,
1075,potek,UNK,17324,EXPR
1075,",",SYM,17325,
1075,mali,FIL,17326,
1075,nga,FIL,17327,
1075,ata,FIL,17328,
1075,desisyon,FIL,17329,
1075,ko,FIL,17330,
1075,mag-tutor,UNK,17331,
1075,ng,FIL,17332,
1075,bata,FIL,17333,
1076,Ano,FIL,17334,
1076,tagalog,FIL,17335,
1076,ng,FIL,17336,
1076,pink,ENG,17337,
1076,muna,FIL,17338,
1076,nauubusan,FIL,17339,
1076,na,FIL,17340,
1076,kayo,FIL,17341,
1076,ng,FIL,17342,
1076,script,ENG,17343,
1076,eh,UNK,17344,EXPR
1077,Hindi,FIL,17345,
1077,ba,FIL,17346,
1077,pwedeng,FIL,17347,
1077,magpahinga,FIL,17348,
1077,mga,FIL,17349,
1077,students,ENG,17350,
1077,?,SYM,17351,
1078,itigil,FIL,17352,
1078,na,FIL,17353,
1078,ang,FIL,17354,
1078,sugal,FIL,17355,
1078,.makontento,UNK,17356,
1078,sana,FIL,17357,
1078,tau,FIL,17358,
1078,sa,FIL,17359,
1078,ibinibigay,FIL,17360,
1078,ng,FIL,17361,
1078,Diyos,FIL,17362,NE
1078,.alam,UNK,17363,
1078,mo,FIL,17364,
1078,nman,FIL,17365,
1078,na,FIL,17366,
1078,kasalanan,FIL,17367,
1078,ang,FIL,17368,
1078,pagsusugal,FIL,17369,
1078,.dahil,UNK,17370,
1078,every,ENG,17371,
1078,sunday,ENG,17372,
1078,my,ENG,17373,
1078,fellowship,ENG,17374,
1078,kayu,FIL,17375,
1078,respeto,FIL,17376,
1078,nalng,FIL,17377,
1078,sa,FIL,17378,
1078,Diyos,FIL,17379,NE
1078,na,FIL,17380,
1078,nasa,FIL,17381,
1078,itaas,FIL,17382,
1079,medyo,FIL,17383,
1079,nalulungkot,FIL,17384,
1079,na,FIL,17385,
1079,ako,FIL,17386,
1079,sa,FIL,17387,
1079,reception,ENG,17388,
1079,ng,FIL,17389,
1079,mga,FIL,17390,
1079,tao,FIL,17391,
1079,ha,UNK,17392,EXPR
1079,?,SYM,17393,
1080,Hanggang,FIL,17394,
1080,ngayon,FIL,17395,
1080,lubog,FIL,17396,
1080,parin,FIL,17397,
1080,ako,FIL,17398,
1080,sa,FIL,17399,
1080,utang,FIL,17400,
1080,.,SYM,17401,
1081,Oras,FIL,17402,
1081,na,FIL,17403,
1081,para,FIL,17404,
1081,gumawa,FIL,17405,
1081,ng,FIL,17406,
1081,acc,ENG,17407,ABB
1081,hhhaha,UNK,17408,EXPR
1082,Patay,FIL,17409,
1082,ang,FIL,17410,
1082,isang,FIL,17411,
1082,bata,FIL,17412,
1082,at,FIL,17413,
1082,limang,FIL,17414,
1082,iba,FIL,17415,
1082,pa,FIL,17416,
1082,ang,FIL,17417,
1082,sugatan,FIL,17418,
1082,nang,FIL,17419,
1082,sumabog,FIL,17420,
1082,ang,FIL,17421,
1082,helium,ENG,17422,
1082,gas,ENG,17423,
1082,tank,ENG,17424,
1082,na,FIL,17425,
1082,ginagamit,FIL,17426,
1082,nila,FIL,17427,
1082,sa,FIL,17428,
1082,paggawa,FIL,17429,
1082,ng,FIL,17430,
1082,mga,FIL,17431,
1082,lobo,FIL,17432,
1082,sa,FIL,17433,
1082,Norala,UNK,17434,NE
1082,",",SYM,17435,
1082,South,ENG,17436,NE
1082,Cotabato,UNK,17437,NE
1082,.,SYM,17438,
1083,di,FIL,17439,
1083,na,FIL,17440,
1083,siya,FIL,17441,
1083,makakaabsent,FIL,17442,
1083,dun,FIL,17443,
1083,(,SYM,17444,
1083,3,NUM,17445,
1084,Hindi,FIL,17446,
1084,Ko,FIL,17447,
1084,nais,FIL,17448,
1084,masayang,FIL,17449,
1084,ang,FIL,17450,
1084,Aking,FIL,17451,
1084,mga,FIL,17452,
1084,pagsisikap,FIL,17453,
1084,",",SYM,17454,
1084,ni,FIL,17455,
1084,hindi,FIL,17456,
1084,Ko,FIL,17457,
1084,rin,FIL,17458,
1084,nais,FIL,17459,
1084,makita,FIL,17460,
1084,na,FIL,17461,
1084,hawakan,FIL,17462,
1084,ng,FIL,17463,
1084,mga,FIL,17464,
1084,tao,FIL,17465,
1084,ang,FIL,17466,
1084,Aking,FIL,17467,
1084,mga,FIL,17468,
1084,salita,FIL,17469,
1084,ngunit,FIL,17470,
1084,sa,FIL,17471,
1084,lahat,FIL,17472,
1084,ng,FIL,17473,
1084,lugar,FIL,17474,
1084,ay,FIL,17475,
1084,ginagawa,FIL,17476,
1084,ang,FIL,17477,
1084,paglaban,FIL,17478,
1084,sa,FIL,17479,
1084,Akin,FIL,17480,
1084,",",SYM,17481,
1084,sinisiraan,FIL,17482,
1084,Ako,FIL,17483,
1084,",",SYM,17484,
1084,at,FIL,17485,
1084,nilalapastangan,FIL,17486,
1084,Ako,FIL,17487,
1084,.,SYM,17488,
1085,Biyograpiya,FIL,17489,
1085,Ipinanganak,FIL,17490,
1085,si,FIL,17491,
1085,Walter,UNK,17492,NE
1085,sa,FIL,17493,
1085,isang,FIL,17494,
1085,amang,FIL,17495,
1085,bilang,FIL,17496,
1085,isang,FIL,17497,
1085,babaeng,FIL,17498,
1085,koro,FIL,17499,
1085,sa,FIL,17500,
1085,mga,FIL,17501,
1085,palabas,FIL,17502,
1085,sa,FIL,17503,
1085,entablado,FIL,17504,
1085,ni,FIL,17505,
1085,Katy,UNK,17506,NE
1085,de,UNK,17507,NE
1085,la,UNK,17508,NE
1085,Cruz,UNK,17509,NE
1085,.,SYM,17510,
1086,Ayon,FIL,17511,
1086,sa,FIL,17512,
1086,Shell,ENG,17513,NE
1086,",",SYM,17514,
1086,Seaoil,ENG,17515,NE
1086,",",SYM,17516,
1086,Petrogazz,ENG,17517,NE
1086,at,FIL,17518,
1086,Cleanfuel,ENG,17519,NE
1086,",",SYM,17520,
1086,may,FIL,17521,
1086,taas,FIL,17522,
1086,na,FIL,17523,
1086,P0,NUM,17524,
1086,.,SYM,17525,
1086,45,NUM,17526,
1086,sa,FIL,17527,
1086,bawat,FIL,17528,
1086,litro,FIL,17529,
1086,ng,FIL,17530,
1086,kanilang,FIL,17531,
1086,gasoline,ENG,17532,
1086,habang,FIL,17533,
1086,P0,NUM,17534,
1086,.,SYM,17535,
1086,30,NUM,17536,
1086,naman,FIL,17537,
1086,ang,FIL,17538,
1086,dagdag,FIL,17539,
1086,sa,FIL,17540,
1086,bawat,FIL,17541,
1086,litro,FIL,17542,
1086,ng,FIL,17543,
1086,diesel,ENG,17544,
1086,.,SYM,17545,
1087,GMA,FIL,17546,"ABB,NE"
1087,baka,FIL,17547,
1087,naman,FIL,17548,
1087,iyon,FIL,17549,
1087,kinita,FIL,17550,
1087,nyo,FIL,17551,
1087,sa,FIL,17552,
1087,video,ENG,17553,
1087,na,FIL,17554,
1087,ito,FIL,17555,
1087,ibigay,FIL,17556,
1087,nyo,FIL,17557,
1087,ang,FIL,17558,
1087,kalahati,FIL,17559,
1087,ki,FIL,17560,
1087,aling,FIL,17561,
1087,opay,UNK,17562,NE
1087,milyon,FIL,17563,
1087,ang,FIL,17564,
1087,kinita,FIL,17565,
1087,nyo,FIL,17566,
1087,baka,FIL,17567,
1087,naman,FIL,17568,
1088,Ayon,FIL,17569,
1088,kay,FIL,17570,
1088,Alvin,UNK,17571,NE
1088,Enciso,UNK,17572,NE
1088,",",SYM,17573,
1088,hepe,FIL,17574,
1088,ng,FIL,17575,
1088,Customs,ENG,17576,NE
1088,Intelligence,ENG,17577,NE
1088,and,ENG,17578,
1088,Investigation,ENG,17579,NE
1088,Service,ENG,17580,NE
1088,(,SYM,17581,
1088,CIIS,ENG,17582,ABB
1088,),SYM,17583,
1088,sa,FIL,17584,
1088,MICP,ENG,17585,ABB
1088,",",SYM,17586,
1088,ang,FIL,17587,
1088,pagpupuslit,FIL,17588,
1088,ng,FIL,17589,
1088,mga,FIL,17590,
1088,naturang,FIL,17591,
1088,sigarilyo,FIL,17592,
1088,sa,FIL,17593,
1088,bansa,FIL,17594,
1088,ay,FIL,17595,
1088,paglabag,FIL,17596,
1088,sa,FIL,17597,
1088,Section,ENG,17598,NE
1088,1400,NUM,17599,
1088,ng,FIL,17600,
1088,Customs,ENG,17601,NE
1088,Modernization,ENG,17602,NE
1088,and,ENG,17603,
1088,Tariff,ENG,17604,NE
1088,Act,ENG,17605,NE
1088,.,SYM,17606,
1089,Bakit,FIL,17607,
1089,ba,FIL,17608,
1089,kasi,FIL,17609,
1089,nag-celebrate,FIL,17610,
1089,ng,FIL,17611,
1089,New,ENG,17612,NE
1089,Year,ENG,17613,NE
1089,kasama,FIL,17614,
1089,ang,FIL,17615,
1089,mga,FIL,17616,
1089,kaibigan,FIL,17617,
1089,?,SYM,17618,
1089,"""",SYM,17619,
1089,,SYM,17620,
1090,Si,FIL,17621,
1090,ion,ENG,17622,
1090,even,ENG,17623,
1090,hindi,FIL,17624,
1090,siya,FIL,17625,
1090,mag,FIL,17626,
1090,try,ENG,17627,
1090,magpatawa,FIL,17628,
1090,",",SYM,17629,
1090,mapapatawa,FIL,17630,
1090,ka,FIL,17631,
1090,talaga,FIL,17632,
1090,sa,FIL,17633,
1090,kaniya,FIL,17634,
1090,.,SYM,17635,
1092,Possible,ENG,17636,
1092,rin,FIL,17637,
1092,aniyang,FIL,17638,
1092,mag-deliver,FIL,17639,
1092,ang,FIL,17640,
1092,COVAX,UNK,17641,"ABB,NE"
1092,facility,ENG,17642,
1092,ng,FIL,17643,
1092,isa,FIL,17644,
1092,hanggang,FIL,17645,
1092,dalawang,FIL,17646,
1092,milyong,FIL,17647,
1092,doses,ENG,17648,
1092,ng,FIL,17649,
1092,Pfizer,UNK,17650,NE
1092,gayundin,FIL,17651,
1092,ng,FIL,17652,
1092,AstraZeneca,UNK,17653,NE
1092,.,SYM,17654,
1093,Sa,FIL,17655,
1093,mga,FIL,17656,
1093,tuntunin,FIL,17657,
1093,ng,FIL,17658,
1093,kaligtasan,FIL,17659,
1093,",",SYM,17660,
1093,isang,FIL,17661,
1093,pagsusuri,FIL,17662,
1093,ng,FIL,17663,
1093,44,NUM,17664,
1093,",",SYM,17665,
1093,000,NUM,17666,
1093,katao,FIL,17667,
1093,ang,FIL,17668,
1093,nagpakita,FIL,17669,
1093,na,FIL,17670,
1093,ito,FIL,17671,
1093,ay,FIL,17672,
1093,generally,ENG,17673,
1093,well,ENG,17674,
1093,tolerated,ENG,17675,
1093,",",SYM,17676,
1093,na,FIL,17677,
1093,may,FIL,17678,
1093,karaniwang,FIL,17679,
1093,mga,FIL,17680,
1093,epekto,FIL,17681,
1093,tulad,FIL,17682,
1093,ng,FIL,17683,
1093,kirot,FIL,17684,
1093,sa,FIL,17685,
1093,injection-site,ENG,17686,
1093,",",SYM,17687,
1093,sakit,FIL,17688,
1093,ng,FIL,17689,
1093,ulo,FIL,17690,
1093,",",SYM,17691,
1093,pagkapagod,FIL,17692,
1093,at,FIL,17693,
1093,pananakit,FIL,17694,
1093,ng,FIL,17695,
1093,kalamnan,FIL,17696,
1093,.,SYM,17697,
1094,Kasi,FIL,17698,
1094,alam,FIL,17699,
1094,ko,FIL,17700,
1094,sa,FIL,17701,
1094,sarili,FIL,17702,
1094,ko,FIL,17703,
1094,na,FIL,17704,
1094,kailangan,FIL,17705,
1094,kong,FIL,17706,
1094,gawin,FIL,17707,
1094,yon,FIL,17708,
1094,kasi,FIL,17709,
1094,pag,FIL,17710,
1094,nagpa-relax-relax,UNK,17711,
1094,lang,FIL,17712,
1094,ako,FIL,17713,
1094,alam,FIL,17714,
1094,naman,FIL,17715,
1094,natin,FIL,17716,
1094,na,FIL,17717,
1094,hindi,FIL,17718,
1094,ko,FIL,17719,
1094,mabibigyan,FIL,17720,
1094,ng,FIL,17721,
1094,hustisya,FIL,17722,
1094,yung,FIL,17723,
1094,role,ENG,17724,
1094,ko,FIL,17725,
1094,.,SYM,17726,
1095,Si,FIL,17727,
1095,uncle,ENG,17728,
1095,Jojo,UNK,17729,NE
1095,ang,FIL,17730,
1095,tunay,FIL,17731,
1095,na,FIL,17732,
1095,nagpatawa,FIL,17733,
1095,sa,FIL,17734,
1095,akin,FIL,17735,
1096,ang,FIL,17736,
1096,dame,FIL,17737,
1096,nakikita,FIL,17738,
1096,ni,FIL,17739,
1096,Ed,UNK,17740,NE
1096,",",SYM,17741,
1096,nakkatakot,FIL,17742,
1096,kasama,FIL,17743,
1096,yan,FIL,17744,
1096,hehehe,UNK,17745,EXPR
1096,",",SYM,17746,
1096,takot,FIL,17747,
1096,ako,FIL,17748,
1099,Ang,FIL,17749,
1099,pagkakaroon,FIL,17750,
1099,ng,FIL,17751,
1099,anak,FIL,17752,
1099,nga,FIL,17753,
1099,ang,FIL,17754,
1099,isang,FIL,17755,
1099,nakapagpalambot,FIL,17756,
1099,sa,FIL,17757,
1099,personalidad,FIL,17758,
1099,ni,FIL,17759,
1099,Baron,UNK,17760,NE
1099,.,SYM,17761,
1101,Nakatapat,FIL,17762,
1101,ito,FIL,17763,
1101,sa,FIL,17764,
1101,bintana,FIL,17765,
1101,at,FIL,17766,
1101,sa,FIL,17767,
1101,kung,FIL,17768,
1101,saan,FIL,17769,
1101,kami,FIL,17770,
1101,dumaraan,FIL,17771,
1101,palabas,FIL,17772,
1101,ng,FIL,17773,
1101,bahay,FIL,17774,
1101,.,SYM,17775,
1102,When,ENG,17776,
1102,ba,FIL,17777,
1102,ako,FIL,17778,
1102,mananalo,FIL,17779,
1102,ng,FIL,17780,
1102,pa-give,UNK,17781,
1102,away,ENG,17782,
1102,niyo,FIL,17783,
1104,damn,ENG,17784,
1104,naway,FIL,17785,
1104,may,FIL,17786,
1104,mapamaskuhan,FIL,17787,
1104,ako,FIL,17788,
1104,sa,FIL,17789,
1104,mga,FIL,17790,
1104,ninong,FIL,17791,
1104,ninang,FIL,17792,
1104,tita,FIL,17793,
1104,tito,FIL,17794,
1104,ko,FIL,17795,
1106,Sa,FIL,17796,
1106,kabila,FIL,17797,
1106,ng,FIL,17798,
1106,paghihiwalay,FIL,17799,
1106,ng,FIL,17800,
1106,walang,FIL,17801,
1106,paalam,FIL,17802,
1106,Kung,FIL,17803,
1106,nakita,FIL,17804,
1106,kitang,FIL,17805,
1106,masaya,FIL,17806,
1106,naman,FIL,17807,
1106,Siguro,FIL,17808,
1106,magpapasalamat,FIL,17809,
1106,na,FIL,17810,
1106,lang,FIL,17811,
1106,ako,FIL,17812,
1106,Dahil,FIL,17813,
1106,masaya,FIL,17814,
1106,ang,FIL,17815,
1106,dating,FIL,17816,
1106,mahal,FIL,17817,
1106,ko,FIL,17818,
1106,Nandito,FIL,17819,
1106,lang,FIL,17820,
1106,ang,FIL,17821,
1106,mga,FIL,17822,
1106,ala,FIL,17823,
1106,ala,FIL,17824,
1106,natin,FIL,17825,
1106,Kay,FIL,17826,
1106,sarap,FIL,17827,
1106,pa,FIL,17828,
1106,rin,FIL,17829,
1106,damhin,FIL,17830,
1107,Napagkasya,FIL,17831,
1107,ko,FIL,17832,
1107,naman,FIL,17833,
1107,lahat,FIL,17834,
1107,ng,FIL,17835,
1107,cravings,ENG,17836,
1107,ko,FIL,17837,
1107,today,ENG,17838,
1107,.,SYM,17839,
1108,Kung,FIL,17840,
1108,hindi,FIL,17841,
1108,tayo,FIL,17842,
1108,mag,FIL,17843,
1108,ingat,FIL,17844,
1108,at,FIL,17845,
1108,mag,FIL,17846,
1108,experemento,FIL,17847,
1108,ulit,FIL,17848,
1108,at,FIL,17849,
1108,maniniwala,FIL,17850,
1108,sa,FIL,17851,
1108,mga,FIL,17852,
1108,pangako,FIL,17853,
1108,at,FIL,17854,
1108,sila,FIL,17855,
1108,lang,FIL,17856,
1108,daw,FIL,17857,
1108,ang,FIL,17858,
1108,may,FIL,17859,
1108,blueprint,ENG,17860,
1108,sa,FIL,17861,
1108,mga,FIL,17862,
1108,projects,ENG,17863,
1108,",",SYM,17864,
1108,THE,ENG,17865,
1108,PHILIPPINES,ENG,17866,NE
1108,WILL,ENG,17867,
1108,BE,ENG,17868,
1108,BACK,ENG,17869,
1108,TO,ENG,17870,
1108,ZERO,ENG,17871,
1108,AGAIN,ENG,17872,
1108,!,SYM,17873,
1109,Sana,FIL,17874,
1109,nga,FIL,17875,
1109,tanggapin,FIL,17876,
1109,ng,FIL,17877,
1109,mga,FIL,17878,
1109,taong,FIL,17879,
1109,palagay,FIL,17880,
1109,nila,FIL,17881,
1109,ay,FIL,17882,
1109,affected,ENG,17883,
1109,ng,FIL,17884,
1109,mga,FIL,17885,
1109,pangyayari,FIL,17886,
1109,.,SYM,17887,
1110,Nakatikim,FIL,17888,
1110,ka,FIL,17889,
1110,tuloy,FIL,17890,
1110,ng,FIL,17891,
1110,malutong,FIL,17892,
1110,na,FIL,17893,
1110,mura,FIL,17894,
1110,ngayon,FIL,17895,
1111,Lahat,FIL,17896,
1111,ng,FIL,17897,
1111,pagkilos,FIL,17898,
1111,at,FIL,17899,
1111,pagbpto,FIL,17900,
1111,dapat,FIL,17901,
1111,ay,FIL,17902,
1111,PARA,FIL,17903,
1111,SA,FIL,17904,
1111,MASANG,FIL,17905,
1111,PILIPINO,FIL,17906,
1111,.,SYM,17907,
1112,Sana,FIL,17908,
1112,nakatulog,FIL,17909,
1112,kayo,FIL,17910,
1112,ng,FIL,17911,
1112,maayos,FIL,17912,
1112,kagabi,FIL,17913,
1112,huh,UNK,17914,EXPR
1112,.,SYM,17915,
1114,Mahalin,FIL,17916,
1114,kasi,FIL,17917,
1114,ang,FIL,17918,
1114,Buong,FIL,17919,
1114,Pilipinas,FIL,17920,NE
1114,.,SYM,17921,
1115,Siya,FIL,17922,
1115,ang,FIL,17923,
1115,pinakamalaking,FIL,17924,
1115,impluwensiya,FIL,17925,
1115,sa,FIL,17926,
1115,pagiging,FIL,17927,
1115,otaku,FIL,17928,
1115,ni,FIL,17929,
1115,Saori,UNK,17930,NE
1115,.,SYM,17931,
1116,Di,FIL,17932,
1116,ko,FIL,17933,
1116,na,FIL,17934,
1116,nga,FIL,17935,
1116,masagutan,FIL,17936,
1116,precal,ENG,17937,
1116,ko,FIL,17938,
1116,tapos,FIL,17939,
1116,iiyakan,FIL,17940,
1116,pako,FIL,17941,
1116,ng,FIL,17942,
1116,mga,FIL,17943,
1116,tropa,FIL,17944,
1116,ko,FIL,17945,
1116,na,FIL,17946,
1116,gusto,FIL,17947,
1116,nila,FIL,17948,
1116,mag,FIL,17949,
1116,drop,ENG,17950,
1116,out,ENG,17951,
1116,",",SYM,17952,
1116,sige,FIL,17953,
1116,sama,FIL,17954,
1116,na,FIL,17955,
1116,din,FIL,17956,
1116,ako,FIL,17957,
1116,.,SYM,17958,
1117,After,ENG,17959,
1117,that,ENG,17960,
1117,",",SYM,17961,
1117,gawin,FIL,17962,
1117,mo,FIL,17963,
1117,na,FIL,17964,
1117,ang,FIL,17965,
1117,gusto,FIL,17966,
1117,mong,FIL,17967,
1117,gawin,FIL,17968,
1117,.,SYM,17969,
1118,Hangga't,FIL,17970,
1118,nanjan,FIL,17971,
1118,si,FIL,17972,
1118,Doque,UNK,17973,NE
1118,di,FIL,17974,
1118,ako,FIL,17975,
1118,naniniwala,FIL,17976,
1118,sa,FIL,17977,
1118,mga,FIL,17978,
1118,resulta,FIL,17979,
1118,ng,FIL,17980,
1118,daily,ENG,17981,
1118,covid,ENG,17982,
1118,cases,ENG,17983,
1118,report,ENG,17984,
1118,.,SYM,17985,
1119,Wala,FIL,17986,
1119,silang,FIL,17987,
1119,mga,FIL,17988,
1119,ngipin,FIL,17989,
1119,at,FIL,17990,
1119,kadalasang,FIL,17991,
1119,kumakain,FIL,17992,
1119,lamang,FIL,17993,
1119,ng,FIL,17994,
1119,.,SYM,17995,
1120,Kasunod,FIL,17996,
1120,nito,FIL,17997,
1120,",",SYM,17998,
1120,ibinahagi,FIL,17999,
1120,rin,FIL,18000,
1120,niya,FIL,18001,
1120,ang,FIL,18002,
1120,kuha,FIL,18003,
1120,ng,FIL,18004,
1120,sanggol,FIL,18005,
1120,habang,FIL,18006,
1120,kalong,FIL,18007,
1120,ng,FIL,18008,
1120,kanyang,FIL,18009,
1120,Lolo,FIL,18010,
1120,Willie,UNK,18011,NE
1120,.,SYM,18012,
1121,BAI,UNK,18013,NE
1121,SUBAIDAH,UNK,18014,NE
1121,:,SYM,18015,
1121,At,FIL,18016,
1121,saka,FIL,18017,
1121,'yan,FIL,18018,
1121,ang,FIL,18019,
1121,pangako,FIL,18020,
1121,niya,FIL,18021,
1121,bilang,FIL,18022,
1121,kapalit,FIL,18023,
1121,sa,FIL,18024,
1121,hindi,FIL,18025,
1121,namin,FIL,18026,
1121,paghahanda,FIL,18027,
1121,nang,FIL,18028,
1121,masyadong,FIL,18029,
1121,en,UNK,18030,
1121,grande,UNK,18031,
1121,sa,FIL,18032,
1121,kanilang,FIL,18033,
1121,kasal,FIL,18034,
1121,ni,FIL,18035,
1121,Fatima,UNK,18036,NE
1121,.,SYM,18037,
1122,Bukod,FIL,18038,
1122,pa,FIL,18039,
1122,rito,FIL,18040,
1122,",",SYM,18041,
1122,nangahulugan,FIL,18042,
1122,ito,FIL,18043,
1122,na,FIL,18044,
1122,may,FIL,18045,
1122,pagkakataon,FIL,18046,
1122,na,FIL,18047,
1122,si,FIL,18048,
1122,Job,UNK,18049,NE
1122,na,FIL,18050,
1122,makuha,FIL,18051,
1122,ang,FIL,18052,
1122,pagsang-ayon,FIL,18053,
1122,ng,FIL,18054,
1122,Diyos,FIL,18055,NE
1122,",",SYM,18056,
1122,at,FIL,18057,
1122,sa,FIL,18058,
1122,gayon,FIL,18059,
1122,ay,FIL,18060,
1122,mas,FIL,18061,
1122,mapapalapit,FIL,18062,
1122,siya,FIL,18063,
1122,sa,FIL,18064,
1122,Diyos,FIL,18065,NE
1122,.,SYM,18066,
1123,Never,ENG,18067,
1123,ako,FIL,18068,
1123,sumigaw,FIL,18069,
1123,during,ENG,18070,
1123,online,ENG,18071,
1123,concert,ENG,18072,
1123,kasi,FIL,18073,
1123,takot,FIL,18074,
1123,ako,FIL,18075,
1123,sa,FIL,18076,
1123,tatay,FIL,18077,
1123,ko,FIL,18078,
1123,to,ENG,18079,
1123,the,ENG,18080,
1123,point,ENG,18081,
1123,na,FIL,18082,
1123,mas,FIL,18083,
1123,takot,FIL,18084,
1123,pa,FIL,18085,
1123,ako,FIL,18086,
1123,sa,FIL,18087,
1123,tatay,FIL,18088,
1123,ko,FIL,18089,
1123,kesa,FIL,18090,
1123,mamatay,FIL,18091,
1123,ako,FIL,18092,
1123,.,SYM,18093,
1124,Sa,FIL,18094,
1124,presscon,ENG,18095,ABB
1124,pa,FIL,18096,
1124,rin,FIL,18097,
1124,na,FIL,18098,
1124,`yon,FIL,18099,
1124,ay,FIL,18100,
1124,tinanong,FIL,18101,
1124,ko,FIL,18102,
1124,ang,FIL,18103,
1124,talent,ENG,18104,
1124,nilang,FIL,18105,
1124,si,FIL,18106,
1124,Lauren,UNK,18107,NE
1124,Reid,UNK,18108,NE
1124,.,SYM,18109,
1126,Sapagkat,FIL,18110,
1126,ang,FIL,18111,
1126,Aking,FIL,18112,
1126,gawain,FIL,18113,
1126,ay,FIL,18114,
1126,ang,FIL,18115,
1126,gawain,FIL,18116,
1126,ng,FIL,18117,
1126,panlulupig,FIL,18118,
1126,",",SYM,18119,
1126,at,FIL,18120,
1126,nakatutok,FIL,18121,
1126,sa,FIL,18122,
1126,inyong,FIL,18123,
1126,hindi,FIL,18124,
1126,pagsunod,FIL,18125,
1126,at,FIL,18126,
1126,lumang,FIL,18127,
1126,kalikasan,FIL,18128,
1126,.,SYM,18129,
1127,Sa,FIL,18130,
1127,ngayon,FIL,18131,
1127,ay,FIL,18132,
1127,pinagiisipan,FIL,18133,
1127,na,FIL,18134,
1127,ng,FIL,18135,
1127,NDRRMC,ENG,18136,"ABB,NE"
1127,ang,FIL,18137,
1127,gagawin,FIL,18138,
1127,nilang,FIL,18139,
1127,hakbang,FIL,18140,
1127,para,FIL,18141,
1127,dito,FIL,18142,
1127,.,SYM,18143,
1129,Mag-aaral,FIL,18144,
1129,na,FIL,18145,
1129,ako,FIL,18146,
1129,ng,FIL,18147,
1129,mabuti,FIL,18148,
1130,Nauunawaan,FIL,18149,
1130,",",SYM,18150,
1130,aniya,FIL,18151,
1130,",",SYM,18152,
1130,nila,FIL,18153,
1130,na,FIL,18154,
1130,habang,FIL,18155,
1130,may,FIL,18156,
1130,pandemya,FIL,18157,
1130,ay,FIL,18158,
1130,may,FIL,18159,
1130,karapatan,FIL,18160,
1130,namang,FIL,18161,
1130,magbigay,FIL,18162,
1130,ng,FIL,18163,
1130,babala,FIL,18164,
1130,ang,FIL,18165,
1130,alinmang,FIL,18166,
1130,bansa,FIL,18167,
1130,para,FIL,18168,
1130,sa,FIL,18169,
1130,kanilang,FIL,18170,
1130,mga,FIL,18171,
1130,kababayan,FIL,18172,
1130,.,SYM,18173,
1131,Labing-apat,FIL,18174,
1131,na,FIL,18175,
1131,banyagang,FIL,18176,
1131,turista,FIL,18177,
1131,at,FIL,18178,
1131,isang,FIL,18179,
1131,Pinoy,FIL,18180,
1131,crew,ENG,18181,
1131,ng,FIL,18182,
1131,isang,FIL,18183,
1131,yate,FIL,18184,
1131,ang,FIL,18185,
1131,nagpositibo,FIL,18186,
1131,sa,FIL,18187,
1131,COVID-19,ENG,18188,NE
1131,sa,FIL,18189,
1131,Palawan,FIL,18190,NE
1131,.,SYM,18191,
1132,Madyafo,FIL,18192,
1132,po,FIL,18193,
1132,skong,FIL,18194,
1132,naapektuhan,FIL,18195,
1132,kung,FIL,18196,
1132,pano,FIL,18197,
1132,pjnatay,FIL,18198,
1132,ang,FIL,18199,
1132,pamangkin,FIL,18200,
1132,ko,FIL,18201,
1132,sana,FIL,18202,
1132,po,FIL,18203,
1132,magkaroon,FIL,18204,
1132,ng,FIL,18205,
1132,katarungan,FIL,18206,
1132,at,FIL,18207,
1132,makaman,FIL,18208,
1132,kung,FIL,18209,
1132,sino,FIL,18210,
1132,pumatsy,FIL,18211,
1132,sa,FIL,18212,
1132,bata,FIL,18213,
1134,sasama,FIL,18214,
1134,na,FIL,18215,
1134,ako,FIL,18216,
1134,kay,FIL,18217,
1134,Papa,UNK,18218,NE
1134,Jesus,UNK,18219,NE
1134,pag,FIL,18220,
1134,may,FIL,18221,
1134,bagsak,FIL,18222,
1134,akong,FIL,18223,
1134,grade,ENG,18224,
1135,Ilang,FIL,18225,
1135,personalidad,FIL,18226,
1135,kabilang,FIL,18227,
1135,na,FIL,18228,
1135,ang,FIL,18229,
1135,human,ENG,18230,
1135,rights,ENG,18231,
1135,lawyer,ENG,18232,
1135,na,FIL,18233,
1135,si,FIL,18234,
1135,Atty,UNK,18235,ABB
1135,Chel,UNK,18236,NE
1135,Diokno,UNK,18237,NE
1135,ang,FIL,18238,
1135,nagpahayag,FIL,18239,
1135,ng,FIL,18240,
1135,pagtutol,FIL,18241,
1135,sa,FIL,18242,
1135,nominasyon,FIL,18243,
1135,ni,FIL,18244,
1135,Roque,UNK,18245,NE
1135,sa,FIL,18246,
1135,international,ENG,18247,
1135,body,ENG,18248,
1135,.,SYM,18249,
1136,Oh,UNK,18250,EXPR
1136,my,ENG,18251,
1136,God,ENG,18252,NE
1136,mga,FIL,18253,
1136,gold,ENG,18254,
1136,digger,ENG,18255,
1136,ang,FIL,18256,
1136,naka,FIL,18257,
1136,black,ENG,18258,
1137,Pangit,FIL,18259,
1137,ang,FIL,18260,
1137,Finals,ENG,18261,NE
1137,konti,FIL,18262,
1137,manonood,FIL,18263,
1137,.,SYM,18264,
1138,Hindi,FIL,18265,
1138,man,FIL,18266,
1138,lang,FIL,18267,
1138,binigyan,FIL,18268,
1138,yung,FIL,18269,
1138,bata,FIL,18270,
1138,ng,FIL,18271,
1138,konting,FIL,18272,
1138,regalo,FIL,18273,
1138,",",SYM,18274,
1138,laki,FIL,18275,
1138,ng,FIL,18276,
1138,kita,FIL,18277,
1138,ninyo,FIL,18278,
1138,magkakapatid,FIL,18279,
1138,sa,FIL,18280,
1138,YouTube,ENG,18281,NE
1138,eh,UNK,18282,EXPR
1138,!,SYM,18283,
1139,Eto,FIL,18284,
1139,dapat,FIL,18285,
1139,pinapanuod,FIL,18286,
1139,ng,FIL,18287,
1139,mga,FIL,18288,
1139,kabataan,FIL,18289,
1139,ngayon,FIL,18290,
1139,eh,UNK,18291,EXPR
1139,.,SYM,18292,
1140,Siya,FIL,18293,
1140,manalo,FIL,18294,
1140,pag,FIL,18295,
1140,papasok,FIL,18296,
1140,siya,FIL,18297,
1141,Nagguilty,FIL,18298,
1141,ako,FIL,18299,
1141,",",SYM,18300,
1141,hindi,FIL,18301,
1141,ko,FIL,18302,
1141,matulungan,FIL,18303,
1141,sa,FIL,18304,
1141,module,ENG,18305,
1141,.,SYM,18306,
1142,Sana,FIL,18307,
1142,dumami,FIL,18308,
1142,pa,FIL,18309,
1142,kayo,FIL,18310,
1142,sa,FIL,18311,
1142,hanay,FIL,18312,
1142,nyo,FIL,18313,
1142,Teacher,ENG,18314,
1142,Annie,UNK,18315,NE
1142,dahil,FIL,18316,
1142,nagampanan,FIL,18317,
1142,nyo,FIL,18318,
1142,ang,FIL,18319,
1142,responsibilidad,FIL,18320,
1142,sa,FIL,18321,
1142,kapwa,FIL,18322,
1142,sa,FIL,18323,
1142,naisip,FIL,18324,
1142,na,FIL,18325,
1142,paraan,FIL,18326,
1142,!,SYM,18327,
1143,Jusko,UNK,18328,EXPR
1143,be,ENG,18329,
1143,ang,FIL,18330,
1143,galing,FIL,18331,
1143,nia,FIL,18332,
1143,magtanggal,FIL,18333,
1143,ng,FIL,18334,
1143,inis,FIL,18335,
1143,ko,FIL,18336,
1143,dahil,FIL,18337,
1143,sa,FIL,18338,
1143,alien,ENG,18339,
1143,nia,FIL,18340,
1144,Sa,FIL,18341,
1144,nasabi,FIL,18342,
1144,ring,FIL,18343,
1144,interview,ENG,18344,
1144,nabanggit,FIL,18345,
1144,ni,FIL,18346,
1144,Juday,UNK,18347,NE
1144,na,FIL,18348,
1144,ramdam,FIL,18349,
1144,niyang,FIL,18350,
1144,parang,FIL,18351,
1144,may,FIL,18352,
1144,kulang,FIL,18353,
1144,sa,FIL,18354,
1144,buhay,FIL,18355,
1144,niya,FIL,18356,
1144,noon,FIL,18357,
1144,hanggang,FIL,18358,
1144,sa,FIL,18359,
1144,dumating,FIL,18360,
1144,nga,FIL,18361,
1144,si,FIL,18362,
1144,Ryan,UNK,18363,NE
1144,sa,FIL,18364,
1144,buhay,FIL,18365,
1144,niya,FIL,18366,
1144,.,SYM,18367,
1145,Pagkatapos,FIL,18368,
1145,na,FIL,18369,
1145,nilikha,FIL,18370,
1145,ng,FIL,18371,
1145,Diyos,FIL,18372,NE
1145,ang,FIL,18373,
1145,sangkatauhan,FIL,18374,
1145,at,FIL,18375,
1145,binigyan,FIL,18376,
1145,sila,FIL,18377,
1145,ng,FIL,18378,
1145,mga,FIL,18379,
1145,espiritu,FIL,18380,
1145,",",SYM,18381,
1145,iniutos,FIL,18382,
1145,Niya,FIL,18383,
1145,sa,FIL,18384,
1145,kanila,FIL,18385,
1145,na,FIL,18386,
1145,kung,FIL,18387,
1145,hindi,FIL,18388,
1145,sila,FIL,18389,
1145,tatawag,FIL,18390,
1145,sa,FIL,18391,
1145,Diyos,FIL,18392,NE
1145,",",SYM,18393,
1145,kung,FIL,18394,
1145,gayon,FIL,18395,
1145,hindi,FIL,18396,
1145,sila,FIL,18397,
1145,makakaugnay,FIL,18398,
1145,sa,FIL,18399,
1145,Kanyang,FIL,18400,
1145,Espiritu,FIL,18401,NE
1145,at,FIL,18402,
1145,kaya,FIL,18403,
1145,hindi,FIL,18404,
1145,matatanggap,FIL,18405,
1145,sa,FIL,18406,
1145,daigdig,FIL,18407,
1145,ang,FIL,18408,
1145,telebisyong,FIL,18409,
1145,satelayt,FIL,18410,
1145,mula,FIL,18411,
1145,sa,FIL,18412,
1145,langit,FIL,18413,
1145,.,SYM,18414,
1147,Puro,FIL,18415,
1147,ang,FIL,18416,
1147,ganda,FIL,18417,
1147,ng,FIL,18418,
1147,boses,FIL,18419,
1147,nalang,FIL,18420,
1147,nasasabi,FIL,18421,
1147,ko,FIL,18422,
1147,dito,FIL,18423,
1147,.,SYM,18424,
1148,Pa,FIL,18425,
1148,invite,ENG,18426,
1148,naman,FIL,18427,
1148,ako,FIL,18428,
1148,tulog,FIL,18429,
1148,na,FIL,18430,
1148,mga,FIL,18431,
1148,kasama,FIL,18432,
1148,ko,FIL,18433,
1148,hays,UNK,18434,EXPR
1149,Alex,UNK,18435,NE
1149,and,ENG,18436,
1149,Mikee,UNK,18437,NE
1149,are,ENG,18438,
1149,the,ENG,18439,
1149,living,ENG,18440,
1149,proof,ENG,18441,
1149,na,FIL,18442,
1149,wala,FIL,18443,
1149,sa,FIL,18444,
1149,grande,FIL,18445,
1149,ng,FIL,18446,
1149,kasal,FIL,18447,
1149,nasusukat,FIL,18448,
1149,ang,FIL,18449,
1149,pagmamahal,FIL,18450,
1149,.,SYM,18451,
1150,May,FIL,18452,
1150,mga,FIL,18453,
1150,araw,FIL,18454,
1150,na,FIL,18455,
1150,malungkot,FIL,18456,
1150,",",SYM,18457,
1150,may,FIL,18458,
1150,mga,FIL,18459,
1150,araw,FIL,18460,
1150,na,FIL,18461,
1150,masaya,FIL,18462,
1150,.,SYM,18463,
1151,God,ENG,18464,NE
1151,bless,ENG,18465,
1151,po,FIL,18466,
1151,sayo,FIL,18467,
1151,idol,ENG,18468,
1151,sana,FIL,18469,
1151,isa,FIL,18470,
1151,din,FIL,18471,
1151,ako,FIL,18472,
1151,sa,FIL,18473,
1151,mapili,FIL,18474,
1151,mo,FIL,18475,
1151,na,FIL,18476,
1151,mabigyan,FIL,18477,
1151,ng,FIL,18478,
1151,gamit,FIL,18479,
1151,hehehehe,UNK,18480,EXPR
1151,stay,ENG,18481,
1151,safe,ENG,18482,
1151,po,FIL,18483,
1151,at,FIL,18484,
1151,sa,FIL,18485,
1151,family,ENG,18486,
1151,mo,FIL,18487,
1151,po,FIL,18488,
1152,Well,UNK,18489,EXPR
1152,",",SYM,18490,
1152,dalawang,FIL,18491,
1152,buwan,FIL,18492,
1152,pa,FIL,18493,
1152,ang,FIL,18494,
1152,palilipasin,FIL,18495,
1152,bago,FIL,18496,
1152,makasama,FIL,18497,
1152,ni,FIL,18498,
1152,Ryza,UNK,18499,NE
1152,ang,FIL,18500,
1152,baby,ENG,18501,
1152,niya,FIL,18502,
1152,.,SYM,18503,
1153,Ayon,FIL,18504,
1153,sa,FIL,18505,
1153,Forbes,ENG,18506,NE
1153,magazine,ENG,18507,
1153,",",SYM,18508,
1153,nasa,FIL,18509,
1153,$16,NUM,18510,
1153,.,SYM,18511,
1153,6,NUM,18512,
1153,bilyon,FIL,18513,
1153,o,FIL,18514,
1153,P830,NUM,18515,
1153,bilyon,FIL,18516,
1153,ang,FIL,18517,
1153,kayaman,FIL,18518,
1153,ng,FIL,18519,
1153,magkakapatid,FIL,18520,
1153,ng,FIL,18521,
1153,mga,FIL,18522,
1153,Sy,UNK,18523,NE
1153,.,SYM,18524,
1154,Hoping,FIL,18525,
1154,na,FIL,18526,
1154,makabalik,FIL,18527,
1154,siya,FIL,18528,
1154,ulit,FIL,18529,
1154,",",SYM,18530,
1154,kung,FIL,18531,
1154,saan,FIL,18532,
1154,man,FIL,18533,
1154,niya,FIL,18534,
1154,gusto,FIL,18535,
1154,.,SYM,18536,
1155,Super,ENG,18537,
1155,early,ENG,18538,
1155,ngayun,FIL,18539,
1155,nakaka,FIL,18540,
1155,wala,FIL,18541,
1155,ng,FIL,18542,
1155,stress,ENG,18543,
1155,mga,FIL,18544,
1155,vlogs,ENG,18545,
1155,mo,FIL,18546,
1156,So,ENG,18547,
1156,",",SYM,18548,
1156,kailangan,FIL,18549,
1156,pa,FIL,18550,
1156,rin,FIL,18551,
1156,nating,FIL,18552,
1156,sundin,FIL,18553,
1156,lahat,FIL,18554,
1156,ng,FIL,18555,
1156,health,ENG,18556,
1156,protocols,ENG,18557,
1156,",",SYM,18558,
1156,pahayag,FIL,18559,
1156,ni,FIL,18560,
1156,Castelo,UNK,18561,NE
1156,sa,FIL,18562,
1156,isang,FIL,18563,
1156,panayam,FIL,18564,
1156,sa,FIL,18565,
1156,radyo,FIL,18566,
1156,.,SYM,18567,
1157,nakabili,FIL,18568,
1157,na,FIL,18569,
1157,lahat,FIL,18570,
1157,ng,FIL,18571,
1157,A'tin,FIL,18572,NE
1157,.,SYM,18573,
1158,Namimiss,FIL,18574,
1158,kong,FIL,18575,
1158,makasama,FIL,18576,
1158,ang,FIL,18577,
1158,ate,FIL,18578,
1158,haifa,UNK,18579,NE
1158,ko,FIL,18580,
1158,!,SYM,18581,
1159,like,ENG,18582,
1159,nyo,FIL,18583,
1159,to,FIL,18584,
1159,para,FIL,18585,
1159,uwian,FIL,18586,
1159,kayo,FIL,18587,
1159,ng,FIL,18588,
1159,mga,FIL,18589,
1159,bias,ENG,18590,
1159,nyo,FIL,18591,
1160,Ang,FIL,18592,
1160,mga,FIL,18593,
1160,naturang,FIL,18594,
1160,mutation,ENG,18595,
1160,na,FIL,18596,
1160,natukoy,FIL,18597,
1160,sa,FIL,18598,
1160,Visayas,UNK,18599,NE
1160,ay,FIL,18600,
1160,natukoy,FIL,18601,
1160,na,FIL,18602,
1160,rin,FIL,18603,
1160,sa,FIL,18604,
1160,variants,ENG,18605,
1160,sa,FIL,18606,
1160,ibang,FIL,18607,
1160,bansa,FIL,18608,
1160,",",SYM,18609,
1160,gaya,FIL,18610,
1160,ng,FIL,18611,
1160,UK,ENG,18612,"ABB,NE"
1160,variant,ENG,18613,
1160,",",SYM,18614,
1160,South,ENG,18615,NE
1160,African,ENG,18616,NE
1160,at,FIL,18617,
1160,Brazilian,ENG,18618,NE
1160,.,SYM,18619,
1162,Inisip,FIL,18620,
1162,ko,FIL,18621,
1162,pa,FIL,18622,
1162,nga,FIL,18623,
1162,na,FIL,18624,
1162,",",SYM,18625,
1162,Tingin,FIL,18626,
1162,nyo,FIL,18627,
1162,mas,FIL,18628,
1162,magaling,FIL,18629,
1162,kayo,FIL,18630,
1162,sa,FIL,18631,
1162,akin,FIL,18632,
1162,?,SYM,18633,
1164,pre,FIL,18634,
1164,",",SYM,18635,
1164,nagkulang,FIL,18636,
1164,ba,FIL,18637,
1164,kami,FIL,18638,
1164,bilang,FIL,18639,
1164,kaibigan,FIL,18640,
1165,pag,FIL,18641,
1165,eto,FIL,18642,
1165,nasanay,FIL,18643,
1165,na,FIL,18644,
1165,pre,FIL,18645,
1165,tuturuan,FIL,18646,
1165,na,FIL,18647,
1165,natin,FIL,18648,
1165,to,FIL,18649,
1165,ng,FIL,18650,
1165,parts,ENG,18651,
1165,para,FIL,18652,
1165,magsetup,UNK,18653,
1165,na,FIL,18654,
1165,to,FIL,18655,
1165,ng,FIL,18656,
1165,tsikot,FIL,18657,
1166,Minsan,FIL,18658,
1166,lang,FIL,18659,
1166,po,FIL,18660,
1166,kame,FIL,18661,
1166,magham,FIL,18662,
1166,ng,FIL,18663,
1166,pasko,FIL,18664,NE
1166,.,SYM,18665,
1166,apat,FIL,18666,
1166,lang,FIL,18667,
1166,din,FIL,18668,
1166,po,FIL,18669,
1166,kame,FIL,18670,
1166,sa,FIL,18671,
1166,pamilya,FIL,18672,
1166,kaya,FIL,18673,
1166,minsan,FIL,18674,
1166,ako,FIL,18675,
1166,nalang,FIL,18676,
1166,po,FIL,18677,
1166,ang,FIL,18678,
1166,gising,FIL,18679,
1166,at,FIL,18680,
1166,nag,FIL,18681,
1166,aantay,FIL,18682,
1166,ng,FIL,18683,
1166,pasko,FIL,18684,NE
1166,dahil,FIL,18685,
1166,matanda,FIL,18686,
1166,at,FIL,18687,
1166,bta,FIL,18688,ABB
1166,po,FIL,18689,
1166,ang,FIL,18690,
1166,kasama,FIL,18691,
1166,ko,FIL,18692,
1166,kaya,FIL,18693,
1166,maaga,FIL,18694,
1166,natutulog,FIL,18695,
1166,.,SYM,18696,
1167,No,ENG,18697,
1167,way,ENG,18698,
1167,magpabakuna,FIL,18699,
1167,nakakatakot,FIL,18700,
1167,fai,UNK,18701,
1167,ang,FIL,18702,
1167,mabuti,FIL,18703,
1167,ikaw,FIL,18704,
1167,nalang,FIL,18705,
1167,ang,FIL,18706,
1167,mauna,FIL,18707,
1167,ma'am,ENG,18708,ABB
1168,lahat,FIL,18709,
1168,ata,FIL,18710,
1168,ng,FIL,18711,
1168,lumabas,FIL,18712,
1168,nilagay,FIL,18713,
1168,ko,FIL,18714,
1168,sa,FIL,18715,
1168,infographics,ENG,18716,
1168,na,FIL,18717,
1168,pinagawa,FIL,18718,
1169,Pero,FIL,18719,
1169,past,ENG,18720,
1169,9,NUM,18721,
1169,na,FIL,18722,
1169,talaga,FIL,18723,
1169,sila,FIL,18724,
1169,nagsisimula,FIL,18725,
1169,mag,FIL,18726,
1169,accomodate,ENG,18727,
1169,ng,FIL,18728,
1169,mga,FIL,18729,
1169,tao,FIL,18730,
1170,Bayaran,FIL,18731,
1170,kayo,FIL,18732,
1170,dapat,FIL,18733,
1170,patas,FIL,18734,
1170,ang,FIL,18735,
1170,laban,FIL,18736,
1170,kung,FIL,18737,
1170,maari,FIL,18738,
1170,hwag,FIL,18739,
1170,na,FIL,18740,
1170,kayong,FIL,18741,
1170,mag,FIL,18742,
1170,survey,ENG,18743,
1170,dahil,FIL,18744,
1170,alam,FIL,18745,
1170,na,FIL,18746,
1170,nang,FIL,18747,
1170,smartmatic,ENG,18748,NE
1170,ang,FIL,18749,
1170,mananalo,FIL,18750,
1171,Nanawagan,FIL,18751,
1171,rin,FIL,18752,
1171,siya,FIL,18753,
1171,na,FIL,18754,
1171,tulungan,FIL,18755,
1171,ang,FIL,18756,
1171,kanyang,FIL,18757,
1171,kaibigang,FIL,18758,
1171,si,FIL,18759,
1171,Sam,UNK,18760,NE
1171,Bernardo,UNK,18761,NE
1171,na,FIL,18762,
1171,isa,FIL,18763,
1171,rin,FIL,18764,
1171,sa,FIL,18765,
1171,mga,FIL,18766,
1171,nominadong,FIL,18767,
1171,housemates,ENG,18768,
1171,at,FIL,18769,
1171,posibleng,FIL,18770,
1171,mapalabas,FIL,18771,
1171,ng,FIL,18772,
1171,Bahay,FIL,18773,NE
1171,ni,FIL,18774,
1171,Kuya,FIL,18775,NE
1171,.,SYM,18776,
1172,Dadalo,FIL,18777,
1172,sa,FIL,18778,
1172,funeral,ENG,18779,
1172,ng,FIL,18780,
1172,kanyang,FIL,18781,
1172,lolo,FIL,18782,
1172,na,FIL,18783,
1172,si,FIL,18784,
1172,Prince,UNK,18785,NE
1172,Philip,UNK,18786,NE
1172,ang,FIL,18787,
1172,Duke,UNK,18788,NE
1172,of,ENG,18789,NE
1172,Sussex,UNK,18790,NE
1172,na,FIL,18791,
1172,si,FIL,18792,
1172,Prince,UNK,18793,NE
1172,Harry,UNK,18794,NE
1172,",",SYM,18795,
1172,pero,FIL,18796,
1172,hindi,FIL,18797,
1172,makakasama,FIL,18798,
1172,ang,FIL,18799,
1172,misis,FIL,18800,
1172,na,FIL,18801,
1172,si,FIL,18802,
1172,Meghan,UNK,18803,NE
1172,Markle,UNK,18804,NE
1172,dahil,FIL,18805,
1172,sa,FIL,18806,
1172,buntis,FIL,18807,
1172,ito,FIL,18808,
1172,ngayon,FIL,18809,
1172,.,SYM,18810,
1173,bakit,FIL,18811,
1173,po,FIL,18812,
1173,minsan,FIL,18813,
1173,hindi,FIL,18814,
1173,gumagana,FIL,18815,
1173,ang,FIL,18816,
1173,chitin,ENG,18817,
1173,jump,ENG,18818,
1173,",",SYM,18819,
1173,at,FIL,18820,
1173,ang,FIL,18821,
1173,inaatake,FIL,18822,
1173,nya,FIL,18823,
1173,ay,FIL,18824,
1173,ang,FIL,18825,
1173,nasa,FIL,18826,
1173,unahan,FIL,18827,
1173,na,FIL,18828,
1173,axie,ENG,18829,
1173,?,SYM,18830,
1174,Magandang,FIL,18831,
1174,gabi,FIL,18832,
1174,mga,FIL,18833,
1174,ka,FIL,18834,
1174,Ogienatics,FIL,18835,NE
1175,03,NUM,18836,
1175,Nakatayo,FIL,18837,
1175,lang,FIL,18838,
1175,ako,FIL,18839,
1175,rito,FIL,18840,
1175,sa,FIL,18841,
1175,harap,FIL,18842,
1175,ng,FIL,18843,
1175,gate,ENG,18844,
1175,",",SYM,18845,
1175,clueless,ENG,18846,
1175,kung,FIL,18847,
1175,ano,FIL,18848,
1175,ba,FIL,18849,
1175,dapat,FIL,18850,
1175,kong,FIL,18851,
1175,gawin,FIL,18852,
1175,.,SYM,18853,
1176,Kahit,FIL,18854,
1176,mayaman,FIL,18855,
1176,na,FIL,18856,
1176,kayo,FIL,18857,
1176,sobrang,FIL,18858,
1176,organized,ENG,18859,
1176,mo,FIL,18860,
1176,naglalaan,FIL,18861,
1176,kapaden,FIL,18862,
1176,ng,FIL,18863,
1176,time,ENG,18864,
1176,sa,FIL,18865,
1176,pagpapaganda,FIL,18866,
1176,ng,FIL,18867,
1176,balor,FIL,18868,
1176,nyo,FIL,18869,
1176,!,SYM,18870,
1178,Magagaling,FIL,18871,
1178,ang,FIL,18872,
1178,heart,ENG,18873,
1178,ko,FIL,18874,
1178,pag,FIL,18875,
1178,tinanong,FIL,18876,
1178,kita,FIL,18877,
1178,kung,FIL,18878,
1178,cnu,FIL,18879,ABB
1178,ka,FIL,18880,
1178,",",SYM,18881,
1178,at,FIL,18882,
1178,bakit,FIL,18883,
1178,ka,FIL,18884,
1178,nagrereply,FIL,18885,
1178,sa,FIL,18886,
1178,walang,FIL,18887,
1178,kwenta,FIL,18888,
1178,kong,FIL,18889,
1178,tweets,ENG,18890,
1178,.,SYM,18891,
1180,napasa,FIL,18892,
1180,na,FIL,18893,
1180,ang,FIL,18894,
1180,sa,FIL,18895,
1180,cdi,FIL,18896,"ABB,NE"
1180,haha,UNK,18897,EXPR
1181,Sana,FIL,18898,
1181,psychological,ENG,18899,
1181,thriller,ENG,18900,
1181,nga,FIL,18901,
1181,ang,FIL,18902,
1181,ibigay,FIL,18903,
1181,ng,FIL,18904,
1181,GMA,FIL,18905,"ABB,NE"
1181,kay,FIL,18906,
1181,Bea,UNK,18907,NE
1181,.,SYM,18908,
1182,binabagabag,FIL,18909,
1182,na,FIL,18910,
1182,naman,FIL,18911,
1182,ako,FIL,18912,
1182,ng,FIL,18913,
1182,panaginip,FIL,18914,
1182,ko,FIL,18915,
1183,kilala,FIL,18916,
1183,ko,FIL,18917,
1183,na,FIL,18918,
1183,mga,FIL,18919,
1183,nagr-rt,UNK,18920,
1183,ng,FIL,18921,
1183,rts,ENG,18922,ABB
1183,diyan,FIL,18923,
1183,.,SYM,18924,
1184,Finalize,ENG,18925,
1184,ko,FIL,18926,
1184,lang,FIL,18927,
1184,lahat,FIL,18928,
1184,tapos,FIL,18929,
1184,gagawa,FIL,18930,
1184,na,FIL,18931,
1184,ako,FIL,18932,
1184,ng,FIL,18933,
1184,form,ENG,18934,
1184,.,SYM,18935,
1186,Sana,FIL,18936,
1186,sa,FIL,18937,
1186,tamang,FIL,18938,
1186,panahon,FIL,18939,
1186,mahanap,FIL,18940,
1186,mo,FIL,18941,
1186,na,FIL,18942,
1186,yung,FIL,18943,
1186,taong,FIL,18944,
1186,para,FIL,18945,
1186,sa'yo,FIL,18946,
1186,",",SYM,18947,
1186,yung,FIL,18948,
1186,taong,FIL,18949,
1186,hindi,FIL,18950,
1186,mo,FIL,18951,
1186,na,FIL,18952,
1186,bibigyan,FIL,18953,
1186,ng,FIL,18954,
1186,panibagong,FIL,18955,
1186,liham,FIL,18956,
1186,na,FIL,18957,
1186,pamamaalam,FIL,18958,
1186,.,SYM,18959,
1188,Kabilang,FIL,18960,
1188,sa,FIL,18961,
1188,bagong,FIL,18962,
1188,lyrics,ENG,18963,
1188,ng,FIL,18964,
1188,kanta,FIL,18965,
1188,ang,FIL,18966,
1188,Andito,FIL,18967,
1188,Kami,FIL,18968,
1188,Para,FIL,18969,
1188,Sa,FIL,18970,
1188,Yo,FIL,18971,
1188,at,FIL,18972,
1188,Andito,FIL,18973,
1188,Kami,FIL,18974,
1188,Dahil,FIL,18975,
1188,Sa,FIL,18976,
1188,Inyo,FIL,18977,
1188,na,FIL,18978,
1188,nagsasabing,FIL,18979,
1188,patuloy,FIL,18980,
1188,na,FIL,18981,
1188,paglilingkuran,FIL,18982,
1188,ng,FIL,18983,
1188,ABS-CBN,FIL,18984,"ABB,NE"
1188,ang,FIL,18985,
1188,mga,FIL,18986,
1188,Pilipino,FIL,18987,NE
1188,sa,FIL,18988,
1188,mga,FIL,18989,
1188,bagong,FIL,18990,
1188,pamamaraan,FIL,18991,
1188,at,FIL,18992,
1188,plataporma,FIL,18993,
1188,.,SYM,18994,
1189,Dahil,FIL,18995,
1189,siya,FIL,18996,
1189,ang,FIL,18997,
1189,dapat,FIL,18998,
1189,at,FIL,18999,
1189,karapat-dapat,FIL,19000,
1189,na,FIL,19001,
1189,pangulo,FIL,19002,
1189,as,ENG,19003,
1189,2022,NUM,19004,
1189,.,SYM,19005,
1191,-,SYM,19006,
1191,Minsan,FIL,19007,
1191,kasi,FIL,19008,
1191,pag,FIL,19009,
1191,ayaw,FIL,19010,
1191,na,FIL,19011,
1191,ng,FIL,19012,
1191,isang,FIL,19013,
1191,tao,FIL,19014,
1191,wag,FIL,19015,
1191,na,FIL,19016,
1191,natin,FIL,19017,
1191,ipilit,FIL,19018,
1191,",",SYM,19019,
1191,Matotoo,FIL,19020,
1191,tayong,FIL,19021,
1191,itigil,FIL,19022,
1191,ang,FIL,19023,
1191,mga,FIL,19024,
1191,bagay,FIL,19025,
1191,na,FIL,19026,
1191,malabo,FIL,19027,
1191,para,FIL,19028,
1191,sa,FIL,19029,
1191,atin,FIL,19030,
1191,.,SYM,19031,
1192,Sila,FIL,19032,
1192,rin,FIL,19033,
1192,ang,FIL,19034,
1192,karaniwang,FIL,19035,
1192,bantay,FIL,19036,
1192,sa,FIL,19037,
1192,kanilang,FIL,19038,
1192,lungga,FIL,19039,
1192,.,SYM,19040,
1193,Kaya,FIL,19041,
1193,nga,FIL,19042,
1193,may,FIL,19043,
1193,mga,FIL,19044,
1193,nagtatanong,FIL,19045,
1193,kung,FIL,19046,
1193,hindi,FIL,19047,
1193,raw,FIL,19048,
1193,ba,FIL,19049,
1193,nagkadebelopan,FIL,19050,
1193,ang,FIL,19051,
1193,dalawang,FIL,19052,
1193,Kapuso,FIL,19053,NE
1193,stars,ENG,19054,
1193,habang,FIL,19055,
1193,ginagawa,FIL,19056,
1193,nila,FIL,19057,
1193,ang,FIL,19058,
1193,Never,ENG,19059,NE
1193,Say,ENG,19060,NE
1193,Goodbye,ENG,19061,NE
1193,.,SYM,19062,
1194,Boss,ENG,19063,
1194,d,FIL,19064,ABB
1194,ang,FIL,19065,
1194,likod,FIL,19066,
1194,talaga,FIL,19067,
1194,ng,FIL,19068,
1194,camera,ENG,19069,
1194,man,ENG,19070,
1194,mo,FIL,19071,
1195,Pinagmulan,FIL,19072,
1195,ng,FIL,19073,
1195,aso,FIL,19074,
1195,Ang,FIL,19075,
1195,kasalukuyang,FIL,19076,
1195,lipi,FIL,19077,
1195,ng,FIL,19078,
1195,mga,FIL,19079,
1195,aso,FIL,19080,
1195,ay,FIL,19081,
1195,.,SYM,19082,
1197,"""",SYM,19083,
1197,lahat,FIL,19084,
1197,ng,FIL,19085,
1197,gawin,FIL,19086,
1197,mo,FIL,19087,
1197,ay,FIL,19088,
1197,mali,FIL,19089,
1197,"""",SYM,19090,
1197,is,ENG,19091,
1197,the,ENG,19092,
1197,price,ENG,19093,
1197,that,ENG,19094,
1197,u,ENG,19095,ABB
1197,have,ENG,19096,
1197,to,ENG,19097,
1197,pay,ENG,19098,
1197,kaya,FIL,19099,
1197,pag,FIL,19100,
1197,di,FIL,19101,
1197,ka,FIL,19102,
1197,maingat,FIL,19103,
1197,sa,FIL,19104,
1197,kilos,FIL,19105,
1197,mo,FIL,19106,
1197,",",SYM,19107,
1197,wag,FIL,19108,
1197,ka,FIL,19109,
1197,na,FIL,19110,
1197,mag,FIL,19111,
1197,idol,ENG,19112,
1198,once,ENG,19113,
1198,na,FIL,19114,
1198,natakot,FIL,19115,
1198,ang,FIL,19116,
1198,mga,FIL,19117,
1198,pulis,FIL,19118,
1198,at,FIL,19119,
1198,judge,ENG,19120,
1198,",",SYM,19121,
1198,nagbi-blink,FIL,19122,
1198,.,SYM,19123,
1199,Ang,FIL,19124,
1199,cute,ENG,19125,
1199,nya,FIL,19126,
1199,",",SYM,19127,
1199,mga,FIL,19128,
1199,talent,ENG,19129,
1199,scout,ENG,19130,
1199,mag,FIL,19131,
1199,unahan,FIL,19132,
1199,na,FIL,19133,
1199,kayo,FIL,19134,
1200,Dilawan,FIL,19135,NE
1200,ang,FIL,19136,
1200,kalawang,FIL,19137,
1200,at,FIL,19138,
1200,salot,FIL,19139,
1200,sa,FIL,19140,
1200,bansa,FIL,19141,
1200,",",SYM,19142,
1200,yungib,FIL,19143,
1200,at,FIL,19144,
1200,utak,FIL,19145,
1200,ng,FIL,19146,
1200,corruption,ENG,19147,
1200,hindi,FIL,19148,
1200,kayo,FIL,19149,
1200,nararapat,FIL,19150,
1200,d2,UNK,19151,
1200,manirahan,FIL,19152,
1200,sa,FIL,19153,
1200,pilipinas,FIL,19154,NE
1200,mga,FIL,19155,
1200,walang,FIL,19156,
1200,kwenta,FIL,19157,
1200,",",SYM,19158,
1200,mga,FIL,19159,
1200,kampon,FIL,19160,
1200,kayo,FIL,19161,
1200,ng,FIL,19162,
1200,kadiliman,FIL,19163,
1200,mga,FIL,19164,
1200,anak,FIL,19165,
1200,kayo,FIL,19166,
1200,ng,FIL,19167,
1200,mga,FIL,19168,
1201,Walang,FIL,19169,
1201,dudang,FIL,19170,
1201,pamatay,FIL,19171,
1201,ang,FIL,19172,
1201,hulma,FIL,19173,
1201,ng,FIL,19174,
1201,numero,FIL,19175,
1201,otso,FIL,19176,
1201,na,FIL,19177,
1201,kurba,FIL,19178,
1201,ng,FIL,19179,
1201,kanyang,FIL,19180,
1201,pigura,FIL,19181,
1201,.,SYM,19182,
1202,Dapat,FIL,19183,
1202,mong,FIL,19184,
1202,makita,FIL,19185,
1202,na,FIL,19186,
1202,lubhang,FIL,19187,
1202,mahalaga,FIL,19188,
1202,ang,FIL,19189,
1202,gawain,FIL,19190,
1202,ng,FIL,19191,
1202,Diyos,FIL,19192,NE
1202,at,FIL,19193,
1202,karapat-dapat,FIL,19194,
1202,itong,FIL,19195,
1202,pahalagahan,FIL,19196,
1202,ng,FIL,19197,
1202,mga,FIL,19198,
1202,tao,FIL,19199,
1202,",",SYM,19200,
1202,na,FIL,19201,
1202,ang,FIL,19202,
1202,Diyos,FIL,19203,NE
1202,ay,FIL,19204,
1202,lubhang,FIL,19205,
1202,katangi-tangi,FIL,19206,
1202,at,FIL,19207,
1202,sagana,FIL,19208,
1202,;,SYM,19209,
1202,hindi,FIL,19210,
1202,lamang,FIL,19211,
1202,Siya,FIL,19212,
1202,nakapagsasalita,FIL,19213,
1202,",",SYM,19214,
1202,kundi,FIL,19215,
1202,nahahatulan,FIL,19216,
1202,din,FIL,19217,
1202,Niya,FIL,19218,
1202,ang,FIL,19219,
1202,mga,FIL,19220,
1202,tao,FIL,19221,
1202,",",SYM,19222,
1202,napipino,FIL,19223,
1202,ang,FIL,19224,
1202,kanilang,FIL,19225,
1202,puso,FIL,19226,
1202,",",SYM,19227,
1202,nadudulutan,FIL,19228,
1202,sila,FIL,19229,
1202,ng,FIL,19230,
1202,kagalakan,FIL,19231,
1202,",",SYM,19232,
1202,nakakamit,FIL,19233,
1202,sila,FIL,19234,
1202,",",SYM,19235,
1202,nalulupig,FIL,19236,
1202,sila,FIL,19237,
1202,",",SYM,19238,
1202,at,FIL,19239,
1202,nagagawa,FIL,19240,
1202,silang,FIL,19241,
1202,perpekto,FIL,19242,
1202,.,SYM,19243,
1203,Samantala,FIL,19244,
1203,",",SYM,19245,
1203,ipinakita,FIL,19246,
1203,ng,FIL,19247,
1203,datos,FIL,19248,
1203,ng,FIL,19249,
1203,DOST,FIL,19250,ABB
1203,na,FIL,19251,
1203,sa,FIL,19252,
1203,kasalukuyan,FIL,19253,
1203,",",SYM,19254,
1203,ang,FIL,19255,
1203,MRP,ENG,19256,ABB
1203,ay,FIL,19257,
1203,nagtagumpay,FIL,19258,
1203,sa,FIL,19259,
1203,pagtatatag,FIL,19260,
1203,ng,FIL,19261,
1203,kabuuang,FIL,19262,
1203,37,NUM,19263,
1203,food,ENG,19264,
1203,production,ENG,19265,
1203,facility,ENG,19266,
1203,sa,FIL,19267,
1203,17,NUM,19268,
1203,rehiyon,FIL,19269,
1203,at,FIL,19270,
1203,33,NUM,19271,
1203,probinsya,FIL,19272,
1203,sa,FIL,19273,
1203,bansa,FIL,19274,
1203,.,SYM,19275,
1204,I,ENG,19276,
1204,love,ENG,19277,
1204,you,ENG,19278,
1204,ser,ENG,19279,
1204,raffy,UNK,19280,NE
1204,the,ENG,19281,
1204,best,ENG,19282,
1204,ka,FIL,19283,
1204,sa,FIL,19284,
1204,amin,FIL,19285,
1204,mga,FIL,19286,
1204,ofw,ENG,19287,ABB
1204,ikaw,FIL,19288,
1204,nag,FIL,19289,
1204,iisang,FIL,19290,
1204,senador,FIL,19291,
1204,ko,FIL,19292,
1204,sampu,FIL,19293,
1204,ng,FIL,19294,
1204,family,ENG,19295,
1204,ko,FIL,19296,
1204,sa,FIL,19297,
1204,iloilo,UNK,19298,NE
1204,palangga,FIL,19299,
1204,ka,FIL,19300,
1204,gid,FIL,19301,
1204,naman,FIL,19302,
1204,watching,ENG,19303,
1204,Bahrain,UNK,19304,NE
1205,Hindi,FIL,19305,
1205,man,FIL,19306,
1205,kasingnipis,FIL,19307,
1205,ng,FIL,19308,
1205,katawan,FIL,19309,
1205,ng,FIL,19310,
1205,ibang,FIL,19311,
1205,mga,FIL,19312,
1205,star,ENG,19313,
1205,ang,FIL,19314,
1205,porma,FIL,19315,
1205,ng,FIL,19316,
1205,katawan,FIL,19317,
1205,ni,FIL,19318,
1205,KC,UNK,19319,"ABB,NE"
1205,",",SYM,19320,
1205,pero,FIL,19321,
1205,walang,FIL,19322,
1205,dudang,FIL,19323,
1205,kakaiba,FIL,19324,
1205,ang,FIL,19325,
1205,bagyong,FIL,19326,
1205,hatid,FIL,19327,
1205,ng,FIL,19328,
1205,kaseksihan,FIL,19329,
1205,nito,FIL,19330,
1205,.,SYM,19331,
1206,Kailangan,FIL,19332,
1206,mong,FIL,19333,
1206,maging,FIL,19334,
1206,ganito,FIL,19335,
1206,kataimtim,FIL,19336,
1206,tungkol,FIL,19337,
1206,sa,FIL,19338,
1206,mga,FIL,19339,
1206,bagay,FIL,19340,
1206,na,FIL,19341,
1206,iyong,FIL,19342,
1206,ginagawa,FIL,19343,
1206,",",SYM,19344,
1206,at,FIL,19345,
1206,masigasig,FIL,19346,
1206,na,FIL,19347,
1206,pakitunguhan,FIL,19348,
1206,ang,FIL,19349,
1206,iyong,FIL,19350,
1206,bawat,FIL,19351,
1206,salita,FIL,19352,
1206,at,FIL,19353,
1206,pagkilos,FIL,19354,
1206,.,SYM,19355,
1208,ang,FIL,19356,
1208,basura,FIL,19357,
1208,nung,FIL,19358,
1208,lalaki,FIL,19359,
1208,lol,UNK,19360,EXPR
1209,Ngayon,FIL,19361,
1209,",",SYM,19362,
1209,napakamot,FIL,19363,
1209,ulo,FIL,19364,
1209,na,FIL,19365,
1209,sa,FIL,19366,
1209,kamalasan,FIL,19367,
1209,ang,FIL,19368,
1209,mga,FIL,19369,
1209,farmers,ENG,19370,
1209,dahil,FIL,19371,
1209,sa,FIL,19372,
1209,importation,ENG,19373,
1209,.,SYM,19374,
1210,Ito,FIL,19375,
1210,ay,FIL,19376,
1210,tiyak,FIL,19377,
1210,",",SYM,19378,
1210,at,FIL,19379,
1210,hindi,FIL,19380,
1210,mapag-aalinlanganan,FIL,19381,
1210,.,SYM,19382,
1211,Dito,FIL,19383,
1211,nga,FIL,19384,
1211,sa,FIL,19385,
1211,abroad,ENG,19386,
1211,",",SYM,19387,
1211,pag,FIL,19388,
1211,gusto,FIL,19389,
1211,mag,FIL,19390,
1211,asawa,FIL,19391,
1211,ng,FIL,19392,
1211,foreigner,ENG,19393,
1211,kahit,FIL,19394,
1211,kasal,FIL,19395,
1211,sa,FIL,19396,
1211,pinas,FIL,19397,NE
1211,",",SYM,19398,
1211,kukuha,FIL,19399,
1211,lng,FIL,19400,ABB
1211,ng,FIL,19401,
1211,death,ENG,19402,
1211,certificate,ENG,19403,
1211,sa,FIL,19404,
1211,quiapo,UNK,19405,NE
1211,",",SYM,19406,
1211,papatayin,FIL,19407,
1211,yun,FIL,19408,
1211,pinoy,FIL,19409,
1211,na,FIL,19410,
1211,asawa,FIL,19411,
1211,kahit,FIL,19412,
1211,buhay,FIL,19413,
1211,pa,FIL,19414,
1211,.,SYM,19415,
1211,Tsk,UNK,19416,EXPR
1211,tsk,UNK,19417,EXPR
1211,tsk,UNK,19418,EXPR
1211,.,SYM,19419,
1212,Sa,FIL,19420,
1212,pag,FIL,19421,
1212,takbo,FIL,19422,
1212,ng,FIL,19423,
1212,kanyang,FIL,19424,
1212,ama,FIL,19425,
1212,sa,FIL,19426,
1212,paka,FIL,19427,
1212,vice,ENG,19428,
1212,president,ENG,19429,
1212,",",SYM,19430,
1212,Hindi,FIL,19431,
1212,sinuportahan,FIL,19432,
1212,ng,FIL,19433,
1212,Abs,ENG,19434,"ABB,NE"
1212,Cbn,ENG,19435,"ABB,NE"
1212,si,FIL,19436,
1212,Atienza,UNK,19437,NE
1212,.,SYM,19438,
1214,Ang,FIL,19439,
1214,.,SYM,19440,
1214,bait,FIL,19441,
1214,ng,FIL,19442,
1214,Mr,ENG,19443,ABB
1214,Kya,UNK,19444,NE
1214,kung,FIL,19445,
1214,ako,FIL,19446,
1214,c,FIL,19447,ABB
1214,Mr,ENG,19448,ABB
1214,Alagaan,FIL,19449,
1214,nlang,FIL,19450,ABB
1214,mga,FIL,19451,
1214,anak,FIL,19452,
1214,nia,FIL,19453,ABB
1214,.,SYM,19454,
1215,Anong,FIL,19455,
1215,laban,FIL,19456,
1215,ng,FIL,19457,
1215,isang,FIL,19458,
1215,bata,FIL,19459,
1215,sa,FIL,19460,
1215,isang,FIL,19461,
1215,armadong,FIL,19462,
1215,institusyon,FIL,19463,
1215,?,SYM,19464,
1216,Pero,FIL,19465,
1216,hindi,FIL,19466,
1216,sumakay,FIL,19467,
1216,ang,FIL,19468,
1216,ina,FIL,19469,
1216,",",SYM,19470,
1216,Hindi,FIL,19471,
1216,ako,FIL,19472,
1216,materyosong,FIL,19473,
1216,tao,FIL,19474,
1216,.,SYM,19475,
1217,tapikin,FIL,19476,
1217,natin,FIL,19477,
1217,ang,FIL,19478,
1217,mga,FIL,19479,
1217,balikat,FIL,19480,
1217,ng,FIL,19481,
1217,ating,FIL,19482,
1217,mga,FIL,19483,
1217,kakampi,FIL,19484,
1217,at,FIL,19485,
1217,ipaalala,FIL,19486,
1217,kung,FIL,19487,
1217,bakit,FIL,19488,
1217,tayo,FIL,19489,
1217,sumali,FIL,19490,
1217,sa,FIL,19491,
1217,krusada,FIL,19492,
1217,at,FIL,19493,
1217,dapat,FIL,19494,
1217,ipagpatuloy,FIL,19495,
1217,ang,FIL,19496,
1217,laban,FIL,19497,
1217,!,SYM,19498,
1218,Yun,FIL,19499,
1218,ang,FIL,19500,
1218,nagpagaan,FIL,19501,
1218,ng,FIL,19502,
1218,pandemic,ENG,19503,
1218,life,ENG,19504,
1218,ko,FIL,19505,
1218,",",SYM,19506,
1218,chika,FIL,19507,
1218,pa,FIL,19508,
1218,ni,FIL,19509,
1218,Dave,UNK,19510,NE
1218,na,FIL,19511,
1218,talaga,FIL,19512,
1218,namang,FIL,19513,
1218,hataw,FIL,19514,
1218,kung,FIL,19515,
1218,hataw,FIL,19516,
1218,sa,FIL,19517,
1218,kanyang,FIL,19518,
1218,mga,FIL,19519,
1218,dance,ENG,19520,
1218,videos,ENG,19521,
1218,sa,FIL,19522,
1218,TikTok,ENG,19523,NE
1218,.,SYM,19524,
1219,Huwag,FIL,19525,
1219,nang,FIL,19526,
1219,bigyan,FIL,19527,
1219,nang,FIL,19528,
1219,budget,ENG,19529,
1219,ang,FIL,19530,
1219,up,ENG,19531,"ABB,NE"
1219,school,ENG,19532,
1219,lahat,FIL,19533,
1219,para,FIL,19534,
1219,matuto,FIL,19535,
1219,at,FIL,19536,
1219,Palitan,FIL,19537,
1219,nang,FIL,19538,
1219,mga,FIL,19539,
1219,namahala,FIL,19540,
1219,dyan,FIL,19541,
1219,.,SYM,19542,
1220,Maibalik,FIL,19543,
1220,nyo,FIL,19544,
1220,ba,FIL,19545,
1220,buhay,FIL,19546,
1220,ng,FIL,19547,
1220,mga,FIL,19548,
1220,bata,FIL,19549,
1221,So,ENG,19550,
1221,ako,FIL,19551,
1221,diyan,FIL,19552,
1221,as,ENG,19553,
1221,a,ENG,19554,
1221,Senator,ENG,19555,
1221,",",SYM,19556,
1221,tutulong,FIL,19557,
1221,ako,FIL,19558,
1221,para,FIL,19559,
1221,sa,FIL,19560,
1221,ikaayos,FIL,19561,
1221,ng,FIL,19562,
1221,lahat,FIL,19563,
1221,",",SYM,19564,
1221,peace,ENG,19565,
1221,ang,FIL,19566,
1221,sagot,FIL,19567,
1221,ko,FIL,19568,
1221,",",SYM,19569,
1221,pahayag,FIL,19570,
1221,ni,FIL,19571,
1221,Go,UNK,19572,NE
1221,.,SYM,19573,
1223,Takot,FIL,19574,
1223,pa,FIL,19575,
1223,mahawakan,FIL,19576,
1223,ang,FIL,19577,
1223,cp,UNK,19578,ABB
1224,Sinoportahan,FIL,19579,
1224,din,FIL,19580,
1224,ni,FIL,19581,
1224,Go,UNK,19582,NE
1224,ang,FIL,19583,
1224,economic,ENG,19584,
1224,development,ENG,19585,
1224,ng,FIL,19586,
1224,Bataan,FIL,19587,NE
1224,tulad,FIL,19588,
1224,ng,FIL,19589,
1224,pagtatayo,FIL,19590,
1224,ng,FIL,19591,
1224,Orani,UNK,19592,NE
1224,District,ENG,19593,NE
1224,Hospital,ENG,19594,NE
1224,na,FIL,19595,
1224,may,FIL,19596,
1224,150-bed,UNK,19597,
1224,capacity,ENG,19598,
1224,sa,FIL,19599,
1224,Orani,UNK,19600,NE
1224,;,SYM,19601,
1224,rehabilitasyon,FIL,19602,
1224,ng,FIL,19603,
1224,mga,FIL,19604,
1224,ilog,FIL,19605,
1224,",",SYM,19606,
1224,pagpapatayo,FIL,19607,
1224,ng,FIL,19608,
1224,multi-purpose,ENG,19609,
1224,building,ENG,19610,
1224,sa,FIL,19611,
1224,Hermosa,UNK,19612,NE
1224,at,FIL,19613,
1224,maraming,FIL,19614,
1224,iba,FIL,19615,
1224,pa,FIL,19616,
1224,.,SYM,19617,
1224,Noong,FIL,19618,
1224,May,ENG,19619,NE
1224,18,NUM,19620,
1224,",",SYM,19621,
1224,si,FIL,19622,
1224,Go,UNK,19623,NE
1224,na,FIL,19624,
1224,advocate,ENG,19625,
1224,ng,FIL,19626,
1224,sports,ENG,19627,
1224,development,ENG,19628,
1224,ay,FIL,19629,
1224,binisita,FIL,19630,
1224,nito,FIL,19631,
1224,ang,FIL,19632,
1224,Bataan,FIL,19633,NE
1224,at,FIL,19634,
1224,dumalo,FIL,19635,
1224,sa,FIL,19636,
1224,lagdaan,FIL,19637,
1224,ng,FIL,19638,
1224,Deed,ENG,19639,NE
1224,of,ENG,19640,NE
1224,Donation,ENG,19641,NE
1224,para,FIL,19642,
1224,sa,FIL,19643,
1224,lupang,FIL,19644,
1224,pagtatayuan,FIL,19645,
1224,ng,FIL,19646,
1224,Philippine,ENG,19647,NE
1224,Sports,ENG,19648,NE
1224,Training,ENG,19649,NE
1224,Center,ENG,19650,NE
1224,sa,FIL,19651,
1224,Bagac,UNK,19652,NE
1224,",",SYM,19653,
1224,Bataan,FIL,19654,NE
1224,.,SYM,19655,
1226,Hindi,FIL,19656,
1226,naging,FIL,19657,
1226,mahirap,FIL,19658,
1226,ang,FIL,19659,
1226,pagpili,FIL,19660,
1226,kay,FIL,19661,
1226,Contis,UNK,19662,NE
1226,dahil,FIL,19663,
1226,nasa,FIL,19664,
1226,dugo,FIL,19665,
1226,niya,FIL,19666,
1226,ang,FIL,19667,
1226,pagiging,FIL,19668,
1226,oragon,FIL,19669,
1226,:,SYM,19670,
1226,ang,FIL,19671,
1226,mama,ENG,19672,
1226,niya,FIL,19673,
1226,ay,FIL,19674,
1226,certified,ENG,19675,
1226,at,FIL,19676,
1226,true,ENG,19677,
1226,blooded,ENG,19678,
1226,Bicolana,FIL,19679,NE
1226,.,SYM,19680,
1227,Kabilang,FIL,19681,
1227,sa,FIL,19682,
1227,itutulong,FIL,19683,
1227,ng,FIL,19684,
1227,UN,ENG,19685,"ABB,NE"
1227,ang,FIL,19686,
1227,health,ENG,19687,
1227,logistics,ENG,19688,
1227,",",SYM,19689,
1227,inuming,FIL,19690,
1227,tubig,FIL,19691,
1227,at,FIL,19692,
1227,sanitation,ENG,19693,
1227,facilities,ENG,19694,
1227,.,SYM,19695,
1229,Anong,FIL,19696,
1229,uri,FIL,19697,
1229,ng,FIL,19698,
1229,pag-ibig,FIL,19699,
1229,ang,FIL,19700,
1229,inyong,FIL,19701,
1229,pag-ibig,FIL,19702,
1229,sa,FIL,19703,
1229,Diyos,FIL,19704,NE
1229,?,SYM,19705,
1230,As,ENG,19706,
1230,usual,ENG,19707,
1230,",",SYM,19708,
1230,inuna,FIL,19709,
1230,na,FIL,19710,
1230,naman,FIL,19711,
1230,muna,FIL,19712,
1230,siyempre,FIL,19713,
1230,ang,FIL,19714,
1230,bulsa,FIL,19715,
1230,.,SYM,19716,
1231,Sinagot,FIL,19717,
1231,rin,FIL,19718,
1231,niya,FIL,19719,
1231,ang,FIL,19720,
1231,tanong,FIL,19721,
1231,kung,FIL,19722,
1231,handa,FIL,19723,
1231,na,FIL,19724,
1231,ba,FIL,19725,
1231,siyang,FIL,19726,
1231,isiwalat,FIL,19727,
1231,sa,FIL,19728,
1231,publiko,FIL,19729,
1231,kung,FIL,19730,
1231,sino,FIL,19731,
1231,ang,FIL,19732,
1231,ama,FIL,19733,
1231,ng,FIL,19734,
1231,kanyang,FIL,19735,
1231,dinadala,FIL,19736,
1231,.,SYM,19737,
1232,Kung,FIL,19738,
1232,matapang,FIL,19739,
1232,na,FIL,19740,
1232,hinarap,FIL,19741,
1232,ni,FIL,19742,
1232,Aquino,UNK,19743,NE
1232,ang,FIL,19744,
1232,mga,FIL,19745,
1232,Senador,FIL,19746,
1232,para,FIL,19747,
1232,ipaliwanag,FIL,19748,
1232,ang,FIL,19749,
1232,kanyang,FIL,19750,
1232,naging,FIL,19751,
1232,desisyon,FIL,19752,
1232,sa,FIL,19753,
1232,Dengvaxia,ENG,19754,NE
1232,",",SYM,19755,
1232,handa,FIL,19756,
1232,ba,FIL,19757,
1232,si,FIL,19758,
1232,Duterte,UNK,19759,NE
1232,na,FIL,19760,
1232,magtungo,FIL,19761,
1232,rin,FIL,19762,
1232,sa,FIL,19763,
1232,Senado,FIL,19764,NE
1232,para,FIL,19765,
1232,pakinggan,FIL,19766,
1232,ang,FIL,19767,
1232,kanyang,FIL,19768,
1232,panig,FIL,19769,
1232,sa,FIL,19770,
1232,mga,FIL,19771,
1232,overpriced,ENG,19772,
1232,na,FIL,19773,
1232,medical,ENG,19774,
1232,supplies,ENG,19775,
1232,?,SYM,19776,
1233,Carry,ENG,19777,
1233,me,ENG,19778,
1233,to,ENG,19779,
1233,freaking,ENG,19780,
1233,gold,ENG,19781,
1233,pls,ENG,19782,ABB
1233,charot,FIL,19783,
1233,gusto,FIL,19784,
1233,ko,FIL,19785,
1233,na,FIL,19786,
1233,bumalik,FIL,19787,
1233,ng,FIL,19788,
1233,iron,ENG,19789,
1233,",",SYM,19790,
1233,nakakatanga,FIL,19791,
1233,makipaglaban,FIL,19792,
1233,sa,FIL,19793,
1233,mga,FIL,19794,
1233,magagaling,FIL,19795,
1234,sana,FIL,19796,
1234,po,FIL,19797,
1234,mam,ENG,19798,ABB
1234,matulungan,FIL,19799,
1234,niyo,FIL,19800,
1234,din,FIL,19801,
1234,po,FIL,19802,
1234,ako,FIL,19803,
1234,para,FIL,19804,
1234,magka,FIL,19805,
1234,meron,FIL,19806,
1234,ng,FIL,19807,
1234,patungan,FIL,19808,
1234,ng,FIL,19809,
1234,masitera,FIL,19810,
1234,na,FIL,19811,
1234,paninda,FIL,19812,
1234,sa,FIL,19813,
1234,harapan,FIL,19814,
1234,lang,FIL,19815,
1234,po,FIL,19816,
1234,ng,FIL,19817,
1234,bahay,FIL,19818,
1235,wala,FIL,19819,
1235,ako,FIL,19820,
1235,maintindihan,FIL,19821,
1235,sa,FIL,19822,
1235,subj,ENG,19823,ABB
1235,ko,FIL,19824,
1235,now,ENG,19825,
1235,hsndsmns,UNK,19826,
1235,kausapin,FIL,19827,
1235,niyo,FIL,19828,
1235,lang,FIL,19829,
1235,ako,FIL,19830,
1235,here,ENG,19831,
1235,u,ENG,19832,ABB
1235,.,SYM,19833,
1235,u,ENG,19834,ABB
1236,Nguni't,FIL,19835,
1236,kung,FIL,19836,
1236,nagkukulang,FIL,19837,
1236,ng,FIL,19838,
1236,karunungan,FIL,19839,
1236,ang,FIL,19840,
1236,sinoman,FIL,19841,
1236,sa,FIL,19842,
1236,inyo,FIL,19843,
1236,",",SYM,19844,
1236,ay,FIL,19845,
1236,humingi,FIL,19846,
1236,sa,FIL,19847,
1236,Dios,FIL,19848,NE
1236,",",SYM,19849,
1236,na,FIL,19850,
1236,nagbibigay,FIL,19851,
1236,ng,FIL,19852,
1236,sagana,FIL,19853,
1236,sa,FIL,19854,
1236,lahat,FIL,19855,
1236,at,FIL,19856,
1236,hindi,FIL,19857,
1236,nanunumbat,FIL,19858,
1236,;,SYM,19859,
1236,at,FIL,19860,
1236,ito'y,FIL,19861,
1236,ibibigay,FIL,19862,
1236,sa,FIL,19863,
1236,kaniya,FIL,19864,
1236,.,SYM,19865,
1237,Valentina,UNK,19866,NE
1237,at,FIL,19867,
1237,Jane,UNK,19868,NE
1237,de,UNK,19869,NE
1237,Leon,UNK,19870,NE
1237,DAHIL,FIL,19871,
1237,sa,FIL,19872,
1237,sinulat,FIL,19873,
1237,namin,FIL,19874,
1237,dito,FIL,19875,
1237,sa,FIL,19876,
1237,BANDERA,FIL,19877,NE
1237,kahapon,FIL,19878,
1237,tungkol,FIL,19879,
1237,sa,FIL,19880,
1237,mga,FIL,19881,
1237,nag-audition,FIL,19882,
1237,sa,FIL,19883,
1237,karakter,FIL,19884,
1237,na,FIL,19885,
1237,Valentina,UNK,19886,NE
1237,",",SYM,19887,
1237,ang,FIL,19888,
1237,iconic,ENG,19889,
1237,kontrabida,FIL,19890,
1237,ni,FIL,19891,
1237,Darna,UNK,19892,NE
1237,ay,FIL,19893,
1237,kaliwat,FIL,19894,
1237,kanan,FIL,19895,
1237,ang,FIL,19896,
1237,natanggap,FIL,19897,
1237,naming,FIL,19898,
1237,tawag,FIL,19899,
1237,.,SYM,19900,
1238,Lol,UNK,19901,EXPR
1238,",",SYM,19902,
1238,mga,FIL,19903,
1238,pinoy,FIL,19904,
1238,nga,FIL,19905,
1238,nmn,FIL,19906,ABB
1238,pg,FIL,19907,ABB
1238,artista,FIL,19908,
1238,gumawa,FIL,19909,
1238,ng,FIL,19910,
1238,mali,FIL,19911,
1238,walng,FIL,19912,ABB
1238,pake,FIL,19913,
1238,",",SYM,19914,
1238,ipagtatanggol,FIL,19915,
1238,p,FIL,19916,ABB
1238,tpos,FIL,19917,ABB
1238,pg,FIL,19918,ABB
1238,wlng,FIL,19919,ABB
1238,ginawa,FIL,19920,
1238,ang,FIL,19921,
1238,mga,FIL,19922,
1238,pulis,FIL,19923,
1238,sisihinin,FIL,19924,
1238,nila,FIL,19925,
1238,pero,FIL,19926,
1238,pg,FIL,19927,ABB
1238,ginawa,FIL,19928,
1238,nmn,FIL,19929,ABB
1238,daming,FIL,19930,
1238,tutol,FIL,19931,
1238,mga,FIL,19932,
1238,pinoy,FIL,19933,
1238,tlg,FIL,19934,ABB
1238,npk,FIL,19935,ABB
1238,one,ENG,19936,
1238,sided,ENG,19937,
1238,ng,FIL,19938,
1238,utak,FIL,19939,
1238,.,SYM,19940,
1239,Yung,FIL,19941,
1239,babae,FIL,19942,
1239,na,FIL,19943,
1239,kasabay,FIL,19944,
1239,ko,FIL,19945,
1239,sa,FIL,19946,
1239,jeep,ENG,19947,
1239,na,FIL,19948,
1239,sinakyan,FIL,19949,
1239,ko,FIL,19950,
1239,",",SYM,19951,
1239,biglang,FIL,19952,
1239,hinablot,FIL,19953,
1239,ng,FIL,19954,
1239,lalaking,FIL,19955,
1239,lubak,FIL,19956,
1239,ang,FIL,19957,
1239,mukha,FIL,19958,
1239,at,FIL,19959,
1239,pAyat,UNK,19960,
1239,eh,FIL,19961,
1239,buti,FIL,19962,
1239,nga,FIL,19963,
1239,hindi,FIL,19964,
1239,nakuha,FIL,19965,
1239,yung,FIL,19966,
1239,phone,ENG,19967,
1239,sa,FIL,19968,
1239,babae,FIL,19969,
1239,.,SYM,19970,
1240,follow,ENG,19971,
1240,my,ENG,19972,
1240,rant,ENG,19973,
1240,account,ENG,19974,
1240,",",SYM,19975,
1240,nahihiya,FIL,19976,
1240,na,FIL,19977,
1240,ako,FIL,19978,
1240,sa,FIL,19979,
1240,mga,FIL,19980,
1240,followers,ENG,19981,
1240,ko,FIL,19982,
1240,dito,FIL,19983,
1242,Pwede,FIL,19984,
1242,bang,FIL,19985,
1242,mag,FIL,19986,
1242,stay,ENG,19987,
1242,nalang,FIL,19988,
1242,ako,FIL,19989,
1242,sa,FIL,19990,
1242,room,ENG,19991,
1242,ko,FIL,19992,
1242,tapos,FIL,19993,
1242,never,ENG,19994,
1242,ng,FIL,19995,
1242,lumabas,FIL,19996,
1242,?,SYM,19997,
1243,So,ENG,19998,
1243,",",SYM,19999,
1243,do,ENG,20000,
1243,u,ENG,20001,ABB
1243,guys,ENG,20002,
1243,prefer,ENG,20003,
1243,na,FIL,20004,
1243,manahimik,FIL,20005,
1243,na,FIL,20006,
1243,lang,FIL,20007,
1243,and,ENG,20008,
1243,let,ENG,20009,
1243,things,ENG,20010,
1243,be,ENG,20011,
1243,kahit,FIL,20012,
1243,sobra,FIL,20013,
1243,na,FIL,20014,
1243,ang,FIL,20015,
1243,mga,FIL,20016,
1243,nangyayari,FIL,20017,
1243,?,SYM,20018,
1245,Ito,FIL,20019,
1245,ang,FIL,20020,
1245,sana,FIL,20021,
1245,all,ENG,20022,
1245,beh,UNK,20023,EXPR
1245,HAHAHAHA,UNK,20024,EXPR
1246,Ayon,FIL,20025,
1246,kay,FIL,20026,
1246,Presidential,ENG,20027,
1246,Communications,ENG,20028,
1246,Undersecretary,ENG,20029,
1246,Joel,UNK,20030,NE
1246,Egco,UNK,20031,NE
1246,",",SYM,20032,
1246,isa,FIL,20033,
1246,sa,FIL,20034,
1246,mga,FIL,20035,
1246,tagapagsalita,FIL,20036,
1246,ng,FIL,20037,
1246,NTF-ELCAC,ENG,20038,"ABB,NE"
1246,",",SYM,20039,
1246,bukod,FIL,20040,
1246,sa,FIL,20041,
1246,mga,FIL,20042,
1246,national,ENG,20043,
1246,spokespersons,ENG,20044,
1246,",",SYM,20045,
1246,magkakaroon,FIL,20046,
1246,na,FIL,20047,
1246,rin,FIL,20048,
1246,sila,FIL,20049,
1246,ng,FIL,20050,
1246,tagapagsalita,FIL,20051,
1246,sa,FIL,20052,
1246,bawat,FIL,20053,
1246,rehiyon,FIL,20054,
1246,.,SYM,20055,
1247,Nakakakilig,FIL,20056,
1247,po,FIL,20057,
1247,kayong,FIL,20058,
1247,magkasama,FIL,20059,
1247,.,SYM,20060,
1248,Patuloy,FIL,20061,
1248,na,FIL,20062,
1248,tumatanaw,FIL,20063,
1248,ng,FIL,20064,
1248,utang,FIL,20065,
1248,na,FIL,20066,
1248,loob,FIL,20067,
1248,si,FIL,20068,
1248,Senador,FIL,20069,
1248,Ronald,UNK,20070,NE
1248,Bato,UNK,20071,NE
1248,dela,UNK,20072,NE
1248,Rosa,UNK,20073,NE
1248,kay,FIL,20074,
1248,Pangulong,FIL,20075,
1248,Rodrigo,UNK,20076,NE
1248,Duterte,UNK,20077,NE
1248,na,FIL,20078,
1248,ayon,FIL,20079,
1248,sa,FIL,20080,
1248,kanya,FIL,20081,
1248,ay,FIL,20082,
1248,siyang,FIL,20083,
1248,dahilan,FIL,20084,
1248,kung,FIL,20085,
1248,bakit,FIL,20086,
1248,siya,FIL,20087,
1248,naluklok,FIL,20088,
1248,sa,FIL,20089,
1248,kasalukuyang,FIL,20090,
1248,puwesto,FIL,20091,
1248,.,SYM,20092,
1249,Di,FIL,20093,
1249,ko,FIL,20094,
1249,na,FIL,20095,
1249,kinakaya,FIL,20096,
1249,ang,FIL,20097,
1249,mangyayari,FIL,20098,
1249,sa,FIL,20099,
1249,last,ENG,20100,
1249,episode,ENG,20101,
1249,bukas,FIL,20102,
1249,.,SYM,20103,
1250,Akala,FIL,20104,
1250,kasi,FIL,20105,
1250,ng,FIL,20106,
1250,cai,UNK,20107,NE
1250,mawawala,FIL,20108,
1250,lahat,FIL,20109,
1250,ng,FIL,20110,
1250,luho,FIL,20111,
1250,niya,FIL,20112,
1250,!,SYM,20113,
1251,Marami,FIL,20114,
1251,ang,FIL,20115,
1251,natawa,FIL,20116,
1251,sa,FIL,20117,
1251,latest,ENG,20118,
1251,vlog,ENG,20119,
1251,ng,FIL,20120,
1251,mga,FIL,20121,
1251,magulang,FIL,20122,
1251,ng,FIL,20123,
1251,Gonzaga,UNK,20124,NE
1251,sisters,ENG,20125,
1251,na,FIL,20126,
1251,sina,FIL,20127,
1251,Mommy,UNK,20128,NE
1251,Pinty,UNK,20129,NE
1251,at,FIL,20130,
1251,Daddy,UNK,20131,NE
1251,Bonoy,UNK,20132,NE
1251,.,SYM,20133,
1252,sakit,FIL,20134,
1252,sa,FIL,20135,
1252,balat,FIL,20136,
1252,ang,FIL,20137,
1252,init,FIL,20138,
1252,kahit,FIL,20139,
1252,naka,FIL,20140,
1252,bike,ENG,20141,
1252,na,FIL,20142,
1253,Nakita,FIL,20143,
1253,ang,FIL,20144,
1253,significant,ENG,20145,
1253,decline,ENG,20146,
1253,ng,FIL,20147,
1253,vaccination,ENG,20148,
1253,sa,FIL,20149,
1253,bansa,FIL,20150,
1253,matapos,FIL,20151,
1253,ang,FIL,20152,
1253,kontrobersiyang,FIL,20153,
1253,inabot,FIL,20154,
1253,ng,FIL,20155,
1253,Dengvaxia,UNK,20156,NE
1253,",",SYM,20157,
1253,ayon,FIL,20158,
1253,sa,FIL,20159,
1253,lumabas,FIL,20160,
1253,na,FIL,20161,
1253,resulta,FIL,20162,
1253,ng,FIL,20163,
1253,isang,FIL,20164,
1253,pag-aaral,FIL,20165,
1253,mula,FIL,20166,
1253,University,ENG,20167,NE
1253,of,ENG,20168,NE
1253,the,ENG,20169,NE
1253,Philippines,ENG,20170,NE
1253,(,SYM,20171,
1253,UP,ENG,20172,"ABB,NE"
1253,),SYM,20173,
1253,-,SYM,20174,
1253,Diliman,FIL,20175,NE
1253,College,ENG,20176,NE
1253,of,ENG,20177,NE
1253,Mass,ENG,20178,NE
1253,Communication,ENG,20179,NE
1253,.,SYM,20180,
1254,Ano,FIL,20181,
1254,bayan,FIL,20182,
1254,Walang,FIL,20183,
1254,Tao,FIL,20184,
1254,umuwi,FIL,20185,
1254,na,FIL,20186,
1254,kayo,FIL,20187,
1256,Auto,ENG,20188,
1256,ban,ENG,20189,
1256,na,FIL,20190,
1256,ng,FIL,20191,
1256,lance,UNK,20192,NE
1256,makakalaban,FIL,20193,
1256,ng,FIL,20194,
1256,bren,UNK,20195,NE
1257,Bat,FIL,20196,
1257,pa,FIL,20197,
1257,aq,FIL,20198,
1257,mag-aaral,FIL,20199,
1257,kung,FIL,20200,
1257,ang,FIL,20201,
1257,pangarap,FIL,20202,
1257,q,FIL,20203,
1257,lng,FIL,20204,
1257,din,FIL,20205,
1257,naman,FIL,20206,
1257,ay,FIL,20207,
1257,maging,FIL,20208,
1257,langgam,FIL,20209,
1258,Nagbuga,FIL,20210,
1258,rin,FIL,20211,
1258,ang,FIL,20212,
1258,bulkan,FIL,20213,
1258,ng,FIL,20214,
1258,sulfur,ENG,20215,
1258,dioxide,ENG,20216,
1258,na,FIL,20217,
1258,9,NUM,20218,
1258,",",SYM,20219,
1258,123,NUM,20220,
1258,tonelada,FIL,20221,
1258,kada,FIL,20222,
1258,araw,FIL,20223,
1258,noong,FIL,20224,
1258,Abril,FIL,20225,NE
1258,30,NUM,20226,
1258,.,SYM,20227,
1260,Pwede,FIL,20228,
1260,naman,FIL,20229,
1260,kayong,FIL,20230,
1260,manood,FIL,20231,
1260,",",SYM,20232,
1260,pero,FIL,20233,
1260,yung,FIL,20234,
1260,hiwa-hiwalay,FIL,20235,
1260,lang,FIL,20236,
1260,at,FIL,20237,
1260,bilang,FIL,20238,
1260,ang,FIL,20239,
1260,mga,FIL,20240,
1260,tao,FIL,20241,
1260,kung,FIL,20242,
1260,hanggang,FIL,20243,
1260,ilan,FIL,20244,
1260,lang,FIL,20245,
1260,.,SYM,20246,
1261,Ilang,FIL,20247,
1261,beses,FIL,20248,
1261,ko,FIL,20249,
1261,na,FIL,20250,
1261,sinabi,FIL,20251,
1261,sa,FIL,20252,
1261,inyo,FIL,20253,
1261,na,FIL,20254,
1261,tigilan,FIL,20255,
1261,nyo,FIL,20256,
1261,kakaganyan,FIL,20257,
1261,nyo,FIL,20258,
1261,dahil,FIL,20259,
1261,ako,FIL,20260,
1261,nanaman,FIL,20261,
1261,ang,FIL,20262,
1261,nadadamay,FIL,20263,
1261,at,FIL,20264,
1261,pangalan,FIL,20265,
1261,ko,FIL,20266,
1261,.,SYM,20267,
1262,Sobra,FIL,20268,
1262,ang,FIL,20269,
1262,pangloloko,FIL,20270,
1262,ng,FIL,20271,
1262,babainv,UNK,20272,
1262,iyan,FIL,20273,
1265,Pinag-usapan,FIL,20274,
1265,namin,FIL,20275,
1265,kamakailan,FIL,20276,
1265,lang,FIL,20277,
1265,",",SYM,20278,
1265,sabi,FIL,20279,
1265,ko,FIL,20280,
1265,wala,FIL,20281,
1265,ka,FIL,20282,
1265,bang,FIL,20283,
1265,balak,FIL,20284,
1265,mag-adopt,FIL,20285,
1265,halimbawang,FIL,20286,
1265,na-establish,FIL,20287,
1265,ko,FIL,20288,
1265,na,FIL,20289,
1265,ang,FIL,20290,
1265,buhay,FIL,20291,
1265,natin,FIL,20292,
1265,maayos,FIL,20293,
1265,na,FIL,20294,
1265,may,FIL,20295,
1265,ipon,FIL,20296,
1265,na,FIL,20297,
1265,at,FIL,20298,
1265,puwedeng,FIL,20299,
1265,hindi,FIL,20300,
1265,na,FIL,20301,
1265,mag-trabaho,FIL,20302,
1265,.,SYM,20303,
1266,Kaya,FIL,20304,
1266,niyo,FIL,20305,
1266,yan,FIL,20306,
1266,",",SYM,20307,
1266,si,FIL,20308,
1266,Jah,UNK,20309,NE
1266,nga,FIL,20310,
1266,pinagsabay,FIL,20311,
1266,ang,FIL,20312,
1266,studies,ENG,20313,
1266,at,FIL,20314,
1266,pag,FIL,20315,
1266,aaral,FIL,20316,
1266,eh,UNK,20317,EXPR
1266,.,SYM,20318,
1267,Kinilala,FIL,20319,
1267,rin,FIL,20320,
1267,na,FIL,20321,
1267,Fight,ENG,20322,NE
1267,of,ENG,20323,NE
1267,the,ENG,20324,NE
1267,Year,ENG,20325,NE
1267,ang,FIL,20326,
1267,kanilang,FIL,20327,
1267,bakbakan,FIL,20328,
1267,dahil,FIL,20329,
1267,sa,FIL,20330,
1267,ganda,FIL,20331,
1267,at,FIL,20332,
1267,tagisan,FIL,20333,
1267,ng,FIL,20334,
1267,palitan,FIL,20335,
1267,nila,FIL,20336,
1267,ng,FIL,20337,
1267,kamao,FIL,20338,
1267,.,SYM,20339,
1268,Umaastang,FIL,20340,
1268,ikaw,FIL,20341,
1268,ang,FIL,20342,
1268,biktema,FIL,20343,
1268,?,SYM,20344,
1269,Sinuspinde,FIL,20345,
1269,ng,FIL,20346,
1269,Philippine,ENG,20347,NE
1269,Basketball,ENG,20348,NE
1269,Association,ENG,20349,NE
1269,(,SYM,20350,
1269,PBA,ENG,20351,"ABB,NE"
1269,),SYM,20352,
1269,ang,FIL,20353,
1269,lahat,FIL,20354,
1269,ng,FIL,20355,
1269,itinakdang,FIL,20356,
1269,laro,FIL,20357,
1269,ngayong,FIL,20358,
1269,linggo,FIL,20359,
1269,.,SYM,20360,
1270,Imaginine,FIL,20361,
1270,nyo,FIL,20362,
1270,",",SYM,20363,
1270,saan,FIL,20364,
1270,ko,FIL,20365,
1270,ilalagay,FIL,20366,
1270,ang,FIL,20367,
1270,300,NUM,20368,
1270,patients,ENG,20369,
1270,na,FIL,20370,
1270,yan,FIL,20371,
1270,?,SYM,20372,
1271,sa,FIL,20373,
1271,ig,ENG,20374,"ABB,NE"
1271,nalang,FIL,20375,
1271,kayo,FIL,20376,
1271,maglive,FIL,20377,
1271,charot,FIL,20378,
1272,Ang,FIL,20379,
1272,may,FIL,20380,
1272,mga,FIL,20381,
1272,sakit,FIL,20382,
1272,pipilitin,FIL,20383,
1272,nlng,FIL,20384,ABB
1272,bakunahan,FIL,20385,
1272,",",SYM,20386,
1272,palibhasa,FIL,20387,
1272,",",SYM,20388,
1272,walang,FIL,20389,
1272,halaga,FIL,20390,
1272,ang,FIL,20391,
1272,buhay,FIL,20392,
1272,ng,FIL,20393,
1272,tao,FIL,20394,
1272,sa,FIL,20395,
1272,governong,FIL,20396,
1272,ito,FIL,20397,
1274,Kung,FIL,20398,
1274,magkakaisa,FIL,20399,
1274,ang,FIL,20400,
1274,pwersa,FIL,20401,
1274,ni,FIL,20402,
1274,BBM,UNK,20403,"ABB,NE"
1274,at,FIL,20404,
1274,PRRD,UNK,20405,"ABB,NE"
1274,sa,FIL,20406,
1274,2022,NUM,20407,
1274,aasahan,FIL,20408,
1274,natin,FIL,20409,
1274,na,FIL,20410,
1274,magaganap,FIL,20411,
1274,ang,FIL,20412,
1274,ating,FIL,20413,
1274,pinapangarap,FIL,20414,
1274,sa,FIL,20415,
1274,ating,FIL,20416,
1274,Bansa,FIL,20417,NE
1274,.,SYM,20418,
1275,Lahat,FIL,20419,
1275,ng,FIL,20420,
1275,mga,FIL,20421,
1275,umiiral,FIL,20422,
1275,na,FIL,20423,
1275,programa,FIL,20424,
1275,",",SYM,20425,
1275,proyekto,FIL,20426,
1275,at,FIL,20427,
1275,interbensyon,FIL,20428,
1275,ng,FIL,20429,
1275,gobyerno,FIL,20430,
1275,",",SYM,20431,
1275,sampu,FIL,20432,
1275,ng,FIL,20433,
1275,mga,FIL,20434,
1275,susunod,FIL,20435,
1275,pang,FIL,20436,
1275,mga,FIL,20437,
1275,gawaing,FIL,20438,
1275,pantugon,FIL,20439,
1275,sa,FIL,20440,
1275,problemang,FIL,20441,
1275,ito,FIL,20442,
1275,ay,FIL,20443,
1275,nakaangkla,FIL,20444,
1275,sa,FIL,20445,
1275,ilulunsad,FIL,20446,
1275,nating,FIL,20447,
1275,National,ENG,20448,NE
1275,Food,ENG,20449,NE
1275,Policy,ENG,20450,NE
1275,sa,FIL,20451,
1275,mga,FIL,20452,
1275,susunod,FIL,20453,
1275,na,FIL,20454,
1275,linggo,FIL,20455,
1275,.,SYM,20456,
1276,gusto,FIL,20457,
1276,ko,FIL,20458,
1276,maglaro,FIL,20459,
1276,ng,FIL,20460,
1276,sungka,FIL,20461,
1277,pede,FIL,20462,
1277,bang,FIL,20463,
1277,umalis,FIL,20464,
1277,kayo,FIL,20465,
1277,sa,FIL,20466,
1277,isip,FIL,20467,
1277,ko,FIL,20468,
1277,kahit,FIL,20469,
1277,isang,FIL,20470,
1277,araw,FIL,20471,
1277,lang,FIL,20472,
1277,?,SYM,20473,
1278,Kapakanan,FIL,20474,
1278,muna,FIL,20475,
1278,ng,FIL,20476,
1278,students,ENG,20477,
1278,unahin,FIL,20478,
1278,niyo,FIL,20479,
1278,!,SYM,20480,
1279,Looking,ENG,20481,
1279,for,ENG,20482,
1279,a,ENG,20483,
1279,place,ENG,20484,
1279,to,ENG,20485,
1279,hangout,ENG,20486,
1279,and,ENG,20487,
1279,pwede,FIL,20488,
1279,mangapitbahay,FIL,20489,
1279,at,FIL,20490,
1279,makinuod,FIL,20491,
1279,hahaha,UNK,20492,EXPR
1279,bored,ENG,20493,
1279,lang,FIL,20494,
1279,ako,FIL,20495,
1279,sa,FIL,20496,
1279,bahay,FIL,20497,
1279,and,ENG,20498,
1279,ayoko,FIL,20499,
1279,ng,FIL,20500,
1279,mga,FIL,20501,
1279,kasama,FIL,20502,
1279,ko,FIL,20503,
1279,so,ENG,20504,
1279,?,SYM,20505,
1280,atlis,FIL,20506,
1280,may,FIL,20507,
1280,mga,FIL,20508,
1280,pusa,FIL,20509,
1280,pa,FIL,20510,
1280,akong,FIL,20511,
1280,kasama,FIL,20512,
1280,haha,UNK,20513,EXPR
1280,meoww,UNK,20514,EXPR
1281,Baka,FIL,20515,
1281,yan,FIL,20516,
1281,pa,FIL,20517,
1281,ang,FIL,20518,
1281,ikamatay,FIL,20519,
1281,ko,FIL,20520,
1282,Ito,FIL,20521,
1282,ang,FIL,20522,
1282,iniregalo,FIL,20523,
1282,ng,FIL,20524,
1282,isa,FIL,20525,
1282,sa,FIL,20526,
1282,mga,FIL,20527,
1282,may-ari,FIL,20528,
1282,ng,FIL,20529,
1282,cake,ENG,20530,
1282,shop,ENG,20531,
1282,na,FIL,20532,
1282,si,FIL,20533,
1282,Gretchen,UNK,20534,NE
1282,Rafael,UNK,20535,NE
1282,Ledesma,UNK,20536,NE
1282,sa,FIL,20537,
1282,kanyang,FIL,20538,
1282,partner,ENG,20539,
1282,na,FIL,20540,
1282,si,FIL,20541,
1282,Dareen,UNK,20542,NE
1282,Travilla,UNK,20543,NE
1282,na,FIL,20544,
1282,palaging,FIL,20545,
1282,sumasakit,FIL,20546,
1282,ang,FIL,20547,
1282,katawan,FIL,20548,
1282,at,FIL,20549,
1282,mahilig,FIL,20550,
1282,magpahid,FIL,20551,
1282,ng,FIL,20552,
1282,mga,FIL,20553,
1282,pain,ENG,20554,
1282,reliever,ENG,20555,
1282,.,SYM,20556,
1284,Ang,FIL,20557,
1284,mga,FIL,20558,
1284,paunang,FIL,20559,
1284,ulat,FIL,20560,
1284,ay,FIL,20561,
1284,nagpapahiwatig,FIL,20562,
1284,na,FIL,20563,
1284,ang,FIL,20564,
1284,helikopter,FIL,20565,
1284,ay,FIL,20566,
1284,nag-crash,FIL,20567,
1284,sa,FIL,20568,
1284,mga,FIL,20569,
1284,burol,FIL,20570,
1284,sa,FIL,20571,
1284,itaas,FIL,20572,
1284,ng,FIL,20573,
1284,Calabasas,UNK,20574,NE
1284,sa,FIL,20575,
1284,mabibigat,FIL,20576,
1284,na,FIL,20577,
1284,ulap,FIL,20578,
1284,.,SYM,20579,
1285,Bakit,FIL,20580,
1285,tumatayo,FIL,20581,
1285,mga,FIL,20582,
1285,kalaban,FIL,20583,
1285,nila,FIL,20584,
1285,ndi,FIL,20585,ABB
1285,nauubos,FIL,20586,
1286,Di,FIL,20587,
1286,ganun,FIL,20588,
1286,ang,FIL,20589,
1286,bonding,ENG,20590,
1286,hahahahaha,UNK,20591,EXPR
1287,Ang,FIL,20592,
1287,Pangit,FIL,20593,
1287,naman,FIL,20594,
1287,ng,FIL,20595,
1287,Pulis,FIL,20596,
1287,Babaero,FIL,20597,
1287,pa,FIL,20598,
1287,ano,FIL,20599,
1287,ba,FIL,20600,
1287,yan,FIL,20601,
1287,pinag,FIL,20602,
1287,aawayan,FIL,20603,
1287,ang,FIL,20604,
1287,Chonggo,UNK,20605,
1288,kung,FIL,20606,
1288,sino,FIL,20607,
1288,man,FIL,20608,
1288,ang,FIL,20609,
1288,may,FIL,20610,
1288,pake,FIL,20611,
1289,Hindi,FIL,20612,
1289,ito,FIL,20613,
1289,natagpuan,FIL,20614,
1289,at,FIL,20615,
1289,nanatiling,FIL,20616,
1289,pugante,FIL,20617,
1289,sa,FIL,20618,
1289,loob,FIL,20619,
1289,ng,FIL,20620,
1289,39-taon,NUM,20621,
1289,.,SYM,20622,
1290,Ang,FIL,20623,
1290,dami,FIL,20624,
1290,ko,FIL,20625,
1290,nakain,FIL,20626,
1290,jusko,UNK,20627,EXPR
1290,!,SYM,20628,
1291,Na,FIL,20629,
1291,kesyo,FIL,20630,
1291,pareho,FIL,20631,
1291,raw,FIL,20632,
1291,maelya,FIL,20633,
1291,ang,FIL,20634,
1291,dalawa,FIL,20635,
1291,",",SYM,20636,
1291,na,FIL,20637,
1291,kesyo,FIL,20638,
1291,si,FIL,20639,
1291,Ellen,UNK,20640,NE
1291,ay,FIL,20641,
1291,sabik,FIL,20642,
1291,sa,FIL,20643,
1291,romansa,FIL,20644,
1291,ni,FIL,20645,
1291,Derek,UNK,20646,NE
1291,",",SYM,20647,
1291,na,FIL,20648,
1291,kesyo,FIL,20649,
1291,si,FIL,20650,
1291,Derek,UNK,20651,NE
1291,daw,FIL,20652,
1291,ay,FIL,20653,
1291,takam,FIL,20654,
1291,na,FIL,20655,
1291,takam,FIL,20656,
1291,naman,FIL,20657,
1291,sa,FIL,20658,
1291,alindog,FIL,20659,
1291,ni,FIL,20660,
1291,Ellen,UNK,20661,NE
1291,.,SYM,20662,
1294,At,FIL,20663,
1294,saka,FIL,20664,
1294,ang,FIL,20665,
1294,lahat,FIL,20666,
1294,ng,FIL,20667,
1294,Aking,FIL,20668,
1294,mga,FIL,20669,
1294,sinabi,FIL,20670,
1294,at,FIL,20671,
1294,ibinahagi,FIL,20672,
1294,ay,FIL,20673,
1294,hindi,FIL,20674,
1294,tulad,FIL,20675,
1294,ng,FIL,20676,
1294,sa,FIL,20677,
1294,kanino,FIL,20678,
1294,man,FIL,20679,
1294,",",SYM,20680,
1294,at,FIL,20681,
1294,hindi,FIL,20682,
1294,pa,FIL,20683,
1294,nasasabi,FIL,20684,
1294,ninuman,FIL,20685,
1294,.,SYM,20686,
1295,Tigil,FIL,20687,
1295,face-to-face,ENG,20688,
1295,class,ENG,20689,
1295,Hindi,FIL,20690,
1295,na,FIL,20691,
1295,rin,FIL,20692,
1295,pinayagan,FIL,20693,
1295,ni,FIL,20694,
1295,Pangulong,FIL,20695,
1295,Duterte,UNK,20696,NE
1295,ang,FIL,20697,
1295,face,ENG,20698,
1295,to,ENG,20699,
1295,face,ENG,20700,
1295,classes,ENG,20701,
1295,kaya,FIL,20702,
1295,nabuo,FIL,20703,
1295,ng,FIL,20704,
1295,Department,ENG,20705,NE
1295,of,ENG,20706,
1295,Education,ENG,20707,NE
1295,ang,FIL,20708,
1295,online,ENG,20709,
1295,at,FIL,20710,
1295,modular,ENG,20711,
1295,learning,ENG,20712,
1295,method,ENG,20713,
1295,para,FIL,20714,
1295,masiguro,FIL,20715,
1295,ang,FIL,20716,
1295,kaligtasan,FIL,20717,
1295,ng,FIL,20718,
1295,lahat,FIL,20719,
1295,ng,FIL,20720,
1295,mga,FIL,20721,
1295,estudyante,FIL,20722,
1295,sa,FIL,20723,
1295,bansa,FIL,20724,
1295,.,SYM,20725,
1296,Kaya,FIL,20726,
1296,ang,FIL,20727,
1296,payo,FIL,20728,
1296,nila,FIL,20729,
1296,sa,FIL,20730,
1296,mga,FIL,20731,
1296,follower,ENG,20732,
1296,nila,FIL,20733,
1296,sa,FIL,20734,
1296,YouTube,ENG,20735,NE
1296,",",SYM,20736,
1296,palaging,FIL,20737,
1296,magsuot,FIL,20738,
1296,ng,FIL,20739,
1296,face,ENG,20740,
1296,mask,ENG,20741,
1296,",",SYM,20742,
1296,face,ENG,20743,
1296,shield,ENG,20744,
1296,",",SYM,20745,
1296,at,FIL,20746,
1296,maghugas,FIL,20747,
1296,ng,FIL,20748,
1296,kamay,FIL,20749,
1296,",",SYM,20750,
1296,at,FIL,20751,
1296,huwag,FIL,20752,
1296,dumikit,FIL,20753,
1296,sa,FIL,20754,
1296,mga,FIL,20755,
1296,tao,FIL,20756,
1296,.,SYM,20757,
1297,Ang,FIL,20758,
1297,galing,FIL,20759,
1297,po,FIL,20760,
1297,nyu,FIL,20761,
1297,mag,FIL,20762,
1297,kwento,FIL,20763,
1297,at,FIL,20764,
1297,mag,FIL,20765,
1297,search,ENG,20766,
1297,.,SYM,20767,
1297,Napaka,FIL,20768,
1297,linaw,FIL,20769,
1297,ng,FIL,20770,
1297,pagpapaliwanag,FIL,20771,
1297,nyu,FIL,20772,
1297,.,SYM,20773,
1299,Ang,FIL,20774,
1299,Camiguin,FIL,20775,NE
1299,ay,FIL,20776,
1299,isang,FIL,20777,
1299,maliit,FIL,20778,
1299,na,FIL,20779,
1299,pulong,FIL,20780,
1299,.,SYM,20781,
1300,Ang,FIL,20782,
1300,pagnanakaw,FIL,20783,
1300,umano,FIL,20784,
1300,ng,FIL,20785,
1300,motorsiklo,FIL,20786,
1300,ay,FIL,20787,
1300,may,FIL,20788,
1300,pinakamalaking,FIL,20789,
1300,binaba,FIL,20790,
1300,",",SYM,20791,
1300,mula,FIL,20792,
1300,2,NUM,20793,
1300,",",SYM,20794,
1300,210,NUM,20795,
1300,kaso,FIL,20796,
1300,patungo,FIL,20797,
1300,sa,FIL,20798,
1300,786,NUM,20799,
1300,.,SYM,20800,
1301,Patayin,FIL,20801,
1301,mga,FIL,20802,
1301,pulis,FIL,20803,
1301,na,FIL,20804,
1301,yan,FIL,20805,
1301,",",SYM,20806,
1301,salot,FIL,20807,
1301,.,SYM,20808,
1302,Kong,FIL,20809,
1302,ipakulong,FIL,20810,
1302,mo,FIL,20811,
1302,LAHAT,FIL,20812,
1302,ng,FIL,20813,
1302,kawatan,FIL,20814,
1302,SA,FIL,20815,
1302,gobyerno,FIL,20816,
1302,mauubos,FIL,20817,
1302,ang,FIL,20818,
1302,senador,FIL,20819,
1302,at,FIL,20820,
1302,congressman,ENG,20821,
1302,",",SYM,20822,
1302,papayag,FIL,20823,
1302,ba,FIL,20824,
1302,silang,FIL,20825,
1302,makulong,FIL,20826,
1302,",",SYM,20827,
1302,gusto,FIL,20828,
1302,molang,FIL,20829,
1302,mauto,FIL,20830,
1302,ang,FIL,20831,
1302,taong,FIL,20832,
1302,bayan,FIL,20833,
1302,",",SYM,20834,
1302,HND,FIL,20835,ABB
1302,nyo,FIL,20836,
1302,maluluko,FIL,20837,
1302,ang,FIL,20838,
1302,taong,FIL,20839,
1302,bayan,FIL,20840,
1303,ang,FIL,20841,
1303,hirap,FIL,20842,
1303,maging,FIL,20843,
1303,socially-drained,ENG,20844,
1303,",",SYM,20845,
1303,naaapektuhan,FIL,20846,
1303,ko,FIL,20847,
1303,mga,FIL,20848,
1303,tao,FIL,20849,
1303,sa,FIL,20850,
1303,paligid,FIL,20851,
1303,ko,FIL,20852,
1304,May,FIL,20853,
1304,"""",SYM,20854,
1304,S,UNK,20855,NE
1304,"""",SYM,20856,
1304,sa,FIL,20857,
1304,pangalan,FIL,20858,
1304,ko,FIL,20859,
1304,?,SYM,20860,
1305,Ang,FIL,20861,
1305,antokin,FIL,20862,
1305,ko,FIL,20863,
1305,ngayong,FIL,20864,
1305,araw,FIL,20865,
1305,mygaaddd,UNK,20866,EXPR
1305,!,SYM,20867,
1306,Sinasabi,FIL,20868,
1306,ng,FIL,20869,
1306,ibang,FIL,20870,
1306,tao,FIL,20871,
1306,",",SYM,20872,
1306,Napakaraming,FIL,20873,
1306,ginawa,FIL,20874,
1306,ni,FIL,20875,
1306,Pablo,UNK,20876,NE
1306,para,FIL,20877,
1306,sa,FIL,20878,
1306,Diyos,FIL,20879,NE
1306,",",SYM,20880,
1306,bakit,FIL,20881,
1306,hindi,FIL,20882,
1306,siya,FIL,20883,
1306,naalaala,FIL,20884,
1306,ng,FIL,20885,
1306,Diyos,FIL,20886,NE
1306,?,SYM,20887,
1307,Naging,FIL,20888,
1307,masaklap,FIL,20889,
1307,naman,FIL,20890,
1307,para,FIL,20891,
1307,sa,FIL,20892,
1307,Golden,ENG,20893,NE
1307,Stags,ENG,20894,NE
1307,ang,FIL,20895,
1307,nakuhang,FIL,20896,
1307,pagkatalo,FIL,20897,
1307,nang,FIL,20898,
1307,bumagsak,FIL,20899,
1307,sila,FIL,20900,
1307,sa,FIL,20901,
1307,3-6,NUM,20902,
1307,kartada,FIL,20903,
1307,para,FIL,20904,
1307,sa,FIL,20905,
1307,huli,FIL,20906,
1307,nilang,FIL,20907,
1307,laro,FIL,20908,
1307,sa,FIL,20909,
1307,elimination,ENG,20910,
1307,round,ENG,20911,
1307,at,FIL,20912,
1307,tuluyan,FIL,20913,
1307,na,FIL,20914,
1307,silang,FIL,20915,
1307,matanggal,FIL,20916,
1307,sa,FIL,20917,
1307,play-in,ENG,20918,
1307,stage,ENG,20919,
1307,",",SYM,20920,
1307,base,ENG,20921,
1307,sa,FIL,20922,
1307,quotient,ENG,20923,
1307,system,ENG,20924,
1307,.,SYM,20925,
1308,Ang,FIL,20926,
1308,pangalan,FIL,20927,
1308,niya,FIL,20928,
1308,ay,FIL,20929,
1308,Aurora,UNK,20930,NE
1308,at,FIL,20931,
1308,mukhang,FIL,20932,
1308,siya,FIL,20933,
1308,ang,FIL,20934,
1308,anak,FIL,20935,
1308,ng,FIL,20936,
1308,karakter,FIL,20937,
1308,na,FIL,20938,
1308,si,FIL,20939,
1308,Don,UNK,20940,NE
1308,Ignacio,UNK,20941,NE
1308,",",SYM,20942,
1308,na,FIL,20943,
1308,ginagampanan,FIL,20944,
1308,naman,FIL,20945,
1308,ni,FIL,20946,
1308,Tommy,UNK,20947,NE
1308,Abuel,UNK,20948,NE
1308,.,SYM,20949,
1309,Isayaw,FIL,20950,
1309,mo,FIL,20951,
1309,akooo,FIL,20952,
1309,",",SYM,20953,
1309,sa,FIL,20954,
1309,gitna,FIL,20955,
1309,nang,FIL,20956,
1309,ulan,FIL,20957,
1309,mahal,FIL,20958,
1309,kooo,FIL,20959,
1310,Naniniwala,FIL,20960,
1310,po,FIL,20961,
1310,ba,FIL,20962,
1310,kayo,FIL,20963,
1310,sa,FIL,20964,
1310,sukob,FIL,20965,
1310,?,SYM,20966,
1311,I,ENG,20967,
1311,feel,ENG,20968,
1311,so,ENG,20969,
1311,kilig,FIL,20970,
1311,makakapag,FIL,20971,
1311,ipon,FIL,20972,
1311,na,FIL,20973,
1311,ako,FIL,20974,
1311,ng,FIL,20975,
1311,todo,FIL,20976,
1312,hindi,FIL,20977,
1312,ko,FIL,20978,
1312,hahayaan,FIL,20979,
1312,ang,FIL,20980,
1312,evil,ENG,20981,
1312,tignan,FIL,20982,
1312,mo,FIL,20983,
1312,naman,FIL,20984,
1312,icon,ENG,20985,
1312,ko,FIL,20986,
1313,kinakabahan,FIL,20987,
1313,ako,FIL,20988,
1313,sa,FIL,20989,
1313,long,ENG,20990,
1313,test,ENG,20991,
1313,nato,FIL,20992,
1314,Aniya,FIL,20993,
1314,",",SYM,20994,
1314,kinakailangan,FIL,20995,
1314,pa,FIL,20996,
1314,rin,FIL,20997,
1314,ang,FIL,20998,
1314,ibayong,FIL,20999,
1314,pag-iingat,FIL,21000,
1314,at,FIL,21001,
1314,ayaw,FIL,21002,
1314,na,FIL,21003,
1314,niyang,FIL,21004,
1314,bumalik,FIL,21005,
1314,sila,FIL,21006,
1314,sa,FIL,21007,
1314,sitwasyon,FIL,21008,
1314,na,FIL,21009,
1314,sumusundo,FIL,21010,
1314,sila,FIL,21011,
1314,ng,FIL,21012,
1314,mga,FIL,21013,
1314,pasyente,FIL,21014,
1314,at,FIL,21015,
1314,nagsasagawa,FIL,21016,
1314,ng,FIL,21017,
1314,contact,ENG,21018,
1314,tracing,ENG,21019,
1315,bakit,FIL,21020,
1315,diniyo,FIL,21021,
1315,masabi,FIL,21022,
1315,kung,FIL,21023,
1315,sino,FIL,21024,
1315,yung,FIL,21025,
1315,mga,FIL,21026,
1315,pulis,FIL,21027,
1315,na,FIL,21028,
1315,yun,FIL,21029,
1315,?,SYM,21030,
1316,Alagaan,FIL,21031,
1316,mo,FIL,21032,
1316,kayong,FIL,21033,
1316,dalawa,FIL,21034,
1316,.,SYM,21035,
1317,Humility,ENG,21036,
1317,Isang,FIL,21037,
1317,bahagi,FIL,21038,
1317,lang,FIL,21039,
1317,tayo,FIL,21040,
1317,ng,FIL,21041,
1317,7,NUM,21042,
1317,bilyong,FIL,21043,
1317,tao,FIL,21044,
1317,sa,FIL,21045,
1317,mundo,FIL,21046,
1317,kaya,FIL,21047,
1317,isang,FIL,21048,
1317,maliit,FIL,21049,
1317,na,FIL,21050,
1317,butil,FIL,21051,
1317,lang,FIL,21052,
1317,tayo,FIL,21053,
1317,sa,FIL,21054,
1317,kalawakan,FIL,21055,
1317,.,SYM,21056,
1318,Bigyan,FIL,21057,
1318,niyo,FIL,21058,
1318,ako,FIL,21059,
1318,ng,FIL,21060,
1318,pag-asa,FIL,21061,
1318,.,SYM,21062,
1319,Ayon,FIL,21063,
1319,kay,FIL,21064,
1319,Yap,UNK,21065,NE
1319,",",SYM,21066,
1319,hindi,FIL,21067,
1319,natatapos,FIL,21068,
1319,ang,FIL,21069,
1319,trabaho,FIL,21070,
1319,ng,FIL,21071,
1319,Appropriations,ENG,21072,NE
1319,Committee,ENG,21073,NE
1319,sa,FIL,21074,
1319,pag-apruba,FIL,21075,
1319,at,FIL,21076,
1319,pagsasabatas,FIL,21077,
1319,ng,FIL,21078,
1319,budget,ENG,21079,
1319,.,SYM,21080,
1320,Kung,FIL,21081,
1320,wala,FIL,21082,
1320,pwede,FIL,21083,
1320,po,FIL,21084,
1320,ba,FIL,21085,
1320,kayo,FIL,21086,
1320,gumawa,FIL,21087,
1320,ng,FIL,21088,
1320,tiktok,ENG,21089,NE
1320,account,ENG,21090,
1320,?,SYM,21091,
1321,tapos,FIL,21092,
1321,naalala,FIL,21093,
1321,ko,FIL,21094,
1321,pa,FIL,21095,
1321,nung,FIL,21096,
1321,nag,FIL,21097,
1321,extend,ENG,21098,
1321,ako,FIL,21099,
1321,ng,FIL,21100,
1321,2,NUM,21101,
1321,hrs,ENG,21102,ABB
1321,sa,FIL,21103,
1321,com,ENG,21104,ABB
1321,shop,ENG,21105,
1321,non,FIL,21106,
1321,kasi,FIL,21107,
1321,hindi,FIL,21108,
1321,ko,FIL,21109,
1321,mahanap,FIL,21110,
1321,yung,FIL,21111,
1321,fb,ENG,21112,ABB
1321,ng,FIL,21113,
1321,hinayupak,FIL,21114,
1321,!,SYM,21115,
1322,Yan,FIL,21116,
1322,ang,FIL,21117,
1322,hirap,FIL,21118,
1322,sa,FIL,21119,
1322,ating,FIL,21120,
1322,mga,FIL,21121,
1322,tao,FIL,21122,
1322,.,SYM,21123,
1322,iniisip,FIL,21124,
1322,lang,FIL,21125,
1322,natin,FIL,21126,
1322,ang,FIL,21127,
1322,maging,FIL,21128,
1322,masaya,FIL,21129,
1322,.,SYM,21130,
1322,inaalam,FIL,21131,
1322,na,FIL,21132,
1322,muna,FIL,21133,
1322,dapat,FIL,21134,
1322,kung,FIL,21135,
1322,may,FIL,21136,
1322,panganib,FIL,21137,
1322,",",SYM,21138,
1322,sa,FIL,21139,
1322,lugar,FIL,21140,
1322,na,FIL,21141,
1322,pupuntahan,FIL,21142,
1322,.,SYM,21143,
1322,at,FIL,21144,
1322,kung,FIL,21145,
1322,may,FIL,21146,
1322,mga,FIL,21147,
1322,bantay,FIL,21148,
1322,man,FIL,21149,
1322,sa,FIL,21150,
1322,lugar,FIL,21151,
1322,",",SYM,21152,
1322,dapat,FIL,21153,
1322,bago,FIL,21154,
1322,mag,FIL,21155,
1322,umpisa,FIL,21156,
1322,nag,FIL,21157,
1322,paalala,FIL,21158,
1322,na,FIL,21159,
1322,.,SYM,21160,
1322,kung,FIL,21161,
1322,anung,FIL,21162,
1322,nagaganap,FIL,21163,
1322,doon,FIL,21164,
1322,kung,FIL,21165,
1322,may,FIL,21166,
1322,ulang,FIL,21167,
1322,sa,FIL,21168,
1322,itaas,FIL,21169,
1322,ng,FIL,21170,
1322,lugar,FIL,21171,
1322,.,SYM,21172,
1322,aral,FIL,21173,
1322,ito,FIL,21174,
1322,sa,FIL,21175,
1322,mga,FIL,21176,
1322,manunuod,FIL,21177,
1322,na,FIL,21178,
1322,",",SYM,21179,
1322,mahilig,FIL,21180,
1322,mag,FIL,21181,
1322,outing,ENG,21182,
1322,.,SYM,21183,
1323,Bat,FIL,21184,
1323,parang,FIL,21185,
1323,nadedeja,UNK,21186,
1323,vu,ENG,21187,
1323,ako,FIL,21188,
1323,sa,FIL,21189,
1323,mga,FIL,21190,
1323,nangyayari,FIL,21191,
1323,ngaun,FIL,21192,
1323,?,SYM,21193,
1324,Hindi,FIL,21194,
1324,pa,FIL,21195,
1324,uso,FIL,21196,
1324,ang,FIL,21197,
1324,pamba-bash,UNK,21198,
1324,sa,FIL,21199,
1324,social,ENG,21200,
1324,media,ENG,21201,
1324,nang,FIL,21202,
1324,matikman,FIL,21203,
1324,ng,FIL,21204,
1324,OPM,FIL,21205,ABB
1324,icon,ENG,21206,
1324,ang,FIL,21207,
1324,kaliwat,FIL,21208,
1324,kanang,FIL,21209,
1324,panglalait,FIL,21210,
1324,at,FIL,21211,
1324,pang-aalipusta,FIL,21212,
1324,nang,FIL,21213,
1324,pasukin,FIL,21214,
1324,niya,FIL,21215,
1324,ang,FIL,21216,
1324,entertainment,ENG,21217,
1324,industry,ENG,21218,
1324,.,SYM,21219,
1325,"""",SYM,21220,
1325,Mama,FIL,21221,NE
1325,Guia,UNK,21222,NE
1325,"""",SYM,21223,
1325,ang,FIL,21224,
1325,tawag,FIL,21225,
1325,ng,FIL,21226,
1325,mga,FIL,21227,
1325,medical,ENG,21228,
1325,worker,ENG,21229,
1325,ng,FIL,21230,
1325,Kings,ENG,21231,NE
1325,County,ENG,21232,NE
1325,Hospital,ENG,21233,NE
1325,",",SYM,21234,
1325,sa,FIL,21235,
1325,pumanaw,FIL,21236,
1325,na,FIL,21237,
1325,si,FIL,21238,
1325,Maria,UNK,21239,NE
1325,Guia,UNK,21240,NE
1325,Cabillon,UNK,21241,NE
1325,",",SYM,21242,
1325,ang,FIL,21243,
1325,head,ENG,21244,
1325,nurse,ENG,21245,
1325,ng,FIL,21246,
1325,nabanggit,FIL,21247,
1325,na,FIL,21248,
1325,pagamutan,FIL,21249,
1325,.,SYM,21250,
1326,aba,UNK,21251,EXPR
1326,",",SYM,21252,
1326,ginoong,FIL,21253,
1326,metawin,UNK,21254,NE
1326,nilaplap,FIL,21255,
1326,ka,FIL,21256,
1326,ng,FIL,21257,
1326,grasya,FIL,21258,
1326,ang,FIL,21259,
1326,labi,FIL,21260,
1326,ni,FIL,21261,
1326,bright,UNK,21262,NE
1326,ay,FIL,21263,
1326,sumasaiyo,FIL,21264,
1326,bukod,FIL,21265,
1326,kang,FIL,21266,
1326,pinagpala,FIL,21267,
1326,sa,FIL,21268,
1326,babaeng,FIL,21269,
1326,lahat,FIL,21270,
1326,at,FIL,21271,
1326,pinagpala,FIL,21272,
1326,naman,FIL,21273,
1326,ang,FIL,21274,
1326,iyong,FIL,21275,
1326,jowa,FIL,21276,
1326,na,FIL,21277,
1326,si,FIL,21278,
1326,bright,UNK,21279,NE
1326,.,SYM,21280,
1327,Kung,FIL,21281,
1327,ang,FIL,21282,
1327,mismong,FIL,21283,
1327,batas,FIL,21284,
1327,ng,FIL,21285,
1327,Diyos,FIL,21286,NE
1327,ang,FIL,21287,
1327,ipapatupad,FIL,21288,
1327,dito,FIL,21289,
1327,sa,FIL,21290,
1327,ibabaw,FIL,21291,
1327,ng,FIL,21292,
1327,lupa,FIL,21293,
1327,",",SYM,21294,
1327,sigurado,FIL,21295,
1327,na,FIL,21296,
1327,walang,FIL,21297,
1327,makaligtas,FIL,21298,
1327,at,FIL,21299,
1327,makakapasa,FIL,21300,
1327,.,SYM,21301,
1328,Kung,FIL,21302,
1328,ganun,FIL,21303,
1328,",",SYM,21304,
1328,wala,FIL,21305,
1328,talagang,FIL,21306,
1328,aasahang,FIL,21307,
1328,rule,ENG,21308,
1328,of,ENG,21309,
1328,law,ENG,21310,
1328,sa,FIL,21311,
1328,mga,FIL,21312,
1328,Duterte,UNK,21313,NE
1328,kapag,FIL,21314,
1328,sila,FIL,21315,
1328,at,FIL,21316,
1328,mga,FIL,21317,
1328,tao,FIL,21318,
1328,nila,FIL,21319,
1328,ang,FIL,21320,
1328,sangkot,FIL,21321,
1328,",",SYM,21322,
1328,litanya,FIL,21323,
1328,ni,FIL,21324,
1328,De,UNK,21325,NE
1328,Lima,UNK,21326,NE
1328,.,SYM,21327,
1329,Grabeee,FIL,21328,
1329,",",SYM,21329,
1329,ang,FIL,21330,
1329,layo,FIL,21331,
1329,na,FIL,21332,
1329,ng,FIL,21333,
1329,narating,FIL,21334,
1329,ng,FIL,21335,
1329,rupok,FIL,21336,
1329,naten,FIL,21337,
1329,hahahaha,UNK,21338,EXPR
1329,!,SYM,21339,
1331,Nakapagtala,FIL,21340,
1331,ng,FIL,21341,
1331,panibagong,FIL,21342,
1331,malawakang,FIL,21343,
1331,pagsabog,FIL,21344,
1331,sa,FIL,21345,
1331,Tonga,UNK,21346,NE
1331,volcano,ENG,21347,
1331,ang,FIL,21348,
1331,Darwin,ENG,21349,NE
1331,Volcanic,ENG,21350,NE
1331,Ash,ENG,21351,NE
1331,Advisory,ENG,21352,NE
1331,Centre,ENG,21353,NE
1331,.,SYM,21354,
1332,Kahit,FIL,21355,
1332,siya,FIL,21356,
1332,nags-struggle,FIL,21357,
1332,hello,ENG,21358,
1332,",",SYM,21359,
1332,mas,FIL,21360,
1332,malakas,FIL,21361,
1332,pa,FIL,21362,
1332,signal,ENG,21363,
1332,ng,FIL,21364,
1332,data,ENG,21365,
1332,ni,FIL,21366,
1332,jungwon,UNK,21367,NE
1332,kesa,FIL,21368,
1332,sa,FIL,21369,
1332,wi-fi,ENG,21370,
1332,ng,FIL,21371,
1332,hybe,ENG,21372,NE
1332,ahh,UNK,21373,EXPR
1333,Atty,ENG,21374,"ABB,NE"
1333,Garret,UNK,21375,NE
1333,bastos,FIL,21376,
1333,ang,FIL,21377,
1333,nakausap,FIL,21378,
1333,niong,FIL,21379,
1333,inerereklamo,FIL,21380,
1333,ah,UNK,21381,EXPR
1333,.,SYM,21382,
1333,kung,FIL,21383,
1333,gano,FIL,21384,
1333,kapangit,FIL,21385,
1333,ang,FIL,21386,
1333,mukha,FIL,21387,
1333,ganun,FIL,21388,
1333,din,FIL,21389,
1333,kapangit,FIL,21390,
1333,ang,FIL,21391,
1333,ugali,FIL,21392,
1333,.,SYM,21393,
1333,walang,FIL,21394,
1333,breeding,ENG,21395,
1333,!,SYM,21396,
1335,mga,FIL,21397,
1335,kulang,FIL,21398,
1335,sa,FIL,21399,
1335,kaalaman,FIL,21400,
1335,at,FIL,21401,
1335,sa,FIL,21402,
1335,hirap,FIL,21403,
1335,ng,FIL,21404,
1335,buhay,FIL,21405,
1335,sa,FIL,21406,
1335,probinsya,FIL,21407,
1335,kaya,FIL,21408,
1335,umaasa,FIL,21409,
1335,sa,FIL,21410,
1335,mga,FIL,21411,
1335,milagro,FIL,21412,
1335,.,SYM,21413,
1336,Paano,FIL,21414,
1336,man,FIL,21415,
1336,ako,FIL,21416,
1336,maaaring,FIL,21417,
1336,pahirapan,FIL,21418,
1336,ng,FIL,21419,
1336,mga,FIL,21420,
1336,diyablong,FIL,21421,
1336,iyon,FIL,21422,
1336,",",SYM,21423,
1336,alam,FIL,21424,
1336,ko,FIL,21425,
1336,na,FIL,21426,
1336,gagabayan,FIL,21427,
1336,ako,FIL,21428,
1336,ng,FIL,21429,
1336,Diyos,FIL,21430,NE
1336,na,FIL,21431,
1336,matiis,FIL,21432,
1336,ang,FIL,21433,
1336,lahat,FIL,21434,
1336,ng,FIL,21435,
1336,iyon,FIL,21436,
1336,.,SYM,21437,
1337,cong,FIL,21438,
1337,wag,FIL,21439,
1337,kang,FIL,21440,
1337,papayat,FIL,21441,
1337,ha,UNK,21442,EXPR
1338,Ang,FIL,21443,
1338,mga,FIL,21444,
1338,impormasyong,FIL,21445,
1338,makakalap,FIL,21446,
1338,ay,FIL,21447,
1338,maaari,FIL,21448,
1338,lamang,FIL,21449,
1338,makuha,FIL,21450,
1338,ng,FIL,21451,
1338,mga,FIL,21452,
1338,awtoridad,FIL,21453,
1338,sa,FIL,21454,
1338,utos,FIL,21455,
1338,ng,FIL,21456,
1338,isang,FIL,21457,
1338,korte,FIL,21458,
1338,(,SYM,21459,
1338,All,ENG,21460,
1338,the,ENG,21461,
1338,information,ENG,21462,
1338,gathered,ENG,21463,
1338,can,ENG,21464,
1338,only,ENG,21465,
1338,be,ENG,21466,
1338,accessed,ENG,21467,
1338,by,ENG,21468,
1338,authorities,ENG,21469,
1338,through,ENG,21470,
1338,a,ENG,21471,
1338,court,ENG,21472,
1338,order,ENG,21473,
1338,),SYM,21474,
1338,.,SYM,21475,
1339,nakatulog,FIL,21476,
1339,na,FIL,21477,
1339,ako,FIL,21478,
1339,after,ENG,21479,
1339,niyan,FIL,21480,
1339,HAHAHAHAHA,UNK,21481,EXPR
1340,Huwag,FIL,21482,
1340,harangan,FIL,21483,
1340,Ang,FIL,21484,
1340,imbistigation,FIL,21485,
1340,ng,FIL,21486,
1340,Hindi,FIL,21487,
1340,pumuntahin,FIL,21488,
1340,sa,FIL,21489,
1340,imbistigation,FIL,21490,
1340,Ang,FIL,21491,
1340,witness,ENG,21492,
1340,to,ENG,21493,
1340,be,ENG,21494,
1340,investigation,ENG,21495,
1340,.,SYM,21496,
1341,Makakain,FIL,21497,
1341,pa,FIL,21498,
1341,ng,FIL,21499,
1341,masarap,FIL,21500,
1341,ang,FIL,21501,
1341,pamilya,FIL,21502,
1341,mo,FIL,21503,
1341,.,SYM,21504,
1342,Sa,FIL,21505,
1342,dami,FIL,21506,
1342,ng,FIL,21507,
1342,reporter,ENG,21508,
1342,doon,FIL,21509,
1342,mas,FIL,21510,
1342,mauunahan,FIL,21511,
1342,pa,FIL,21512,
1342,sila,FIL,21513,
1342,ng,FIL,21514,
1342,mga,FIL,21515,
1342,ito,FIL,21516,
1342,magpost,FIL,21517,
1342,at,FIL,21518,
1342,magreport,FIL,21519,
1342,kaya,FIL,21520,
1342,buko,FIL,21521,
1342,na,FIL,21522,
1342,agad,FIL,21523,
1342,sila,FIL,21524,
1342,baka,FIL,21525,
1342,nga,FIL,21526,
1342,dina,FIL,21527,
1342,tumakbo,FIL,21528,
1342,up,ENG,21529,
1342,to,ENG,21530,
1342,now,ENG,21531,
1342,dipa,FIL,21532,
1342,nagpa,FIL,21533,
1342,file,ENG,21534,
1342,ng,FIL,21535,
1342,COC,ENG,21536,ABB
1343,Day,ENG,21537,
1343,2,NUM,21538,
1343,ng,FIL,21539,
1343,gagawin,FIL,21540,
1343,lahat,FIL,21541,
1343,except,ENG,21542,
1343,mag-aral,FIL,21543,
1345,Marami,FIL,21544,
1345,tayong,FIL,21545,
1345,mga,FIL,21546,
1345,Kabayan,FIL,21547,NE
1345,na,FIL,21548,
1345,higit,FIL,21549,
1345,pa,FIL,21550,
1345,sa,FIL,21551,
1345,inyong,FIL,21552,
1345,dapat,FIL,21553,
1345,tulongan,FIL,21554,
1345,na,FIL,21555,
1345,mas,FIL,21556,
1345,lalong,FIL,21557,
1345,ka,FIL,21558,
1345,wawa,FIL,21559,
1345,pero,FIL,21560,
1345,sa,FIL,21561,
1345,kaso,FIL,21562,
1345,ninyo,FIL,21563,
1345,ewan,FIL,21564,
1345,hwag,FIL,21565,
1345,nyong,FIL,21566,
1345,idamay,FIL,21567,
1345,ang,FIL,21568,
1345,publiko,FIL,21569,
1345,para,FIL,21570,
1345,tumolong,FIL,21571,
1345,sa,FIL,21572,
1345,inyo,FIL,21573,
1345,kasi,FIL,21574,
1345,kayo,FIL,21575,
1345,lang,FIL,21576,
1345,ang,FIL,21577,
1345,nagpakasaya,FIL,21578,
1345,at,FIL,21579,
1345,nagpasarap,FIL,21580,
1345,sa,FIL,21581,
1345,buhay,FIL,21582,
1345,kaya,FIL,21583,
1345,dapat,FIL,21584,
1345,pangatawanan,FIL,21585,
1345,ninyo,FIL,21586,
1345,pinasokan,FIL,21587,
1345,ninyo,FIL,21588,
1345,gulo,FIL,21589,
1345,lotasin,FIL,21590,
1345,ninyo,FIL,21591,
1345,at,FIL,21592,
1345,tabi,FIL,21593,
1345,nasaan,FIL,21594,
1345,ang,FIL,21595,
1345,magulang,FIL,21596,
1345,ng,FIL,21597,
1345,babae,FIL,21598,
1345,bakit,FIL,21599,
1345,pinayagang,FIL,21600,
1345,magisang,FIL,21601,
1345,babae,FIL,21602,
1345,at,FIL,21603,
1345,poro,FIL,21604,
1345,lalaki,FIL,21605,
1345,ang,FIL,21606,
1345,mga,FIL,21607,
1345,kasama,FIL,21608,
1345,grabe,FIL,21609,
1345,at,FIL,21610,
1345,ganyang,FIL,21611,
1345,maynangyari,FIL,21612,
1345,dinamay,FIL,21613,
1345,lahat,FIL,21614,
1345,ayan,FIL,21615,
1345,party,ENG,21616,
1345,pa,FIL,21617,
1345,more,ENG,21618,
1345,at,FIL,21619,
1345,friends,ENG,21620,
1345,pa,FIL,21621,
1345,more,ENG,21622,
1346,Nalambat,FIL,21623,
1346,ng,FIL,21624,
1346,Mandaluyong,UNK,21625,NE
1346,City,ENG,21626,
1346,Police,ENG,21627,
1346,ang,FIL,21628,
1346,walong,FIL,21629,
1346,katao,FIL,21630,
1346,na,FIL,21631,
1346,iligal,FIL,21632,
1346,na,FIL,21633,
1346,nagsagawa,FIL,21634,
1346,ng,FIL,21635,
1346,tupada,FIL,21636,
1346,noong,FIL,21637,
1346,Sabado,FIL,21638,NE
1346,.,SYM,21639,
1347,Yan,FIL,21640,
1347,ang,FIL,21641,
1347,dahilan,FIL,21642,
1347,kaya,FIL,21643,
1347,ayaw,FIL,21644,
1347,Nila,FIL,21645,
1347,makaupo,FIL,21646,
1347,si,FIL,21647,
1347,BBM,UNK,21648,"ABB,NE"
1347,.,SYM,21649,
1348,Nagdulot,FIL,21650,
1348,naman,FIL,21651,
1348,ito,FIL,21652,
1348,ng,FIL,21653,
1348,ibat,FIL,21654,
1348,ibang,FIL,21655,
1348,reaksyon,FIL,21656,
1348,mula,FIL,21657,
1348,sa,FIL,21658,
1348,mga,FIL,21659,
1348,netizen,ENG,21660,
1348,.,SYM,21661,
1349,naka,FIL,21662,
1349,specific,ENG,21663,
1349,kasi,FIL,21664,
1349,nung,FIL,21665,
1349,nagpost,FIL,21666,
1349,ako,FIL,21667,
1349,ng,FIL,21668,
1349,pt,ENG,21669,ABB
1349,ko,FIL,21670,
1349,kaya,FIL,21671,
1349,nagulat,FIL,21672,
1349,ako,FIL,21673,
1349,nagcomment,FIL,21674,
1349,tchr,ENG,21675,ABB
1349,ko,FIL,21676,
1349,sa,FIL,21677,
1349,shinare,FIL,21678,
1349,ko,FIL,21679,
1349,about,ENG,21680,
1349,hometown,ENG,21681,NE
1349,cha,ENG,21682,NE
1350,Batay,FIL,21683,
1350,sa,FIL,21684,
1350,huling,FIL,21685,
1350,tala,FIL,21686,
1350,",",SYM,21687,
1350,umakyat,FIL,21688,
1350,na,FIL,21689,
1350,sa,FIL,21690,
1350,kabuuang,FIL,21691,
1350,5,NUM,21692,
1350,",",SYM,21693,
1350,088,NUM,21694,
1350,",",SYM,21695,
1350,513,NUM,21696,
1350,ang,FIL,21697,
1350,nasawi,FIL,21698,
1350,sa,FIL,21699,
1350,ibat,FIL,21700,
1350,ibang,FIL,21701,
1350,bansa,FIL,21702,
1350,bunsod,FIL,21703,
1350,ng,FIL,21704,
1350,nakakahawang,FIL,21705,
1350,sakit,FIL,21706,
1350,.,SYM,21707,
1351,Pangalawa,FIL,21708,
1351,",",SYM,21709,
1351,dapat,FIL,21710,
1351,mag,FIL,21711,
1351,issue,ENG,21712,
1351,kana,FIL,21713,
1351,ng,FIL,21714,
1351,Cert,ENG,21715,ABB
1351,.,SYM,21716,
1352,Sa,FIL,21717,
1352,ilalim,FIL,21718,
1352,ng,FIL,21719,
1352,Alert,ENG,21720,
1352,Level,ENG,21721,
1352,3,NUM,21722,
1352,",",SYM,21723,
1352,batay,FIL,21724,
1352,sa,FIL,21725,
1352,ordinansa,FIL,21726,
1352,",",SYM,21727,
1352,ang,FIL,21728,
1352,mga,FIL,21729,
1352,ganap,FIL,21730,
1352,na,FIL,21731,
1352,nabakunahang,FIL,21732,
1352,menor,FIL,21733,
1352,de,FIL,21734,
1352,edad,FIL,21735,
1352,sa,FIL,21736,
1352,Muntinlupa,UNK,21737,NE
1352,ay,FIL,21738,
1352,pinapayagang,FIL,21739,
1352,gawin,FIL,21740,
1352,ang,FIL,21741,
1352,mga,FIL,21742,
1352,sumusunod,FIL,21743,
1352,:,SYM,21744,
1352,Intra-zonal,ENG,21745,
1352,at,FIL,21746,
1352,inter-zonal,ENG,21747,
1352,na,FIL,21748,
1352,paglalakbay,FIL,21749,
1352,(,SYM,21750,
1352,kung,FIL,21751,
1352,may,FIL,21752,
1352,kasamang,FIL,21753,
1352,magulang,FIL,21754,
1352,o,FIL,21755,
1352,nasa,FIL,21756,
1352,hustong,FIL,21757,
1352,gulang,FIL,21758,
1352,na,FIL,21759,
1352,tagapag-alaga,FIL,21760,
1352,sa,FIL,21761,
1352,lahat,FIL,21762,
1352,ng,FIL,21763,
1352,oras,FIL,21764,
1352,),SYM,21765,
1352,Bumili,FIL,21766,
1352,ng,FIL,21767,
1352,mahahalagang,FIL,21768,
1352,gamit,FIL,21769,
1352,sa,FIL,21770,
1352,mga,FIL,21771,
1352,pinahihintulutang,FIL,21772,
1352,establisyimento,FIL,21773,
1352,(,SYM,21774,
1352,take-out,ENG,21775,
1352,na,FIL,21776,
1352,pagkain,FIL,21777,
1352,",",SYM,21778,
1352,gamot,FIL,21779,
1352,),SYM,21780,
1352,Mahahalagang,FIL,21781,
1352,aktibidad,FIL,21782,
1352,sa,FIL,21783,
1352,mga,FIL,21784,
1352,pinapahintulutang,FIL,21785,
1352,opisina,FIL,21786,
1352,at,FIL,21787,
1352,/,SYM,21788,
1352,o,FIL,21789,
1352,establisyimento,FIL,21790,
1352,(,SYM,21791,
1352,trabaho,FIL,21792,
1352,",",SYM,21793,
1352,serbisyo,FIL,21794,
1352,ng,FIL,21795,
1352,gobyerno,FIL,21796,
1352,",",SYM,21797,
1352,serbisyong,FIL,21798,
1352,medikal,FIL,21799,
1352,),SYM,21800,
1353,Tandaan,FIL,21801,
1353,:,SYM,21802,
1353,hindi,FIL,21803,
1353,lang,FIL,21804,
1353,si,FIL,21805,
1353,(,SYM,21806,
1353,President,ENG,21807,
1353,),SYM,21808,
1353,Leni,UNK,21809,NE
1353,ang,FIL,21810,
1353,lulutas,FIL,21811,
1353,sa,FIL,21812,
1353,lahat,FIL,21813,
1353,ng,FIL,21814,
1353,problema,FIL,21815,
1353,.,SYM,21816,
1354,Sa,FIL,21817,
1354,Friday,ENG,21818,
1354,ng,FIL,21819,
1354,umaga,FIL,21820,
1354,ang,FIL,21821,
1354,interment,ENG,21822,
1354,ng,FIL,21823,
1354,Papa,ENG,21824,
1354,niya,FIL,21825,
1354,at,FIL,21826,
1354,naiintindihan,FIL,21827,
1354,daw,FIL,21828,
1354,ni,FIL,21829,
1354,Gladys,UNK,21830,NE
1354,kung,FIL,21831,
1354,meron,FIL,21832,
1354,talagang,FIL,21833,
1354,mga,FIL,21834,
1354,hindi,FIL,21835,
1354,makakadalaw,FIL,21836,
1354,dahil,FIL,21837,
1354,sa,FIL,21838,
1354,safety,ENG,21839,
1354,protocol,ENG,21840,
1354,na,FIL,21841,
1354,rin,FIL,21842,
1354,.,SYM,21843,
1355,Nagkaroon,FIL,21844,
1355,ako,FIL,21845,
1355,ng,FIL,21846,
1355,pagkakataon,FIL,21847,
1355,na,FIL,21848,
1355,makapagroad,UNK,21849,
1355,trip,ENG,21850,
1355,sa,FIL,21851,
1355,Southern,ENG,21852,NE
1355,Tagalog,FIL,21853,NE
1355,nitong,FIL,21854,
1355,nakaraang,FIL,21855,
1355,linggo,FIL,21856,
1355,at,FIL,21857,
1355,hindi,FIL,21858,
1355,naman,FIL,21859,
1355,ako,FIL,21860,
1355,nagsisi,FIL,21861,
1355,pagkatapos,FIL,21862,
1355,dahil,FIL,21863,
1355,kahit,FIL,21864,
1355,paano,FIL,21865,
1355,ay,FIL,21866,
1355,nawala,FIL,21867,
1355,ang,FIL,21868,
1355,pagkabagot,FIL,21869,
1355,na,FIL,21870,
1355,dulot,FIL,21871,
1355,ng,FIL,21872,
1355,patuloy,FIL,21873,
1355,sa,FIL,21874,
1355,paghaba,FIL,21875,
1355,at,FIL,21876,
1355,tila,FIL,21877,
1355,mas,FIL,21878,
1355,mahaba,FIL,21879,
1355,pang,FIL,21880,
1355,epekto,FIL,21881,
1355,ng,FIL,21882,
1355,pandemya,FIL,21883,
1355,na,FIL,21884,
1355,naging,FIL,21885,
1355,dahilan,FIL,21886,
1355,malimitahan,FIL,21887,
1355,ang,FIL,21888,
1355,ating,FIL,21889,
1355,mga,FIL,21890,
1355,galaw,FIL,21891,
1355,na,FIL,21892,
1355,unti-unti,FIL,21893,
1355,nang,FIL,21894,
1355,napupuno,FIL,21895,
1355,sa,FIL,21896,
1355,katawan,FIL,21897,
1355,ko,FIL,21898,
1355,.,SYM,21899,
1356,Asan,FIL,21900,
1356,na,FIL,21901,
1356,kaya,FIL,21902,
1356,sila,FIL,21903,
1356,ngayon,FIL,21904,
1356,?,SYM,21905,
1358,Ba't,FIL,21906,
1358,di,FIL,21907,
1358,sumang,FIL,21908,
1358,ayon,FIL,21909,
1358,",",SYM,21910,
1358,sa'tin,FIL,21911,
1358,ang,FIL,21912,
1358,panahon,FIL,21913,
1358,.,SYM,21914,
1359,Meron,FIL,21915,
1359,din,FIL,21916,
1359,akong,FIL,21917,
1359,experience,ENG,21918,
1359,nung,FIL,21919,
1359,bata,FIL,21920,
1359,pa,FIL,21921,
1359,ako,FIL,21922,
1359,na,FIL,21923,
1359,kapag,FIL,21924,
1359,nagagalit,FIL,21925,
1359,ako,FIL,21926,
1359,kung,FIL,21927,
1359,ano,FIL,21928,
1359,man,FIL,21929,
1359,ang,FIL,21930,
1359,una,FIL,21931,
1359,kong,FIL,21932,
1359,masabi,FIL,21933,
1359,sa,FIL,21934,
1359,taong,FIL,21935,
1359,kinagagalit,FIL,21936,
1359,ko,FIL,21937,
1359,nagkakatotoo,FIL,21938,
1359,na,FIL,21939,
1359,pinagsisisihan,FIL,21940,
1359,ko,FIL,21941,
1359,na,FIL,21942,
1359,ngayon,FIL,21943,
1359,.,SYM,21944,
1360,May,FIL,21945,
1360,mga,FIL,21946,
1360,offer,ENG,21947,
1360,at,FIL,21948,
1360,raket,FIL,21949,
1360,na,FIL,21950,
1360,rin,FIL,21951,
1360,siyang,FIL,21952,
1360,natatanggap,FIL,21953,
1360,makalipas,FIL,21954,
1360,ang,FIL,21955,
1360,ilang,FIL,21956,
1360,buwang,FIL,21957,
1360,nakatengga,FIL,21958,
1360,lang,FIL,21959,
1360,sa,FIL,21960,
1360,bahay,FIL,21961,
1360,.,SYM,21962,
1362,Muling,FIL,21963,
1362,kinilala,FIL,21964,
1362,ng,FIL,21965,
1362,mga,FIL,21966,
1362,guro,FIL,21967,
1362,sa,FIL,21968,
1362,bansa,FIL,21969,
1362,ang,FIL,21970,
1362,mga,FIL,21971,
1362,programa,FIL,21972,
1362,",",SYM,21973,
1362,pelikula,FIL,21974,
1362,",",SYM,21975,
1362,at,FIL,21976,
1362,personalidad,FIL,21977,
1362,ng,FIL,21978,
1362,ABS-CBN,ENG,21979,"ABB,NE"
1362,bilang,FIL,21980,
1362,mga,FIL,21981,
1362,natatangi,FIL,21982,
1362,sa,FIL,21983,
1362,industriya,FIL,21984,
1362,sa,FIL,21985,
1362,ginanap,FIL,21986,
1362,na,FIL,21987,
1362,ika-22,NUM,21988,
1362,na,FIL,21989,
1362,Gawad,FIL,21990,NE
1362,PASADO,FIL,21991,"ABB,NE"
1362,.,SYM,21992,
1363,Dapat,FIL,21993,
1363,nagtatanim,FIL,21994,
1363,din,FIL,21995,
1363,ng,FIL,21996,
1363,gulay,FIL,21997,
1363,sa,FIL,21998,
1363,bakuran,FIL,21999,
1363,ang,FIL,22000,
1363,babaeng,FIL,22001,
1363,asawa,FIL,22002,
1363,para,FIL,22003,
1363,may,FIL,22004,
1363,ulam,FIL,22005,
1363,hindi,FIL,22006,
1363,lang,FIL,22007,
1363,asin,FIL,22008,
1363,ang,FIL,22009,
1363,inuulam,FIL,22010,
1364,Enoch,UNK,22011,NE
1364,ay,FIL,22012,
1364,kinalugdan,FIL,22013,
1364,ng,FIL,22014,
1364,dakilang,FIL,22015,
1364,manlilikha,FIL,22016,
1365,Parang,FIL,22017,
1365,hindi,FIL,22018,
1365,kayo,FIL,22019,
1365,nakisakay,FIL,22020,
1365,sa,FIL,22021,
1365,delulu,ENG,22022,
1365,ng,FIL,22023,
1365,dk,ENG,22024,ABB
1365,.,SYM,22025,
1366,Hahaha,UNK,22026,EXPR
1366,galing,FIL,22027,
1366,magtagpi,FIL,22028,
1366,ha,FIL,22029,
1366,",",SYM,22030,
1366,kinilig,FIL,22031,
1366,ako,FIL,22032,
1366,ng,FIL,22033,
1366,slight,ENG,22034,
1367,Usapan,FIL,22035,
1367,ngayon,FIL,22036,
1367,sa,FIL,22037,
1367,social,ENG,22038,
1367,media,ENG,22039,
1367,ang,FIL,22040,
1367,bagong,FIL,22041,
1367,paandar,FIL,22042,
1367,ng,FIL,22043,
1367,hunk,ENG,22044,
1367,singer-actor,ENG,22045,
1367,na,FIL,22046,
1367,si,FIL,22047,
1367,Markki,UNK,22048,NE
1367,Stroem,UNK,22049,NE
1367,.,SYM,22050,
1368,Siya,FIL,22051,
1368,ang,FIL,22052,
1368,unang,FIL,22053,
1368,tao,FIL,22054,
1368,na,FIL,22055,
1368,naging,FIL,22056,
1368,opisyal,FIL,22057,
1368,na,FIL,22058,
1368,kaibigan,FIL,22059,
1368,ni,FIL,22060,
1368,Squid,UNK,22061,NE
1368,Girl,UNK,22062,NE
1368,at,FIL,22063,
1368,sila,FIL,22064,
1368,ay,FIL,22065,
1368,napalapit,FIL,22066,
1368,sa,FIL,22067,
1368,isat,FIL,22068,
1368,isa,FIL,22069,
1368,.,SYM,22070,
1369,Sa,FIL,22071,
1369,pahayag,FIL,22072,
1369,ng,FIL,22073,
1369,Insurers,ENG,22074,NE
1369,for,ENG,22075,NE
1369,Leni,UNK,22076,NE
1369,",",SYM,22077,
1369,dineklara,FIL,22078,
1369,ng,FIL,22079,
1369,grupo,FIL,22080,
1369,ang,FIL,22081,
1369,brand,ENG,22082,
1369,of,ENG,22083,
1369,value-based,ENG,22084,
1369,leadership,ENG,22085,
1369,umano,FIL,22086,
1369,ni,FIL,22087,
1369,Robredo,UNK,22088,NE
1369,na,FIL,22089,
1369,kailangan,FIL,22090,
1369,ng,FIL,22091,
1369,bansa,FIL,22092,
1369,para,FIL,22093,
1369,sa,FIL,22094,
1369,mas,FIL,22095,
1369,maayos,FIL,22096,
1369,na,FIL,22097,
1369,pamumuhay,FIL,22098,
1369,ng,FIL,22099,
1369,mga,FIL,22100,
1369,Pilipino,FIL,22101,NE
1369,.,SYM,22102,
1371,yung,FIL,22103,
1371,nagpaliwanag,FIL,22104,
1371,ba,FIL,22105,
1371,sumalo,FIL,22106,
1371,ng,FIL,22107,
1371,galit,FIL,22108,
1371,?,SYM,22109,
1372,Nagsimula,FIL,22110,
1372,bago,FIL,22111,
1372,mag-alas-8,FIL,22112,
1372,ng,FIL,22113,
1372,umaga,FIL,22114,
1372,sa,FIL,22115,
1372,harap,FIL,22116,
1372,ng,FIL,22117,
1372,Commission,ENG,22118,NE
1372,on,ENG,22119,NE
1372,Audit,ENG,22120,NE
1372,(,SYM,22121,
1372,COA,ENG,22122,"ABB,NE"
1372,),SYM,22123,
1372,sa,FIL,22124,
1372,Commonwealth,ENG,22125,NE
1372,Ave,ENG,22126,"ABB,NE"
1372,",",SYM,22127,
1372,nagtapos,FIL,22128,
1372,ang,FIL,22129,
1372,caravan,ENG,22130,
1372,sa,FIL,22131,
1372,Welcome,ENG,22132,NE
1372,Rotonda,FIL,22133,NE
1372,sa,FIL,22134,
1372,Quezon,FIL,22135,NE
1372,Ave,ENG,22136,"ABB,NE"
1372,pagsapit,FIL,22137,
1372,ng,FIL,22138,
1372,alas-1,FIL,22139,
1372,ng,FIL,22140,
1372,hapon,FIL,22141,
1372,.,SYM,22142,
1373,Natatawa,FIL,22143,
1373,ako,FIL,22144,
1373,kay,FIL,22145,
1373,seah,UNK,22146,NE
1373,HAHAHAHHAHA,UNK,22147,EXPR
1374,Ako,FIL,22148,
1374,naman,FIL,22149,
1374,si,FIL,22150,
1374,tanga,FIL,22151,
1374,",",SYM,22152,
1374,naniwala,FIL,22153,
1374,ako,FIL,22154,
1374,sa,FIL,22155,
1374,pangakong,FIL,22156,
1374,he'll,ENG,22157,
1374,be,ENG,22158,
1374,a,ENG,22159,
1374,better,ENG,22160,
1374,man,ENG,22161,
1374,basta,FIL,22162,
1374,bumalik,FIL,22163,
1374,lang,FIL,22164,
1374,ako,FIL,22165,
1374,.,SYM,22166,
1377,auq,FIL,22167,
1377,mag,FIL,22168,
1377,pasa,FIL,22169,
1377,ng,FIL,22170,
1377,vid,ENG,22171,ABB
1377,sa,FIL,22172,
1377,pe,ENG,22173,ABB
1377,dzai,FIL,22174,
1377,nag,FIL,22175,
1377,bbinge,FIL,22176,
1377,mga,FIL,22177,
1377,kasama,FIL,22178,
1377,q,FIL,22179,
1378,Sabihin,FIL,22180,
1378,mo,FIL,22181,
1378,:,SYM,22182,
1378,"""",SYM,22183,
1378,Tunay,FIL,22184,
1378,na,FIL,22185,
1378,ako,FIL,22186,
1378,ay,FIL,22187,
1378,sinaway,FIL,22188,
1378,na,FIL,22189,
1378,sumamba,FIL,22190,
1378,sa,FIL,22191,
1378,mga,FIL,22192,
1378,dinadalanginan,FIL,22193,
1378,ninyo,FIL,22194,
1378,bukod,FIL,22195,
1378,pa,FIL,22196,
1378,kay,FIL,22197,
1378,Allh,UNK,22198,NE
1378,",",SYM,22199,
1378,noong,FIL,22200,
1378,dumating,FIL,22201,
1378,sa,FIL,22202,
1378,akin,FIL,22203,
1378,ang,FIL,22204,
1378,mga,FIL,22205,
1378,malinaw,FIL,22206,
1378,na,FIL,22207,
1378,patunay,FIL,22208,
1378,mula,FIL,22209,
1378,sa,FIL,22210,
1378,Panginoon,FIL,22211,NE
1378,ko,FIL,22212,
1378,",",SYM,22213,
1378,at,FIL,22214,
1378,inutusan,FIL,22215,
1378,na,FIL,22216,
1378,magpasakop,FIL,22217,
1378,sa,FIL,22218,
1378,Panginoon,FIL,22219,NE
1378,ng,FIL,22220,
1378,mga,FIL,22221,
1378,nilalang,FIL,22222,
1378,.,SYM,22223,
1378,"""",SYM,22224,
1378,,SYM,22225,
1380,Iba-ibang,FIL,22226,
1380,petsa,FIL,22227,
1380,ang,FIL,22228,
1380,itinakda,FIL,22229,
1380,ng,FIL,22230,
1380,regional,ENG,22231,
1380,at,FIL,22232,
1380,division,ENG,22233,
1380,offices,ENG,22234,
1380,ng,FIL,22235,
1380,DepEd,FIL,22236,"ABB,NE"
1380,sa,FIL,22237,
1380,pagsisimula,FIL,22238,
1380,ng,FIL,22239,
1380,expansion,ENG,22240,
1380,phase,ENG,22241,
1380,",",SYM,22242,
1380,batay,FIL,22243,
1380,sa,FIL,22244,
1380,kanilang,FIL,22245,
1380,kahandaan,FIL,22246,
1380,:,SYM,22247,
1380,Sa,FIL,22248,
1380,Calabarzon,FIL,22249,NE
1380,",",SYM,22250,
1380,magbubukas,FIL,22251,
1380,na,FIL,22252,
1380,ulit,FIL,22253,
1380,ang,FIL,22254,
1380,klase,FIL,22255,
1380,matapos,FIL,22256,
1380,ang,FIL,22257,
1380,3,NUM,22258,
1380,linggong,FIL,22259,
1380,pahinga,FIL,22260,
1380,dahil,FIL,22261,
1380,sa,FIL,22262,
1380,health,ENG,22263,
1380,break,ENG,22264,
1380,at,FIL,22265,
1380,mid-year,ENG,22266,
1380,break,ENG,22267,
1380,.,SYM,22268,
1383,Marami,FIL,22269,
1383,rin,FIL,22270,
1383,ang,FIL,22271,
1383,ganyang,FIL,22272,
1383,kwento,FIL,22273,
1383,na,FIL,22274,
1383,nagpatotoo,FIL,22275,
1383,sa,FIL,22276,
1383,kalupitan,FIL,22277,
1383,ng,FIL,22278,
1383,Marcoses,FIL,22279,NE
1383,sa,FIL,22280,
1383,non-supporters,ENG,22281,
1383,nila,FIL,22282,
1383,",",SYM,22283,
1383,again,ENG,22284,
1383,kaya,FIL,22285,
1383,mo,FIL,22286,
1383,ba,FIL,22287,
1383,magpatawad,FIL,22288,
1383,sa,FIL,22289,
1383,mga,FIL,22290,
1383,oppressors,ENG,22291,
1383,ng,FIL,22292,
1383,pamilya,FIL,22293,
1383,mo,FIL,22294,
1383,?,SYM,22295,
1384,Nabasa,FIL,22296,
1384,nga,FIL,22297,
1384,ni,FIL,22298,
1384,Pokwang,UNK,22299,NE
1384,ang,FIL,22300,
1384,balita,FIL,22301,
1384,",",SYM,22302,
1384,at,FIL,22303,
1384,agad,FIL,22304,
1384,niyang,FIL,22305,
1384,inalok,FIL,22306,
1384,ang,FIL,22307,
1384,kanyang,FIL,22308,
1384,bahay,FIL,22309,
1384,kay,FIL,22310,
1384,Miss,ENG,22311,
1384,Myanmar,UNK,22312,NE
1384,.,SYM,22313,
1385,Kami,FIL,22314,
1385,na,FIL,22315,
1385,nagreklamo,FIL,22316,
1385,sa,FIL,22317,
1385,pagkawala,FIL,22318,
1385,ng,FIL,22319,
1385,pera,FIL,22320,
1385,ko,FIL,22321,
1385,na,FIL,22322,
1385,sana,FIL,22323,
1385,pangpagamot,FIL,22324,
1385,ko,FIL,22325,
1385,ng,FIL,22326,
1385,mga,FIL,22327,
1385,panahon,FIL,22328,
1385,na,FIL,22329,
1385,yun,FIL,22330,
1385,ako,FIL,22331,
1385,pa,FIL,22332,
1385,pinalabas,FIL,22333,
1385,na,FIL,22334,
1385,may,FIL,22335,
1385,kasalanan,FIL,22336,
1385,ng,FIL,22337,
1385,bangko,FIL,22338,
1385,na,FIL,22339,
1385,yan,FIL,22340,
1385,!,SYM,22341,
1387,I,ENG,22342,
1387,didnt,ENG,22343,
1387,expect,ENG,22344,
1387,na,FIL,22345,
1387,ang,FIL,22346,
1387,dami,FIL,22347,
1387,kung,FIL,22348,
1387,natutunan,FIL,22349,
1387,sa,FIL,22350,
1387,interview,ENG,22351,
1387,nato,FIL,22352,
1387,.,SYM,22353,
1388,Sinabi,FIL,22354,
1388,ni,FIL,22355,
1388,Domagoso,UNK,22356,NE
1388,nitong,FIL,22357,
1388,Linggo,FIL,22358,NE
1388,",",SYM,22359,
1388,Marso,FIL,22360,NE
1388,1,NUM,22361,
1388,",",SYM,22362,
1388,na,FIL,22363,
1388,gagamitin,FIL,22364,
1388,niya,FIL,22365,
1388,ang,FIL,22366,
1388,mga,FIL,22367,
1388,malilikom,FIL,22368,
1388,sa,FIL,22369,
1388,tax,ENG,22370,
1388,debts,ENG,22371,
1388,para,FIL,22372,
1388,matulungan,FIL,22373,
1388,ang,FIL,22374,
1388,mga,FIL,22375,
1388,Pilipinong,FIL,22376,NE
1388,naapektuhan,FIL,22377,
1388,ng,FIL,22378,
1388,coronavirus,ENG,22379,
1388,disease,ENG,22380,
1388,(,SYM,22381,
1388,COVID-19,ENG,22382,"ABB,NE"
1388,),SYM,22383,
1388,pandemic,ENG,22384,
1388,.,SYM,22385,
1389,isang,FIL,22386,
1389,album,ENG,22387,
1389,n,FIL,22388,
1389,mabibili,FIL,22389,
1389,mo,FIL,22390,
1389,dyan,FIL,22391,
1390,Kilala,FIL,22392,
1390,ang,FIL,22393,
1390,umanoy,FIL,22394,
1390,drug,ENG,22395,
1390,lord,ENG,22396,
1390,dati,FIL,22397,
1390,bilang,FIL,22398,
1390,isa,FIL,22399,
1390,sa,FIL,22400,
1390,mga,FIL,22401,
1390,nakakapuslit,FIL,22402,
1390,ng,FIL,22403,
1390,kilo-kilong,FIL,22404,
1390,droga,FIL,22405,
1390,sa,FIL,22406,
1390,buong,FIL,22407,
1390,Visayas,FIL,22408,NE
1390,.,SYM,22409,
1391,Di,FIL,22410,
1391,yun,FIL,22411,
1391,paninira,FIL,22412,
1391,sa,FIL,22413,
1391,Pilipinas,FIL,22414,NE
1391,yun,FIL,22415,
1391,ang,FIL,22416,
1391,totoong,FIL,22417,
1391,nangyayari,FIL,22418,
1391,sa,FIL,22419,
1391,Pilipinas,FIL,22420,NE
1391,ngayon,FIL,22421,
1391,sa,FIL,22422,
1391,ilalim,FIL,22423,
1391,ng,FIL,22424,
1391,Presidente,FIL,22425,
1391,mo,FIL,22426,
1391,na,FIL,22427,
1391,berdugo,FIL,22428,
1391,.,SYM,22429,
1392,Kastress,UNK,22430,
1392,tong,FIL,22431,
1392,mga,FIL,22432,
1392,kailangan,FIL,22433,
1392,lakarin,FIL,22434,
1392,sa,FIL,22435,
1392,work,ENG,22436,
1392,ah,UNK,22437,EXPR
1392,ayoko,FIL,22438,
1392,na,FIL,22439,
1394,Matatabunan,FIL,22440,
1394,din,FIL,22441,
1394,ba,FIL,22442,
1394,ako,FIL,22443,
1394,ng,FIL,22444,
1394,oppai,UNK,22445,
1394,ni,FIL,22446,
1394,Saeko,UNK,22447,NE
1394,pag,FIL,22448,
1394,nagkazombie,FIL,22449,
1394,apocalypse,ENG,22450,
1394,?,SYM,22451,
1396,Dapat,FIL,22452,
1396,talaga,FIL,22453,
1396,na,FIL,22454,
1396,matalino,FIL,22455,
1396,tayo,FIL,22456,
1396,sa,FIL,22457,
1396,pagboto,FIL,22458,
1396,",",SYM,22459,
1396,huwag,FIL,22460,
1396,magpaloko,FIL,22461,
1396,sa,FIL,22462,
1396,mabulaklak,FIL,22463,
1396,ang,FIL,22464,
1396,sinasabi,FIL,22465,
1396,",",SYM,22466,
1396,huwag,FIL,22467,
1396,agad-agad,FIL,22468,
1396,bibigay,FIL,22469,
1396,",",SYM,22470,
1396,kilalanin,FIL,22471,
1396,maigi,FIL,22472,
1396,.,SYM,22473,
1397,I,ENG,22474,
1397,heard,ENG,22475,
1397,ready,ENG,22476,
1397,na,FIL,22477,
1397,yon,FIL,22478,
1397,magtake,FIL,22479,
1397,ng,FIL,22480,
1397,risk,ENG,22481,
1397,sa,FIL,22482,
1397,love,ENG,22483,
1397,eh,UNK,22484,EXPR
1397,.,SYM,22485,
1399,Kabanata,FIL,22486,
1399,70,NUM,22487,
1399,Na,FIL,22488,
1399,ang,FIL,22489,
1399,Aking,FIL,22490,
1399,mga,FIL,22491,
1399,misteryo,FIL,22492,
1399,ay,FIL,22493,
1399,ibinubunyag,FIL,22494,
1399,at,FIL,22495,
1399,bukas,FIL,22496,
1399,na,FIL,22497,
1399,namamalas,FIL,22498,
1399,",",SYM,22499,
1399,at,FIL,22500,
1399,hindi,FIL,22501,
1399,na,FIL,22502,
1399,nakatago,FIL,22503,
1399,",",SYM,22504,
1399,ay,FIL,22505,
1399,lubusang,FIL,22506,
1399,dahil,FIL,22507,
1399,sa,FIL,22508,
1399,Aking,FIL,22509,
1399,biyaya,FIL,22510,
1399,at,FIL,22511,
1399,awa,FIL,22512,
1399,.,SYM,22513,
1400,Ano,FIL,22514,
1400,ba,FIL,22515,
1400,ang,FIL,22516,
1400,problema,FIL,22517,
1400,mo,FIL,22518,
1400,at,FIL,22519,
1400,ang,FIL,22520,
1400,ingay-ingay,FIL,22521,
1400,mo,FIL,22522,
1400,",",SYM,22523,
1400,wika,FIL,22524,
1400,umano,FIL,22525,
1400,ni,FIL,22526,
1400,Ladia,UNK,22527,NE
1400,na,FIL,22528,
1400,sinagot,FIL,22529,
1400,naman,FIL,22530,
1400,ng,FIL,22531,
1400,biktima,FIL,22532,
1400,na,FIL,22533,
1400,bakit,FIL,22534,
1400,pag,FIL,22535,
1400,sinabi,FIL,22536,
1400,ko,FIL,22537,
1400,ba,FIL,22538,
1400,sayo,FIL,22539,
1400,masusulusyunan,FIL,22540,
1400,mo,FIL,22541,
1400,?,SYM,22542,
1401,Wala,FIL,22543,
1401,naman,FIL,22544,
1401,umanong,FIL,22545,
1401,maisip,FIL,22546,
1401,na,FIL,22547,
1401,dahilan,FIL,22548,
1401,ang,FIL,22549,
1401,asawa,FIL,22550,
1401,nito,FIL,22551,
1401,kung,FIL,22552,
1401,bakit,FIL,22553,
1401,umabot,FIL,22554,
1401,sa,FIL,22555,
1401,desisyong,FIL,22556,
1401,magbigti,FIL,22557,
1401,ang,FIL,22558,
1401,kanyang,FIL,22559,
1401,misis,FIL,22560,
1401,.,SYM,22561,
1402,Mga,FIL,22562,
1402,bias,ENG,22563,
1402,kayo,FIL,22564,
1402,na,FIL,22565,
1402,istasyon,FIL,22566,
1402,dapat,FIL,22567,
1402,lang,FIL,22568,
1402,kayo,FIL,22569,
1402,magsara,FIL,22570,
1403,"""",SYM,22571,
1403,hindi,FIL,22572,
1403,ah,UNK,22573,EXPR
1403,",",SYM,22574,
1403,titingin,FIL,22575,
1403,ako,FIL,22576,
1403,hanggang,FIL,22577,
1403,sa,FIL,22578,
1403,taas,FIL,22579,
1403,"""",SYM,22580,
1403,sabi,FIL,22581,
1403,ko,FIL,22582,
1403,at,FIL,22583,
1403,tumingin,FIL,22584,
1403,sa,FIL,22585,
1403,kanya,FIL,22586,
1403,.,SYM,22587,
1405,nko,FIL,22588,ABB
1405,po,FIL,22589,
1405,wag,FIL,22590,
1405,ka,FIL,22591,
1405,paapekto,FIL,22592,
1405,sa,FIL,22593,
1405,mga,FIL,22594,
1405,boshers,ENG,22595,
1405,mo,FIL,22596,
1405,kailangan,FIL,22597,
1405,tangapin,FIL,22598,
1405,mo,FIL,22599,
1405,sa,FIL,22600,
1405,sarili,FIL,22601,
1405,mo,FIL,22602,
1405,di,FIL,22603,
1405,lahat,FIL,22604,
1405,ng,FIL,22605,
1405,tao,FIL,22606,
1405,ma,FIL,22607,
1405,sa,FIL,22608,
1405,satisfies,FIL,22609,
1405,mo,FIL,22610,
1405,yaan,FIL,22611,
1405,mo,FIL,22612,
1405,cla,FIL,22613,ABB
1405,mamoblema,FIL,22614,
1405,syo,FIL,22615,ABB
1405,wag,FIL,22616,
1405,mo,FIL,22617,
1405,.,SYM,22618,
1408,Sinasabi,FIL,22619,
1408,niyo,FIL,22620,
1408,na,FIL,22621,
1408,di,FIL,22622,
1408,pa,FIL,22623,
1408,ako,FIL,22624,
1408,nagbabago,FIL,22625,
1408,na,FIL,22626,
1408,mas,FIL,22627,
1408,lumala,FIL,22628,
1408,ugali,FIL,22629,
1408,ko,FIL,22630,
1408,",",SYM,22631,
1408,lahat,FIL,22632,
1408,kasi,FIL,22633,
1408,may,FIL,22634,
1408,proseso,FIL,22635,
1408,.,SYM,22636,
1409,Ang,FIL,22637,
1409,iitim,FIL,22638,
1409,nyo,FIL,22639,
1409,ang,FIL,22640,
1409,babaho,FIL,22641,
1409,nyo,FIL,22642,
1411,ang,FIL,22643,
1411,dami,FIL,22644,
1411,kong,FIL,22645,
1411,gagawin,FIL,22646,
1411,natataranta,FIL,22647,
1411,ako,FIL,22648,
1411,pero,FIL,22649,
1411,kelangan,FIL,22650,
1411,cute,ENG,22651,
1411,pa,FIL,22652,
1411,din,FIL,22653,
1412,nanginginig,FIL,22654,
1412,tapos,FIL,22655,
1412,ang,FIL,22656,
1412,init,FIL,22657,
1412,ng,FIL,22658,
1412,katawan,FIL,22659,
1412,ko,FIL,22660,
1412,hahahahahaha,UNK,22661,EXPR
1412,potanginuah,UNK,22662,EXPR
1412,alak,FIL,22663,
1412,pa,FIL,22664,
1412,!,SYM,22665,
1413,We,ENG,22666,
1413,just,ENG,22667,
1413,try,ENG,22668,
1413,to,ENG,22669,
1413,make,ENG,22670,
1413,some,ENG,22671,
1413,momentum,ENG,22672,
1413,for,ENG,22673,
1413,our,ENG,22674,
1413,team,ENG,22675,
1413,",",SYM,22676,
1413,kasi,FIL,22677,
1413,mabilis,FIL,22678,
1413,lang,FIL,22679,
1413,ang,FIL,22680,
1413,conference,ENG,22681,
1413,and,ENG,22682,
1413,dikit,FIL,22683,
1413,ang,FIL,22684,
1413,standings,ENG,22685,
1413,",",SYM,22686,
1413,sabi,FIL,22687,
1413,ni,FIL,22688,
1413,Cabagnot,UNK,22689,NE
1413,na,FIL,22690,
1413,tinulungan,FIL,22691,
1413,ang,FIL,22692,
1413,Beermen,UNK,22693,NE
1413,sa,FIL,22694,
1413,kabuuang,FIL,22695,
1413,30-15,NUM,22696,
1413,atake,FIL,22697,
1413,sa,FIL,22698,
1413,ikatlong,FIL,22699,
1413,yugto,FIL,22700,
1413,matapos,FIL,22701,
1413,na,FIL,22702,
1413,maglaho,FIL,22703,
1413,ang,FIL,22704,
1413,10-puntos,UNK,22705,
1413,na,FIL,22706,
1413,abante,FIL,22707,
1413,at,FIL,22708,
1413,kapitan,FIL,22709,
1413,ang,FIL,22710,
1413,39-38,NUM,22711,
1413,abante,FIL,22712,
1413,pagpasok,FIL,22713,
1413,ng,FIL,22714,
1413,ikatlong,FIL,22715,
1413,stanza,ENG,22716,
1413,.,SYM,22717,
1414,umalis,FIL,22718,
1414,na,FIL,22719,
1414,yong,FIL,22720,
1414,anak,FIL,22721,
1414,kaya,FIL,22722,
1414,ngayon,FIL,22723,
1414,lang,FIL,22724,
1414,siya,FIL,22725,
1414,nag,FIL,22726,
1414,sumbong,FIL,22727,
1414,!,SYM,22728,
1415,Lord,ENG,22729,NE
1415,sana,FIL,22730,
1415,maipasa,FIL,22731,
1415,ko,FIL,22732,
1415,lahat,FIL,22733,
1415,ng,FIL,22734,
1415,exam,ENG,22735,
1415,",",SYM,22736,
1415,sure,ENG,22737,
1415,ako,FIL,22738,
1415,pag,FIL,22739,
1415,may,FIL,22740,
1415,nabagsak,FIL,22741,
1415,ko,FIL,22742,
1415,failure,ENG,22743,
1415,na,FIL,22744,
1415,tingin,FIL,22745,
1415,ng,FIL,22746,
1415,lahat,FIL,22747,
1416,Kaya,FIL,22748,
1416,nga,FIL,22749,
1416,",",SYM,22750,
1416,sinasabi,FIL,22751,
1416,ng,FIL,22752,
1416,Diyos,FIL,22753,NE
1416,",",SYM,22754,
1416,Para,FIL,22755,
1416,din,FIL,22756,
1416,silang,FIL,22757,
1416,mga,FIL,22758,
1416,hayop,FIL,22759,
1416,na,FIL,22760,
1416,nagsisitakas,FIL,22761,
1416,mula,FIL,22762,
1416,sa,FIL,22763,
1416,Aking,FIL,22764,
1416,liwanag,FIL,22765,
1416,upang,FIL,22766,
1416,magkubli,FIL,22767,
1416,sa,FIL,22768,
1416,mga,FIL,22769,
1416,kuweba,FIL,22770,
1416,sa,FIL,22771,
1416,bundok,FIL,22772,
1416,subalit,FIL,22773,
1416,wala,FIL,22774,
1416,ni,FIL,22775,
1416,isa,FIL,22776,
1416,sa,FIL,22777,
1416,kanila,FIL,22778,
1416,ang,FIL,22779,
1416,maaaring,FIL,22780,
1416,maglaho,FIL,22781,
1416,mula,FIL,22782,
1416,sa,FIL,22783,
1416,sakop,FIL,22784,
1416,ng,FIL,22785,
1416,Aking,FIL,22786,
1416,liwanag,FIL,22787,
1416,.,SYM,22788,
1417,At,FIL,22789,
1417,may,FIL,22790,
1417,pang-aasar,FIL,22791,
1417,pa,FIL,22792,
1417,ang,FIL,22793,
1417,boomerang,ENG,22794,
1417,post,ENG,22795,
1417,na,FIL,22796,
1417,`yon,FIL,22797,
1417,ni,FIL,22798,
1417,Dominic,UNK,22799,NE
1417,",",SYM,22800,
1417,dahil,FIL,22801,
1417,naka-belat,FIL,22802,
1417,talaga,FIL,22803,
1417,siya,FIL,22804,
1417,",",SYM,22805,
1417,o,FIL,22806,
1417,labas,FIL,22807,
1417,dila,FIL,22808,
1417,",",SYM,22809,
1417,na,FIL,22810,
1417,parang,FIL,22811,
1417,sinasabi,FIL,22812,
1417,na,FIL,22813,
1417,mamatay,FIL,22814,
1417,kayo,FIL,22815,
1417,sa,FIL,22816,
1417,inggit,FIL,22817,
1417,na,FIL,22818,
1417,mga,FIL,22819,
1417,basher,ENG,22820,
1417,kayo,FIL,22821,
1417,.,SYM,22822,
1418,sana,FIL,22823,
1418,pagdabogan,FIL,22824,
1418,ka,FIL,22825,
1418,ng,FIL,22826,
1418,lola,FIL,22827,
1418,mo,FIL,22828,
1419,Ang,FIL,22829,
1419,sinasabing,FIL,22830,
1419,dahilan,FIL,22831,
1419,ng,FIL,22832,
1419,laboratoryo,FIL,22833,
1419,kay,FIL,22834,
1419,"""",SYM,22835,
1419,Donna,UNK,22836,NE
1419,"""",SYM,22837,
1419,ay,FIL,22838,
1419,sadyang,FIL,22839,
1419,maraming,FIL,22840,
1419,nagpapa-test,UNK,22841,
1419,ngayon,FIL,22842,
1419,kaya,FIL,22843,
1419,hindi,FIL,22844,
1419,agad,FIL,22845,
1419,nalalabas,FIL,22846,
1419,ang,FIL,22847,
1419,test,ENG,22848,
1419,results,ENG,22849,
1419,.,SYM,22850,
1421,Yan,FIL,22851,
1421,kasi,FIL,22852,
1421,ang,FIL,22853,
1421,totoong,FIL,22854,
1421,pagmamahal,FIL,22855,
1421,ng,FIL,22856,
1421,pamilya,FIL,22857,
1421,.,SYM,22858,
1422,Sa,FIL,22859,
1422,tingin,FIL,22860,
1422,ng,FIL,22861,
1422,LTFRB,FIL,22862,"ABB,NE"
1422,",",SYM,22863,
1422,ginagamit,FIL,22864,
1422,ng,FIL,22865,
1422,mga,FIL,22866,
1422,operators,ENG,22867,
1422,ang,FIL,22868,
1422,kalituhan,FIL,22869,
1422,para,FIL,22870,
1422,isulong,FIL,22871,
1422,ang,FIL,22872,
1422,kanilang,FIL,22873,
1422,kahilingan,FIL,22874,
1422,na,FIL,22875,
1422,aprubahan,FIL,22876,
1422,ang,FIL,22877,
1422,paggamit,FIL,22878,
1422,ng,FIL,22879,
1422,kanilang,FIL,22880,
1422,mga,FIL,22881,
1422,pribadong,FIL,22882,
1422,terminal,ENG,22883,
1422,anumang,FIL,22884,
1422,oras,FIL,22885,
1422,",",SYM,22886,
1422,at,FIL,22887,
1422,naging,FIL,22888,
1422,hostage,ENG,22889,
1422,ang,FIL,22890,
1422,libu-libong,FIL,22891,
1422,pasaherong,FIL,22892,
1422,walang,FIL,22893,
1422,masakyan,FIL,22894,
1422,.,SYM,22895,
1423,Ayon,FIL,22896,
1423,sa,FIL,22897,
1423,hepe,FIL,22898,
1423,ng,FIL,22899,
1423,Tiaong,UNK,22900,NE
1423,Municipal,ENG,22901,NE
1423,Police,ENG,22902,NE
1423,Station,ENG,22903,NE
1423,",",SYM,22904,
1423,maaring,FIL,22905,
1423,paghihiganti,FIL,22906,
1423,kay,FIL,22907,
1423,dating,FIL,22908,
1423,kapitan,FIL,22909,
1423,Richard,UNK,22910,NE
1423,Nitro,UNK,22911,NE
1423,ang,FIL,22912,
1423,nakikita,FIL,22913,
1423,nilang,FIL,22914,
1423,motibo,FIL,22915,
1423,sa,FIL,22916,
1423,pamamaril,FIL,22917,
1423,.,SYM,22918,
1424,Sa,FIL,22919,
1424,mga,FIL,22920,
1424,taken,ENG,22921,
1424,",",SYM,22922,
1424,dineretso,FIL,22923,
1424,niyo,FIL,22924,
1424,ba,FIL,22925,
1424,na,FIL,22926,
1424,same,ENG,22927,
1424,sex,ENG,22928,
1424,ang,FIL,22929,
1424,kasintahan,FIL,22930,
1424,niyo,FIL,22931,
1424,?,SYM,22932,
1425,Hindi,FIL,22933,
1425,napigilang,FIL,22934,
1425,maglabas,FIL,22935,
1425,ng,FIL,22936,
1425,saloobin,FIL,22937,
1425,ang,FIL,22938,
1425,singer,ENG,22939,
1425,at,FIL,22940,
1425,Kakampink,FIL,22941,NE
1425,na,FIL,22942,
1425,si,FIL,22943,
1425,Bituin,UNK,22944,NE
1425,Escalante,UNK,22945,NE
1425,sa,FIL,22946,
1425,balitang,FIL,22947,
1425,natakpan,FIL,22948,
1425,umano,FIL,22949,
1425,ng,FIL,22950,
1425,tent,ENG,22951,
1425,ang,FIL,22952,
1425,rebulto,FIL,22953,
1425,ni,FIL,22954,
1425,dating,FIL,22955,
1425,Senador,FIL,22956,
1425,Benigno,UNK,22957,NE
1425,Ninoy,UNK,22958,NE
1425,Aquino,UNK,22959,NE
1425,Jnr,UNK,22960,ABB
1425,sa,FIL,22961,
1425,plaza,ENG,22962,
1425,sa,FIL,22963,
1425,labas,FIL,22964,
1425,ng,FIL,22965,
1425,city,ENG,22966,
1425,hall,ENG,22967,
1425,",",SYM,22968,
1425,sa,FIL,22969,
1425,sortie,ENG,22970,
1425,ng,FIL,22971,
1425,UniTeam,UNK,22972,NE
1425,sa,FIL,22973,
1425,Tarlac,UNK,22974,NE
1425,.,SYM,22975,
1426,Nauubos,FIL,22976,
1426,ang,FIL,22977,
1426,pasensya,FIL,22978,
1426,ko,FIL,22979,
1426,sa,FIL,22980,
1426,patalastas,FIL,22981,
1426,.,SYM,22982,
1427,Punahin,FIL,22983,
1427,ang,FIL,22984,
1427,bawat,FIL,22985,
1427,maling,FIL,22986,
1427,desisyon,FIL,22987,
1427,.,SYM,22988,
1428,Gusto,FIL,22989,
1428,nla,FIL,22990,ABB
1428,mg,FIL,22991,ABB
1428,ina,FIL,22992,
1428,naiikita,FIL,22993,
1428,ginagawa,FIL,22994,
1428,n,FIL,22995,ABB
1428,kuya,FIL,22996,
1428,kc,FIL,22997,ABB
1428,alm,FIL,22998,ABB
1428,ang,FIL,22999,
1428,oras,FIL,23000,
1428,hahaha,UNK,23001,EXPR
1428,nsa,FIL,23002,ABB
1428,bahay,FIL,23003,
1428,xa,FIL,23004,ABB
1428,nkabantay,FIL,23005,
1428,silang,FIL,23006,
1428,mg,FIL,23007,ABB
1428,ina,FIL,23008,
1428,parang,FIL,23009,
1428,si,FIL,23010,
1428,kuya,FIL,23011,
1428,ang,FIL,23012,
1428,inaabanagan,FIL,23013,
1428,sana,FIL,23014,
1428,magsara,FIL,23015,
1428,kayo,FIL,23016,
1428,bintana,FIL,23017,
1428,o,FIL,23018,
1428,pinyo,FIL,23019,
1428,bekt,FIL,23020,
1428,kailngan,FIL,23021,
1428,n,FIL,23022,ABB
1428,pg,FIL,23023,ABB
1428,aksayahan,FIL,23024,
1428,nyo,FIL,23025,ABB
1428,ng,FIL,23026,
1428,time,ENG,23027,
1428,alm,FIL,23028,ABB
1428,nyo,FIL,23029,ABB
1428,pla,FIL,23030,ABB
1428,ganun,FIL,23031,
1428,fnkayo,UNK,23032,
1428,ang,FIL,23033,
1428,mg,FIL,23034,ABB
1428,sara,FIL,23035,
1429,Pero,FIL,23036,
1429,",",SYM,23037,
1429,bago,FIL,23038,
1429,sila,FIL,23039,
1429,lumipad,FIL,23040,
1429,pa-Thailand,FIL,23041,NE
1429,",",SYM,23042,
1429,aliw,FIL,23043,
1429,ang,FIL,23044,
1429,Instagram,ENG,23045,NE
1429,post,ENG,23046,
1429,ni,FIL,23047,
1429,Xian,UNK,23048,NE
1429,",",SYM,23049,
1429,na,FIL,23050,
1429,tila,FIL,23051,
1429,nagrereklamo,FIL,23052,
1429,siya,FIL,23053,
1429,sa,FIL,23054,
1429,mga,FIL,23055,
1429,bahagi,FIL,23056,
1429,ng,FIL,23057,
1429,dyowa,FIL,23058,
1429,niya,FIL,23059,
1429,",",SYM,23060,
1429,na,FIL,23061,
1429,akala,FIL,23062,
1429,mo,FIL,23063,
1429,ay,FIL,23064,
1429,lalaban,FIL,23065,
1429,ng,FIL,23066,
1429,Miss,ENG,23067,NE
1429,Universe,ENG,23068,NE
1429,",",SYM,23069,
1429,dahil,FIL,23070,
1429,sa,FIL,23071,
1429,rami,FIL,23072,
1429,ng,FIL,23073,
1429,bitbit,FIL,23074,
1429,.,SYM,23075,
1430,ang,FIL,23076,
1430,husay,FIL,23077,
1430,mo,FIL,23078,
1430,talaga,FIL,23079,
1430,gumawa,FIL,23080,
1430,ng,FIL,23081,
1430,content,ENG,23082,
1430,NICE,ENG,23083,
1430,PMC,UNK,23084,"ABB,NE"
1430,isa,FIL,23085,
1430,sa,FIL,23086,
1430,mga,FIL,23087,
1430,most,ENG,23088,
1430,favorite,ENG,23089,
1430,blogger,ENG,23090,
1430,sa,FIL,23091,
1430,youtube,ENG,23092,NE
1431,Sana,FIL,23093,
1431,talaga,FIL,23094,
1431,may,FIL,23095,
1431,bitay,FIL,23096,
1431,ng,FIL,23097,
1431,parusa,FIL,23098,
1431,dito,FIL,23099,
1431,sa,FIL,23100,
1431,bansa,FIL,23101,
1431,natin,FIL,23102,
1431,",",SYM,23103,
1431,para,FIL,23104,
1431,maprotektahan,FIL,23105,
1431,tayo,FIL,23106,
1431,sa,FIL,23107,
1431,masasamang,FIL,23108,
1431,tao,FIL,23109,
1431,lalo,FIL,23110,
1431,na,FIL,23111,
1431,sa,FIL,23112,
1431,dayuhan,FIL,23113,
1432,kung,FIL,23114,
1432,nakarating,FIL,23115,
1432,ka,FIL,23116,
1432,lang,FIL,23117,
1432,ng,FIL,23118,
1432,Bataan,UNK,23119,NE
1432,at,FIL,23120,
1432,isa,FIL,23121,
1432,ako,FIL,23122,
1432,sa,FIL,23123,
1432,natanong,FIL,23124,
1432,mo,FIL,23125,
1432,sobrang,FIL,23126,
1432,daming,FIL,23127,
1432,vlogs,ENG,23128,
1432,mo,FIL,23129,
1432,ang,FIL,23130,
1432,kaya,FIL,23131,
1432,kong,FIL,23132,
1432,sabihin,FIL,23133,
1432,!,SYM,23134,
1433,Nagkatamadan,FIL,23135,
1433,na,FIL,23136,
1433,kagabi,FIL,23137,
1433,mag,FIL,23138,
1433,laro,FIL,23139,
1433,",",SYM,23140,
1433,sarap,FIL,23141,
1433,tumambay,FIL,23142,
1433,tawa,FIL,23143,
1433,ng,FIL,23144,
1433,tawa,FIL,23145,
1433,e,FIL,23146,
1433,HAHAHAHA,UNK,23147,EXPR
1434,Ayon,FIL,23148,
1434,pa,FIL,23149,
1434,sa,FIL,23150,
1434,senador,FIL,23151,
1434,",",SYM,23152,
1434,dapat,FIL,23153,
1434,ay,FIL,23154,
1434,ikinonsidera,FIL,23155,
1434,ang,FIL,23156,
1434,pag-ayaw,FIL,23157,
1434,ng,FIL,23158,
1434,tribung,FIL,23159,
1434,Dumagat-Remontado,UNK,23160,NE
1434,sa,FIL,23161,
1434,proyekto,FIL,23162,
1434,dahil,FIL,23163,
1434,maaapektuhan,FIL,23164,
1434,sila,FIL,23165,
1434,.,SYM,23166,
1435,Ginawa,FIL,23167,
1435,lahat,FIL,23168,
1435,to,FIL,23169,
1435,ni,FIL,23170,
1435,Tatay,FIL,23171,
1435,Digong,UNK,23172,NE
1435,para,FIL,23173,
1435,hindi,FIL,23174,
1435,na,FIL,23175,
1435,kayo,FIL,23176,
1435,matakot,FIL,23177,
1435,gumala,FIL,23178,
1435,sa,FIL,23179,
1435,gabi,FIL,23180,
1435,",",SYM,23181,
1435,kasi,FIL,23182,
1435,nabawasan,FIL,23183,
1435,na,FIL,23184,
1435,ang,FIL,23185,
1435,mga,FIL,23186,
1435,adik,FIL,23187,
1435,sa,FIL,23188,
1435,Pinas,FIL,23189,NE
1435,",",SYM,23190,
1435,hindi,FIL,23191,
1435,man,FIL,23192,
1435,naubos,FIL,23193,
1435,pero,FIL,23194,
1435,malaki,FIL,23195,
1435,na,FIL,23196,
1435,ang,FIL,23197,
1435,ibinawas,FIL,23198,
1435,.,SYM,23199,
1436,Ginagawa,FIL,23200,
1436,Niya,FIL,23201,
1436,ito,FIL,23202,
1436,sa,FIL,23203,
1436,pamamagitan,FIL,23204,
1436,ng,FIL,23205,
1436,pagsasalita,FIL,23206,
1436,ng,FIL,23207,
1436,mga,FIL,23208,
1436,salita,FIL,23209,
1436,",",SYM,23210,
1436,at,FIL,23211,
1436,sa,FIL,23212,
1436,pamamagitan,FIL,23213,
1436,ng,FIL,23214,
1436,paggawa,FIL,23215,
1436,at,FIL,23216,
1436,pagsasalita,FIL,23217,
1436,sa,FIL,23218,
1436,buong,FIL,23219,
1436,lupain,FIL,23220,
1436,.,SYM,23221,
1437,Ang,FIL,23222,
1437,sakit,FIL,23223,
1437,ng,FIL,23224,
1437,lumabas,FIL,23225,
1437,sya,FIL,23226,
1437,lakas,FIL,23227,
1437,iyak,FIL,23228,
1437,ko,FIL,23229,
1437,sa,FIL,23230,
1437,tahimik,FIL,23231,
1437,na,FIL,23232,
1437,hospital,ENG,23233,
1437,.,SYM,23234,
1438,Tila,FIL,23235,
1438,kayong,FIL,23236,
1438,naging,FIL,23237,
1438,mga,FIL,23238,
1438,alagad,FIL,23239,
1438,na,FIL,23240,
1438,hanggang,FIL,23241,
1438,ngayon,FIL,23242,
1438,ay,FIL,23243,
1438,naging,FIL,23244,
1438,masyadong,FIL,23245,
1438,masunurin,FIL,23246,
1438,",",SYM,23247,
1438,ngunit,FIL,23248,
1438,",",SYM,23249,
1438,ang,FIL,23250,
1438,totoo,FIL,23251,
1438,",",SYM,23252,
1438,hindi,FIL,23253,
1438,pa,FIL,23254,
1438,ninyo,FIL,23255,
1438,natatalikuran,FIL,23256,
1438,ang,FIL,23257,
1438,inyong,FIL,23258,
1438,mga,FIL,23259,
1438,palagay,FIL,23260,
1438,",",SYM,23261,
1438,naghahanap,FIL,23262,
1438,pa,FIL,23263,
1438,rin,FIL,23264,
1438,kayo,FIL,23265,
1438,sa,FIL,23266,
1438,Biblia,FIL,23267,NE
1438,",",SYM,23268,
1438,na,FIL,23269,
1438,naniniwala,FIL,23270,
1438,sa,FIL,23271,
1438,kalabuan,FIL,23272,
1438,",",SYM,23273,
1438,o,FIL,23274,
1438,paiba-iba,FIL,23275,
1438,ng,FIL,23276,
1438,mga,FIL,23277,
1438,palagay,FIL,23278,
1438,.,SYM,23279,
1439,Ayon,FIL,23280,
1439,kay,FIL,23281,
1439,BFAR,ENG,23282,"ABB,NE"
1439,director,ENG,23283,
1439,Eduardo,UNK,23284,NE
1439,Gongona,UNK,23285,NE
1439,",",SYM,23286,
1439,bilyong,FIL,23287,
1439,piso,FIL,23288,
1439,ang,FIL,23289,
1439,nawawala,FIL,23290,
1439,sa,FIL,23291,
1439,pamahalaan,FIL,23292,
1439,at,FIL,23293,
1439,sa,FIL,23294,
1439,mga,FIL,23295,
1439,legal,ENG,23296,
1439,na,FIL,23297,
1439,mangingisda,FIL,23298,
1439,dahil,FIL,23299,
1439,sa,FIL,23300,
1439,illegal,ENG,23301,
1439,fishing,ENG,23302,
1439,gaya,FIL,23303,
1439,ng,FIL,23304,
1439,paggamit,FIL,23305,
1439,ng,FIL,23306,
1439,hulbot-hulbot,FIL,23307,
1439,o,FIL,23308,
1439,buli-buli,FIL,23309,
1439,.,SYM,23310,
1440,andito,FIL,23311,
1440,na,FIL,23312,
1440,lang,FIL,23313,
1440,ata,FIL,23314,
1440,ako,FIL,23315,
1440,para,FIL,23316,
1440,sumali,FIL,23317,
1440,sa,FIL,23318,
1440,mga,FIL,23319,
1440,ga,FIL,23320,
1440,lmao,ENG,23321,ABB
1441,Nagpalabas,FIL,23322,
1441,ang,FIL,23323,
1441,NCIP,ENG,23324,"ABB,NE"
1441,ng,FIL,23325,
1441,cease-and-desist,ENG,23326,
1441,order,ENG,23327,
1441,(,SYM,23328,
1441,CDO,ENG,23329,ABB
1441,),SYM,23330,
1441,laban,FIL,23331,
1441,sa,FIL,23332,
1441,Hedcor,UNK,23333,NE
1441,matapos,FIL,23334,
1441,magreklamo,FIL,23335,
1441,ang,FIL,23336,
1441,tribong,FIL,23337,
1441,Bakun,UNK,23338,NE
1441,na,FIL,23339,
1441,naapektuhan,FIL,23340,
1441,ng,FIL,23341,
1441,kanilang,FIL,23342,
1441,operasyon,FIL,23343,
1441,.,SYM,23344,
1442,Sa,FIL,23345,
1442,halip,FIL,23346,
1442,na,FIL,23347,
1442,itago,FIL,23348,
1442,",",SYM,23349,
1442,dinisplay,FIL,23350,
1442,ni,FIL,23351,
1442,Maggie,UNK,23352,NE
1442,ang,FIL,23353,
1442,ilang,FIL,23354,
1442,mga,FIL,23355,
1442,larawan,FIL,23356,
1442,nila,FIL,23357,
1442,ni,FIL,23358,
1442,Victor,UNK,23359,NE
1442,kasama,FIL,23360,
1442,ang,FIL,23361,
1442,kanilang,FIL,23362,
1442,anak,FIL,23363,
1442,na,FIL,23364,
1442,si,FIL,23365,
1442,Connor,UNK,23366,NE
1442,.,SYM,23367,
1443,Sorry,ENG,23368,
1443,sumuko,FIL,23369,
1443,na,FIL,23370,
1443,ako,FIL,23371,
1443,kahapon,FIL,23372,
1443,sa,FIL,23373,
1443,NNN,UNK,23374,ABB
1443,nung,FIL,23375,
1443,nasa,FIL,23376,
1443,hotel,ENG,23377,
1443,ako,FIL,23378,
1443,kahapon,FIL,23379,
1443,XD,UNK,23380,EXPR
1445,Nakuha,FIL,23381,
1445,ng,FIL,23382,
1445,Splash,ENG,23383,NE
1445,Brothers,ENG,23384,NE
1445,ang,FIL,23385,
1445,pulso,FIL,23386,
1445,sa,FIL,23387,
1445,labas,FIL,23388,
1445,ng,FIL,23389,
1445,arc,ENG,23390,
1445,at,FIL,23391,
1445,ipinagpag,FIL,23392,
1445,ng,FIL,23393,
1445,Golden,ENG,23394,NE
1445,State,ENG,23395,NE
1445,ang,FIL,23396,
1445,Minnesota,UNK,23397,NE
1445,124-115,NUM,23398,
1445,Huwebes,FIL,23399,
1445,ng,FIL,23400,
1445,gabi,FIL,23401,
1445,sa,FIL,23402,
1445,Chase,ENG,23403,NE
1445,Center,ENG,23404,NE
1445,sa,FIL,23405,
1445,San,UNK,23406,NE
1445,Francisco,UNK,23407,NE
1445,.,SYM,23408,
1447,Dahil,FIL,23409,
1447,kahit,FIL,23410,
1447,na,FIL,23411,
1447,sabihin,FIL,23412,
1447,nating,FIL,23413,
1447,hindi,FIL,23414,
1447,mawawala,FIL,23415,
1447,ang,FIL,23416,
1447,Tagalog,FIL,23417,NE
1447,/,SYM,23418,
1447,Filipino,FIL,23419,NE
1447,pero,FIL,23420,
1447,nageevolve,FIL,23421,
1447,ang,FIL,23422,
1447,wika,FIL,23423,
1447,at,FIL,23424,
1447,isang,FIL,23425,
1447,dahilan,FIL,23426,
1447,nito,FIL,23427,
1447,ay,FIL,23428,
1447,ang,FIL,23429,
1447,hindi,FIL,23430,
1447,na,FIL,23431,
1447,paggamit,FIL,23432,
1447,sa,FIL,23433,
1447,mga,FIL,23434,
1447,"""",SYM,23435,
1447,lumang,FIL,23436,
1447,"""",SYM,23437,
1447,salita,FIL,23438,
1447,.,SYM,23439,
1450,But,ENG,23440,
1450,the,ENG,23441,
1450,question,ENG,23442,
1450,still,ENG,23443,
1450,holds,ENG,23444,
1450,:,SYM,23445,
1450,Sa,FIL,23446,
1450,unang,FIL,23447,
1450,2,NUM,23448,
1450,taon,FIL,23449,
1450,nya,FIL,23450,
1450,bilang,FIL,23451,
1450,VP,ENG,23452,ABB
1450,Leni,UNK,23453,NE
1450,",",SYM,23454,
1450,umangat,FIL,23455,
1450,nga,FIL,23456,
1450,ba,FIL,23457,
1450,ang,FIL,23458,
1450,buhay,FIL,23459,
1450,mg,FIL,23460,ABB
1450,155k,NUM,23461,
1450,pamilya,FIL,23462,
1450,?,SYM,23463,
1451,Nang,FIL,23464,
1451,makita,FIL,23465,
1451,ito,FIL,23466,
1451,ni,FIL,23467,
1451,Sharon,UNK,23468,NE
1451,",",SYM,23469,
1451,binili,FIL,23470,
1451,niya,FIL,23471,
1451,ito,FIL,23472,
1451,agad,FIL,23473,
1451,sa,FIL,23474,
1451,halagang,FIL,23475,
1451,P15K,NUM,23476,
1451,.,SYM,23477,
1454,Realtalk,ENG,23478,
1454,Ikaw,FIL,23479,
1454,ang,FIL,23480,
1454,nagbalik,FIL,23481,
1454,sakin,FIL,23482,
1454,sa,FIL,23483,
1454,pakikinig,FIL,23484,
1454,ng,FIL,23485,
1454,mga,FIL,23486,
1454,musika,FIL,23487,
1454,.,SYM,23488,
1457,Alam,FIL,23489,
1457,nyo,FIL,23490,
1457,gagawin,FIL,23491,
1457,ko,FIL,23492,
1457,",",SYM,23493,
1457,iikutin,FIL,23494,
1457,ko,FIL,23495,
1457,ang,FIL,23496,
1457,buong,FIL,23497,
1457,baryo,FIL,23498,
1457,wag,FIL,23499,
1457,lang,FIL,23500,
1457,niya,FIL,23501,
1457,akong,FIL,23502,
1457,makita,FIL,23503,
1457,.,SYM,23504,
1458,Malaking,FIL,23505,
1458,bagay,FIL,23506,
1458,ang,FIL,23507,
1458,magagawa,FIL,23508,
1458,ng,FIL,23509,
1458,San,UNK,23510,NE
1458,Miguel,UNK,23511,NE
1458,sa,FIL,23512,
1458,aking,FIL,23513,
1458,mga,FIL,23514,
1458,kababayan,FIL,23515,
1458,sa,FIL,23516,
1458,Bulacan,UNK,23517,NE
1458,.,SYM,23518,
1459,"""",SYM,23519,
1459,,SYM,23520,
1459,Tinulungan,FIL,23521,
1459,niyang,FIL,23522,
1459,isara,FIL,23523,
1459,ang,FIL,23524,
1459,zipper,ENG,23525,
1459,ng,FIL,23526,
1459,damit,FIL,23527,
1459,ni,FIL,23528,
1459,Maria,UNK,23529,NE
1459,.,SYM,23530,
1460,Sinong,FIL,23531,
1460,hindi,FIL,23532,
1460,nagpipitagan,FIL,23533,
1460,sa,FIL,23534,
1460,Akin,FIL,23535,
1460,sa,FIL,23536,
1460,langit,FIL,23537,
1460,?,SYM,23538,
1461,may,FIL,23539,
1461,gana,FIL,23540,
1461,pa,FIL,23541,
1461,akong,FIL,23542,
1461,iautofill,UNK,23543,
1461,tas,FIL,23544,
1461,ang,FIL,23545,
1461,ibibigay,FIL,23546,
1461,sa,FIL,23547,
1461,main,ENG,23548,
1461,role,ENG,23549,
1461,ko,FIL,23550,
1461,basura,FIL,23551,
1461,nuyun,FIL,23552,
1462,Ang,FIL,23553,
1462,sakit,FIL,23554,
1462,lang,FIL,23555,
1462,isipin,FIL,23556,
1462,na,FIL,23557,
1462,kung,FIL,23558,
1462,ano,FIL,23559,
1462,pang,FIL,23560,
1462,mga,FIL,23561,
1462,banda,FIL,23562,
1462,ang,FIL,23563,
1462,mas,FIL,23564,
1462,maganda,FIL,23565,
1462,ang,FIL,23566,
1462,pinapahiwatig,FIL,23567,
1462,(,SYM,23568,
1462,katulad,FIL,23569,
1462,ng,FIL,23570,
1462,ben&ben,UNK,23571,NE
1462,),SYM,23572,
1462,eh,FIL,23573,
1462,sila,FIL,23574,
1462,pa,FIL,23575,
1462,yung,FIL,23576,
1462,konti,FIL,23577,
1462,ang,FIL,23578,
1462,suporta,FIL,23579,
1462,at,FIL,23580,
1462,nakakaappreciate,UNK,23581,
1463,Di,FIL,23582,
1463,ba,FIL,23583,
1463,dapat,FIL,23584,
1463,sila,FIL,23585,
1463,ang,FIL,23586,
1463,magduduet,FIL,23587,
1463,kc,FIL,23588,ABB
1463,ayaw,FIL,23589,
1463,ni,FIL,23590,
1463,boi,ENG,23591,
1463,makipagduet,FIL,23592,
1463,kay,FIL,23593,
1463,MM,UNK,23594,"ABB,NE"
1463,.,SYM,23595,
1464,Mga,FIL,23596,
1464,marcos,UNK,23597,NE
1464,ang,FIL,23598,
1464,sumuporta,FIL,23599,
1464,noon,FIL,23600,
1464,pa,FIL,23601,
1464,ano,FIL,23602,
1464,pinagsasabi,FIL,23603,
1464,mo,FIL,23604,
1464,sinukaba,FIL,23605,
1464,wala,FIL,23606,
1464,ka,FIL,23607,
1464,siguro,FIL,23608,
1464,noong,FIL,23609,
1464,nagrarali,FIL,23610,
1464,angkas,FIL,23611,
1464,sa,FIL,23612,
1464,people,ENG,23613,NE
1464,power,ENG,23614,NE
1464,monument,ENG,23615,NE
1464,saan,FIL,23616,
1464,kb,FIL,23617,ABB
1464,taba,FIL,23618,
1466,Ultimo,FIL,23619,
1466,pag,FIL,23620,
1466,cheer,ENG,23621,
1466,sa,FIL,23622,
1466,mga,FIL,23623,
1466,kakampi,FIL,23624,
1466,habang,FIL,23625,
1466,nasa,FIL,23626,
1466,labas,FIL,23627,
1466,siya,FIL,23628,
1466,hindi,FIL,23629,
1466,magawa,FIL,23630,
1466,.,SYM,23631,
1468,Yung,FIL,23632,
1468,mapapa,FIL,23633,
1468,isip,FIL,23634,
1468,ka,FIL,23635,
1468,ng,FIL,23636,
1468,mga,FIL,23637,
1468,SANA,FIL,23638,
1469,Saka,FIL,23639,
1469,talagang,FIL,23640,
1469,kay,FIL,23641,
1469,saklap,FIL,23642,
1469,ang,FIL,23643,
1469,tuluyan,FIL,23644,
1469,ng,FIL,23645,
1469,mga,FIL,23646,
1469,nagpapakamalaki,FIL,23647,
1469,!,SYM,23648,
1470,Grabi,FIL,23649,
1470,ang,FIL,23650,
1470,gnda,FIL,23651,ABB
1470,ng,FIL,23652,
1470,message,ENG,23653,
1470,nakakaiyak,FIL,23654,
1471,Aminado,FIL,23655,
1471,sina,FIL,23656,
1471,Aira,UNK,23657,NE
1471,at,FIL,23658,
1471,Jopay,UNK,23659,NE
1471,na,FIL,23660,
1471,talagang,FIL,23661,
1471,itinuturing,FIL,23662,
1471,nilang,FIL,23663,
1471,isa,FIL,23664,
1471,sa,FIL,23665,
1471,biggest,ENG,23666,
1471,achievement,ENG,23667,
1471,nila,FIL,23668,
1471,sa,FIL,23669,
1471,buhay,FIL,23670,
1471,ang,FIL,23671,
1471,maging,FIL,23672,
1471,member,ENG,23673,
1471,ng,FIL,23674,
1471,SexBomb,ENG,23675,NE
1471,dahil,FIL,23676,
1471,dito,FIL,23677,
1471,sila,FIL,23678,
1471,unang,FIL,23679,
1471,nakilala,FIL,23680,
1471,at,FIL,23681,
1471,sumikat,FIL,23682,
1471,.,SYM,23683,
1472,ductor,ENG,23684,
1472,ka,FIL,23685,
1472,ba,FIL,23686,
1472,kahit,FIL,23687,
1472,bata,FIL,23688,
1472,tinatamaan,FIL,23689,
1472,ng,FIL,23690,
1472,ganyan,FIL,23691,
1472,sakit,FIL,23692,
1472,subukan,FIL,23693,
1472,mon,FIL,23694,
1472,iontog,FIL,23695,
1472,ang,FIL,23696,
1472,ulo,FIL,23697,
1472,ng,FIL,23698,
1472,bata,FIL,23699,
1472,o,FIL,23700,
1472,ibalibag,FIL,23701,
1472,mo,FIL,23702,
1472,tignan,FIL,23703,
1472,mo,FIL,23704,
1472,mapupotulan,FIL,23705,
1472,din,FIL,23706,
1472,sya,FIL,23707,
1472,ng,FIL,23708,
1472,ugat,FIL,23709,
1472,sa,FIL,23710,
1472,ulo,FIL,23711,
1472,.,SYM,23712,
1473,Thats,ENG,23713,
1473,how,ENG,23714,
1473,important,ENG,23715,
1473,their,ENG,23716,
1473,roles,ENG,23717,
1473,are,ENG,23718,
1473,on,ENG,23719,
1473,our,ENG,23720,
1473,team,ENG,23721,
1473,",",SYM,23722,
1473,sabi,FIL,23723,
1473,ni,FIL,23724,
1473,Reyes,UNK,23725,NE
1473,",",SYM,23726,
1473,na,FIL,23727,
1473,pakay,FIL,23728,
1473,ikalas,FIL,23729,
1473,ang,FIL,23730,
1473,TNT,ENG,23731,"ABB,NE"
1473,sa,FIL,23732,
1473,2-2,NUM,23733,
1473,pagkabuhol,FIL,23734,
1473,sa,FIL,23735,
1473,San,FIL,23736,NE
1473,Miguel,FIL,23737,NE
1473,sa,FIL,23738,
1473,serye,FIL,23739,
1473,.,SYM,23740,
1474,Tanga't,FIL,23741,
1474,bobo,FIL,23742,
1474,na,FIL,23743,
1474,lang,FIL,23744,
1474,ang,FIL,23745,
1474,maniniwala,FIL,23746,
1474,o,FIL,23747,
1474,magpapatakot,FIL,23748,
1474,pa,FIL,23749,
1474,sa,FIL,23750,
1474,baliw,FIL,23751,
1474,na,FIL,23752,
1474,dyablo,FIL,23753,
1474,ng,FIL,23754,
1474,Malakanayang,FIL,23755,NE
1474,.,SYM,23756,
1476,Sinabi,FIL,23757,
1476,naman,FIL,23758,
1476,ni,FIL,23759,
1476,Villanueva,UNK,23760,NE
1476,na,FIL,23761,
1476,may,FIL,23762,
1476,pag-asa,FIL,23763,
1476,pa,FIL,23764,
1476,ang,FIL,23765,
1476,bansa,FIL,23766,
1476,kung,FIL,23767,
1476,ang,FIL,23768,
1476,mga,FIL,23769,
1476,mamamayan,FIL,23770,
1476,ay,FIL,23771,
1476,maghahalal,FIL,23772,
1476,ng,FIL,23773,
1476,lider,FIL,23774,
1476,na,FIL,23775,
1476,may,FIL,23776,
1476,integridad,FIL,23777,
1476,at,FIL,23778,
1476,karanasan,FIL,23779,
1476,.,SYM,23780,
1477,Kasaysayan,FIL,23781,
1477,Simula,FIL,23782,
1477,noong,FIL,23783,
1477,dantaon,FIL,23784,
1477,ang,FIL,23785,
1477,Lampang,UNK,23786,NE
1477,ay,FIL,23787,
1477,dating,FIL,23788,
1477,bahagi,FIL,23789,
1477,ng,FIL,23790,
1477,Kaharian,FIL,23791,
1477,ng,FIL,23792,
1477,",",SYM,23793,
1477,at,FIL,23794,
1477,pagkatapos,FIL,23795,
1477,ay,FIL,23796,
1477,naging,FIL,23797,
1477,bahagi,FIL,23798,
1477,na,FIL,23799,
1477,ng,FIL,23800,
1477,Thailand,ENG,23801,NE
1477,noong,FIL,23802,
1477,.,SYM,23803,
1478,Mga,FIL,23804,
1478,dominantweng,FIL,23805,
1478,negatibong,FIL,23806,
1478,mutasyon,FIL,23807,
1478,nagbabago,FIL,23808,
1478,ng,FIL,23809,
1478,produkto,FIL,23810,
1478,ng,FIL,23811,
1478,gene,ENG,23812,
1478,na,FIL,23813,
1478,antagonistiko,FIL,23814,
1478,sa,FIL,23815,
1478,allele,ENG,23816,
1478,ng,FIL,23817,
1478,ligaw,FIL,23818,
1478,na,FIL,23819,
1478,uri,FIL,23820,
1478,.,SYM,23821,
1479,uso,FIL,23822,
1479,na,FIL,23823,
1479,kasi,FIL,23824,
1479,ngayon,FIL,23825,
1479,ang,FIL,23826,
1479,hit,ENG,23827,
1479,tweet,ENG,23828,
1479,mie,UNK,23829,
1479,hahahahahahaa,UNK,23830,EXPR
1480,Oo,FIL,23831,
1480,nga,FIL,23832,
1480,",",SYM,23833,
1480,paulit,FIL,23834,
1480,ulit,FIL,23835,
1480,ang,FIL,23836,
1480,balita,FIL,23837,
1480,nila,FIL,23838,
1480,.,SYM,23839,
1480,parang,FIL,23840,
1480,sirang,FIL,23841,
1480,plaka,FIL,23842,
1480,.,SYM,23843,
1481,Paglalarawan,FIL,23844,
1481,Ang,FIL,23845,
1481,terminong,FIL,23846,
1481,semilya,FIL,23847,
1481,ay,FIL,23848,
1481,tumutukoy,FIL,23849,
1481,sa,FIL,23850,
1481,selula,FIL,23851,
1481,ng,FIL,23852,
1481,lalaki,FIL,23853,
1481,para,FIL,23854,
1481,sa,FIL,23855,
1481,papaparami,FIL,23856,
1481,.,SYM,23857,
1482,gm,ENG,23858,ABB
1482,maaatt,UNK,23859,
1482,",",SYM,23860,
1482,sana,FIL,23861,
1482,kumain,FIL,23862,
1482,ka,FIL,23863,
1482,na,FIL,23864,
1482,at,FIL,23865,
1482,gl,ENG,23866,ABB
1482,sa,FIL,23867,
1482,mga,FIL,23868,
1482,gagawin,FIL,23869,
1482,mo,FIL,23870,
1483,Una,FIL,23871,
1483,nang,FIL,23872,
1483,sinabi,FIL,23873,
1483,ni,FIL,23874,
1483,Health,ENG,23875,NE
1483,Undersecretary,ENG,23876,NE
1483,and,ENG,23877,
1483,spokesperson,ENG,23878,
1483,Maria,UNK,23879,NE
1483,Rosario,UNK,23880,NE
1483,Vergeire,UNK,23881,NE
1483,na,FIL,23882,
1483,hinihintay,FIL,23883,
1483,pa,FIL,23884,
1483,ng,FIL,23885,
1483,DOH,ENG,23886,"ABB,NE"
1483,ang,FIL,23887,
1483,rekomendasyon,FIL,23888,
1483,mula,FIL,23889,
1483,sa,FIL,23890,
1483,iba,FIL,23891,
1483,pang,FIL,23892,
1483,miyembro,FIL,23893,
1483,ng,FIL,23894,
1483,expert,ENG,23895,
1483,panel,ENG,23896,
1483,na,FIL,23897,
1483,siya,FIL,23898,
1483,nangangasiwa,FIL,23899,
1483,sa,FIL,23900,
1483,overall,ENG,23901,
1483,implementation,ENG,23902,
1483,ng,FIL,23903,
1483,COVID-19,ENG,23904,NE
1483,vaccination,ENG,23905,
1483,program,ENG,23906,
1483,sa,FIL,23907,
1483,bansa,FIL,23908,
1483,.,SYM,23909,
1484,Sana,FIL,23910,
1484,umabit,FIL,23911,
1484,tayo,FIL,23912,
1484,ng,FIL,23913,
1484,pampangga,UNK,23914,NE
1484,para,FIL,23915,
1484,mag,FIL,23916,
1484,mall,ENG,23917,
1485,potek,UNK,23918,EXPR
1485,sa,FIL,23919,
1485,katakawan,FIL,23920,
1485,ko,FIL,23921,
1485,ng,FIL,23922,
1485,pancit,FIL,23923,
1485,canton,FIL,23924,
1485,",",SYM,23925,
1485,nag,FIL,23926,
1485,lbm,ENG,23927,ABB
1485,ako,FIL,23928,
1487,Sana,FIL,23929,
1487,makapag,FIL,23930,
1487,relax,ENG,23931,
1487,run,FIL,23932,
1487,na,FIL,23933,
1487,din,FIL,23934,
1487,kami,FIL,23935,
1487,soon,ENG,23936,
1487,Tama,FIL,23937,
1487,ka,FIL,23938,
1487,",",SYM,23939,
1487,agree,ENG,23940,
1487,ako,FIL,23941,
1487,na,FIL,23942,
1487,theraputic,ENG,23943,
1487,ang,FIL,23944,
1487,driving,ENG,23945,
1487,lalo,FIL,23946,
1487,na,FIL,23947,
1487,sa,FIL,23948,
1487,panahong,FIL,23949,
1487,ito,FIL,23950,
1487,.,SYM,23951,
1488,Ako,FIL,23952,
1488,naman,FIL,23953,
1488,na,FIL,23954,
1488,lumaki,FIL,23955,
1488,sa,FIL,23956,
1488,Catholic,ENG,23957,NE
1488,school,ENG,23958,
1488,na,FIL,23959,
1488,maraming,FIL,23960,
1488,natutunan,FIL,23961,
1488,sa,FIL,23962,
1488,kasalukuyan,FIL,23963,
1488,ay,FIL,23964,
1488,parang,FIL,23965,
1488,hindi,FIL,23966,
1488,na,FIL,23967,
1488,nasusunod,FIL,23968,
1488,ang,FIL,23969,
1488,tradisyong,FIL,23970,
1488,ito,FIL,23971,
1488,",",SYM,23972,
1488,lalo,FIL,23973,
1488,na,FIL,23974,
1488,sa,FIL,23975,
1488,mga,FIL,23976,
1488,urban,ENG,23977,
1488,areas,ENG,23978,
1488,.,SYM,23979,
1489,kung,FIL,23980,
1489,pwede,FIL,23981,
1489,nga,FIL,23982,
1489,lng,FIL,23983,ABB
1489,humingi,FIL,23984,
1489,ng,FIL,23985,
1489,tulo,FIL,23986,
1489,ng,FIL,23987,
1489,kay,FIL,23988,
1489,Mr,ENG,23989,ABB
1489,"""",SYM,23990,
1489,IDOL,ENG,23991,NE
1489,"""",SYM,23992,
1489,RAFFY,UNK,23993,NE
1489,TULFO,UNK,23994,NE
1489,.,SYM,23995,
1491,ganooon,FIL,23996,
1491,ang,FIL,23997,
1491,feeling,ENG,23998,
1491,papatulan,FIL,23999,
1491,ng,FIL,24000,
1491,kpop,ENG,24001,NE
1491,idol,ENG,24002,
1492,Nasisira,FIL,24003,
1492,imahe,FIL,24004,
1492,ng,FIL,24005,
1492,fliptop,ENG,24006,
1492,dahil,FIL,24007,
1492,sa,FIL,24008,
1492,mga,FIL,24009,
1492,iskwating,FIL,24010,
1492,na,FIL,24011,
1492,3GS,UNK,24012,ABB
1492,sobrang,FIL,24013,
1492,cheap,ENG,24014,
1492,mag,FIL,24015,
1492,react,ENG,24016,
1492,napaka,FIL,24017,
1492,OA,ENG,24018,ABB
1492,at,FIL,24019,
1492,walang,FIL,24020,
1492,class,ENG,24021,
1492,mag,FIL,24022,
1492,Judge,ENG,24023,
1493,Dito,FIL,24024,
1493,na,FIL,24025,
1493,nagtuloy-tuloy,FIL,24026,
1493,ang,FIL,24027,
1493,kanyang,FIL,24028,
1493,pag-arangkada,FIL,24029,
1493,hanggang,FIL,24030,
1493,mabigyan,FIL,24031,
1493,ng,FIL,24032,
1493,tsansa,FIL,24033,
1493,na,FIL,24034,
1493,maging,FIL,24035,
1493,anchor,ENG,24036,
1493,sa,FIL,24037,
1493,GMA,ENG,24038,"ABB,NE"
1493,",",SYM,24039,
1493,National,ENG,24040,NE
1493,Broadcasting,ENG,24041,NE
1493,Network,ENG,24042,NE
1493,at,FIL,24043,
1493,kalaunay,FIL,24044,
1493,sa,FIL,24045,
1493,TV5,ENG,24046,"ABB,NE"
1493,kung,FIL,24047,
1493,saan,FIL,24048,
1493,nagsilbi,FIL,24049,
1493,siya,FIL,24050,
1493,bilang,FIL,24051,
1493,head,ENG,24052,
1493,ng,FIL,24053,
1493,news,ENG,24054,
1493,division,ENG,24055,
1493,.,SYM,24056,
1494,Tatandaan,FIL,24057,
1494,",",SYM,24058,
1494,hindi,FIL,24059,
1494,masama,FIL,24060,
1494,ang,FIL,24061,
1494,maghanap,FIL,24062,
1494,ng,FIL,24063,
1494,makakasama,FIL,24064,
1494,sa,FIL,24065,
1494,buhay,FIL,24066,
1494,",",SYM,24067,
1494,pero,FIL,24068,
1494,dapat,FIL,24069,
1494,",",SYM,24070,
1494,gawin,FIL,24071,
1494,ito,FIL,24072,
1494,nang,FIL,24073,
1494,maingat,FIL,24074,
1494,para,FIL,24075,
1494,hindi,FIL,24076,
1494,makahanap,FIL,24077,
1494,ng,FIL,24078,
1494,sakit,FIL,24079,
1494,sa,FIL,24080,
1494,ulo,FIL,24081,
1494,",",SYM,24082,
1494,at,FIL,24083,
1494,makaka-sama,FIL,24084,
1494,sa,FIL,24085,
1494,buhay,FIL,24086,
1494,!,SYM,24087,
1495,Umapila,FIL,24088,
1495,si,FIL,24089,
1495,Senator,ENG,24090,
1495,Christopher,UNK,24091,NE
1495,Lawrence,UNK,24092,NE
1495,Bong,UNK,24093,NE
1495,Go,UNK,24094,NE
1495,sa,FIL,24095,
1495,publiko,FIL,24096,
1495,na,FIL,24097,
1495,palaging,FIL,24098,
1495,sundin,FIL,24099,
1495,ang,FIL,24100,
1495,health,ENG,24101,
1495,protocols,ENG,24102,
1495,para,FIL,24103,
1495,maiwasan,FIL,24104,
1495,ang,FIL,24105,
1495,pagkahawa-hawa,FIL,24106,
1495,ng,FIL,24107,
1495,COVID-19,ENG,24108,"ABB,NE"
1495,.,SYM,24109,
1496,Nasa,FIL,24110,
1496,website,ENG,24111,
1496,ng,FIL,24112,
1496,Lovin,ENG,24113,NE
1496,Dubai,UNK,24114,NE
1496,ang,FIL,24115,
1496,news,ENG,24116,
1496,item,ENG,24117,
1496,tungkol,FIL,24118,
1496,sa,FIL,24119,
1496,pasabog,FIL,24120,
1496,nina,FIL,24121,
1496,Toni,UNK,24122,NE
1496,at,FIL,24123,
1496,Alex,UNK,24124,NE
1496,",",SYM,24125,
1496,maging,FIL,24126,
1496,ang,FIL,24127,
1496,kuha,FIL,24128,
1496,ng,FIL,24129,
1496,mga,FIL,24130,
1496,taong,FIL,24131,
1496,nagsiksikan,FIL,24132,
1496,sa,FIL,24133,
1496,show,ENG,24134,
1496,.,SYM,24135,
1497,Nasa,FIL,24136,
1497,Ireland,UNK,24137,NE
1497,ngayon,FIL,24138,
1497,si,FIL,24139,
1497,Glaiza,UNK,24140,NE
1497,kung,FIL,24141,
1497,saan,FIL,24142,
1497,siya,FIL,24143,
1497,nag-Pasko,FIL,24144,NE
1497,at,FIL,24145,
1497,Bagong,FIL,24146,
1497,taon,FIL,24147,
1497,kapiling,FIL,24148,
1497,ang,FIL,24149,
1497,fiance,ENG,24150,
1497,na,FIL,24151,
1497,si,FIL,24152,
1497,David,UNK,24153,NE
1497,Rainey,UNK,24154,NE
1497,.,SYM,24155,
1500,Kung,FIL,24156,
1500,iyong,FIL,24157,
1500,nauunawaan,FIL,24158,
1500,",",SYM,24159,
1500,kung,FIL,24160,
1500,gayon,FIL,24161,
1500,tapusin,FIL,24162,
1500,na,FIL,24163,
1500,natin,FIL,24164,
1500,ang,FIL,24165,
1500,ating,FIL,24166,
1500,pag-uusap,FIL,24167,
1500,dito,FIL,24168,
1500,ngayong,FIL,24169,
1500,araw,FIL,24170,
1500,.,SYM,24171,
1501,open,ENG,24172,
1501,lang,FIL,24173,
1501,po,FIL,24174,
1501,lagi,FIL,24175,
1501,dm,ENG,24176,ABB
1501,ko,FIL,24177,
1501,if,ENG,24178,
1501,ever,ENG,24179,
1501,may,FIL,24180,
1501,hulog,FIL,24181,
1501,ng,FIL,24182,
1501,langit,FIL,24183,
1501,na,FIL,24184,
1501,bibilan,FIL,24185,
1501,ako,FIL,24186,
1501,ng,FIL,24187,
1501,album,ENG,24188,
1502,remember,ENG,24189,
1502,po,FIL,24190,
1502,yung,FIL,24191,
1502,Sinabi,FIL,24192,
1502,ni,FIL,24193,
1502,ate,FIL,24194,
1502,herlene,UNK,24195,NE
1502,non,FIL,24196,
1502,sa,FIL,24197,
1502,wowowin,FIL,24198,NE
1502,ba,FIL,24199,
1502,yun,FIL,24200,
1502,",",SYM,24201,
1502,na,FIL,24202,
1502,kung,FIL,24203,
1502,maganda,FIL,24204,
1502,ang,FIL,24205,
1502,kalooban,FIL,24206,
1502,mo,FIL,24207,
1502,mamahalin,FIL,24208,
1502,ka,FIL,24209,
1502,ng,FIL,24210,
1502,tao,FIL,24211,
1504,ang,FIL,24212,
1504,daring,ENG,24213,
1504,nmn,FIL,24214,ABB
1504,ng,FIL,24215,
1504,kiss,ENG,24216,
1504,mo,FIL,24217,
1504,bb,ENG,24218,ABB
1504,sa,FIL,24219,
1504,gabi,FIL,24220,
1504,na,FIL,24221,
1504,natin,FIL,24222,
1504,ituloy,FIL,24223,
1504,hehe,UNK,24224,EXPR
1505,Sa,FIL,24225,
1505,mga,FIL,24226,
1505,salita,FIL,24227,
1505,ng,FIL,24228,
1505,Diyos,FIL,24229,NE
1505,",",SYM,24230,
1505,sa,FIL,24231,
1505,kanilang,FIL,24232,
1505,mga,FIL,24233,
1505,karanasan,FIL,24234,
1505,at,FIL,24235,
1505,sa,FIL,24236,
1505,kanilang,FIL,24237,
1505,mga,FIL,24238,
1505,buhay,FIL,24239,
1505,",",SYM,24240,
1505,lalo,FIL,24241,
1505,nilang,FIL,24242,
1505,naramdaman,FIL,24243,
1505,na,FIL,24244,
1505,ang,FIL,24245,
1505,Diyos,FIL,24246,NE
1505,ay,FIL,24247,
1505,laging,FIL,24248,
1505,pumapatnubay,FIL,24249,
1505,sa,FIL,24250,
1505,kapalaran,FIL,24251,
1505,ng,FIL,24252,
1505,tao,FIL,24253,
1505,",",SYM,24254,
1505,nangunguna,FIL,24255,
1505,at,FIL,24256,
1505,tumutustos,FIL,24257,
1505,sa,FIL,24258,
1505,tao,FIL,24259,
1505,.,SYM,24260,
1506,Taga,FIL,24261,
1506,cebu,FIL,24262,NE
1506,ako,FIL,24263,
1506,di,FIL,24264,
1506,ako,FIL,24265,
1506,marunong,FIL,24266,
1506,magluto,FIL,24267,
1506,nga,FIL,24268,
1506,perfect,ENG,24269,
1506,humba,FIL,24270,
1506,na,FIL,24271,
1506,ginawa,FIL,24272,
1506,ko,FIL,24273,
1506,.,SYM,24274,
1507,Samantala,FIL,24275,
1507,",",SYM,24276,
1507,iniulat,FIL,24277,
1507,din,FIL,24278,
1507,ng,FIL,24279,
1507,Lungsod,FIL,24280,
1507,ng,FIL,24281,
1507,Mandaluyong,UNK,24282,NE
1507,na,FIL,24283,
1507,sa,FIL,24284,
1507,325,NUM,24285,
1507,",",SYM,24286,
1507,127,NUM,24287,
1507,na,FIL,24288,
1507,dapat,FIL,24289,
1507,unahing,FIL,24290,
1507,bakunahan,FIL,24291,
1507,",",SYM,24292,
1507,325,NUM,24293,
1507,",",SYM,24294,
1507,188,NUM,24295,
1507,o,FIL,24296,
1507,101,NUM,24297,
1507,porsyento,FIL,24298,
1507,ang,FIL,24299,
1507,nakatanggap,FIL,24300,
1507,na,FIL,24301,
1507,ng,FIL,24302,
1507,unang,FIL,24303,
1507,dosage,ENG,24304,
1507,ng,FIL,24305,
1507,bakuna,FIL,24306,
1507,laban,FIL,24307,
1507,sa,FIL,24308,
1507,COVID-19,UNK,24309,NE
1507,batay,FIL,24310,
1507,sa,FIL,24311,
1507,inpormasyong,FIL,24312,
1507,nakalap,FIL,24313,
1507,noong,FIL,24314,
1507,Agosto,FIL,24315,NE
1507,9,NUM,24316,
1507,",",SYM,24317,
1507,2021,NUM,24318,
1507,.,SYM,24319,
1508,Mygz,UNK,24320,NE
1508,tinupad,FIL,24321,
1508,ang,FIL,24322,
1508,munting,FIL,24323,
1508,hiling,FIL,24324,
1508,ni,FIL,24325,
1508,Mura,UNK,24326,NE
1508,Samantala,FIL,24327,
1508,",",SYM,24328,
1508,todo,FIL,24329,
1508,rin,FIL,24330,
1508,ang,FIL,24331,
1508,pasasalamat,FIL,24332,
1508,si,FIL,24333,
1508,Mygz,UNK,24334,NE
1508,sa,FIL,24335,
1508,lahat,FIL,24336,
1508,ng,FIL,24337,
1508,nagmamahal,FIL,24338,
1508,at,FIL,24339,
1508,sumuporta,FIL,24340,
1508,sa,FIL,24341,
1508,YouTube,ENG,24342,NE
1508,channel,ENG,24343,
1508,nila,FIL,24344,
1508,ni,FIL,24345,
1508,Mahal,UNK,24346,NE
1508,na,FIL,24347,
1508,naging,FIL,24348,
1508,daan,FIL,24349,
1508,para,FIL,24350,
1508,mas,FIL,24351,
1508,lumalim,FIL,24352,
1508,pa,FIL,24353,
1508,ang,FIL,24354,
1508,kanilang,FIL,24355,
1508,espesyal,FIL,24356,
1508,na,FIL,24357,
1508,relasyon,FIL,24358,
1508,.,SYM,24359,
1509,sa,FIL,24360,
1509,mga,FIL,24361,
1509,nag,FIL,24362,
1509,vote,ENG,24363,
1509,sakin,FIL,24364,
1509,as,ENG,24365,
1509,secretary,ENG,24366,
1509,",",SYM,24367,
1509,ang,FIL,24368,
1509,papanget,FIL,24369,
1509,nyo,FIL,24370,
1509,kabondingg,FIL,24371,
1513,Magwakas,FIL,24372,
1513,na,FIL,24373,
1513,kaya,FIL,24374,
1513,ang,FIL,24375,
1513,kanilang,FIL,24376,
1513,paghahanap,FIL,24377,
1513,?,SYM,24378,
1514,"""",SYM,24379,
1514,,SYM,24380,
1514,Huwag,FIL,24381,
1514,kang,FIL,24382,
1514,gumawa,FIL,24383,
1514,ng,FIL,24384,
1514,iskandalo,FIL,24385,
1514,rito,FIL,24386,
1514,",",SYM,24387,
1514,"""",SYM,24388,
1514,,SYM,24389,
1514,ani,FIL,24390,
1514,Vida,UNK,24391,NE
1514,kay,FIL,24392,
1514,Maria,UNK,24393,NE
1514,.,SYM,24394,
1515,hamada,UNK,24395,NE
1515,asahi,UNK,24396,NE
1515,ang,FIL,24397,
1515,tatapos,FIL,24398,
1515,ng,FIL,24399,
1515,aking,FIL,24400,
1515,bohai,FIL,24401,
1516,Iba,FIL,24402,
1516,na,FIL,24403,
1516,ang,FIL,24404,
1516,mayaman,FIL,24405,
1516,talaga,FIL,24406,
1516,.,SYM,24407,
1517,Kung,FIL,24408,
1517,mangamatay,FIL,24409,
1517,siguro,FIL,24410,
1517,ang,FIL,24411,
1517,mga,FIL,24412,
1517,igat,FIL,24413,
1517,",",SYM,24414,
1517,mauna,FIL,24415,
1517,jud,FIL,24416,
1517,ka,FIL,24417,
1519,Ayon,FIL,24418,
1519,sa,FIL,24419,
1519,Pangulo,FIL,24420,
1519,",",SYM,24421,
1519,kapag,FIL,24422,
1519,malaki,FIL,24423,
1519,ang,FIL,24424,
1519,supply,ENG,24425,
1519,ng,FIL,24426,
1519,COVID,ENG,24427,NE
1519,vaccine,ENG,24428,
1519,sa,FIL,24429,
1519,susunod,FIL,24430,
1519,na,FIL,24431,
1519,buwan,FIL,24432,
1519,ay,FIL,24433,
1519,maaaring,FIL,24434,
1519,palawigin,FIL,24435,
1519,na,FIL,24436,
1519,ang,FIL,24437,
1519,vaccination,ENG,24438,
1519,roll-out,ENG,24439,
1519,sa,FIL,24440,
1519,general,ENG,24441,
1519,population,ENG,24442,
1519,.,SYM,24443,
1520,Heograpiya,FIL,24444,
1520,Ang,FIL,24445,
1520,kabuuang,FIL,24446,
1520,sukat,FIL,24447,
1520,ng,FIL,24448,
1520,Cotabato,FIL,24449,NE
1520,ay,FIL,24450,
1520,kilometro,FIL,24451,
1520,parisukat,FIL,24452,
1520,.,SYM,24453,
1521,Kinilala,FIL,24454,
1521,nilang,FIL,24455,
1521,lahat,FIL,24456,
1521,na,FIL,24457,
1521,sila,FIL,24458,
1521,ay,FIL,24459,
1521,mga,FIL,24460,
1521,mananampalataya,FIL,24461,
1521,ng,FIL,24462,
1521,Panginoong,FIL,24463,NE
1521,Jesus,UNK,24464,NE
1521,",",SYM,24465,
1521,na,FIL,24466,
1521,sila,FIL,24467,
1521,ay,FIL,24468,
1521,naging,FIL,24469,
1521,mga,FIL,24470,
1521,disipulo,FIL,24471,
1521,ng,FIL,24472,
1521,Panginoong,FIL,24473,NE
1521,Jesus,UNK,24474,NE
1521,.,SYM,24475,
1522,ang,FIL,24476,
1522,ganda,FIL,24477,
1522,mo,FIL,24478,
1522,/,SYM,24479,
1522,nagdabog,FIL,24480,
1522,/,SYM,24481,
1523,lord,ENG,24482,
1523,nawa,FIL,24483,
1523,ako,FIL,24484,
1523,ay,FIL,24485,
1523,mapatawad,FIL,24486,
1523,ni,FIL,24487,
1523,Mami,UNK,24488,NE
1523,kung,FIL,24489,
1523,sakaling,FIL,24490,
1523,bumagsak,FIL,24491,
1523,ako,FIL,24492,
1524,Kabilang,FIL,24493,
1524,ay,FIL,24494,
1524,ang,FIL,24495,
1524,mga,FIL,24496,
1524,pilay,FIL,24497,
1524,",",SYM,24498,
1524,bulag,FIL,24499,
1524,",",SYM,24500,
1524,amputee,ENG,24501,
1524,at,FIL,24502,
1524,yung,FIL,24503,
1524,may,FIL,24504,
1524,cerebral,ENG,24505,
1524,palsy,ENG,24506,
1524,.,SYM,24507,
1525,Hwag,FIL,24508,
1525,matakot,FIL,24509,
1525,ayon,FIL,24510,
1525,kay,FIL,24511,
1525,Quiboloy,UNK,24512,NE
1525,",",SYM,24513,
1525,hawak,FIL,24514,
1525,nya,FIL,24515,
1525,ang,FIL,24516,
1525,remote,ENG,24517,
1525,control,ENG,24518,
1525,upang,FIL,24519,
1525,kontrolin,FIL,24520,
1525,ang,FIL,24521,
1525,lahat,FIL,24522,
1525,ng,FIL,24523,
1525,klase,FIL,24524,
1525,ng,FIL,24525,
1525,disasters,ENG,24526,
1525,!,SYM,24527,
1526,Sasabihin,FIL,24528,
1526,lang,FIL,24529,
1526,na,FIL,24530,
1526,patay,FIL,24531,
1526,na,FIL,24532,
1526,ang,FIL,24533,
1526,tatay,FIL,24534,
1526,nya,FIL,24535,
1526,",",SYM,24536,
1526,may,FIL,24537,
1526,karugtong,FIL,24538,
1526,pa,FIL,24539,
1526,na,FIL,24540,
1526,he,ENG,24541,
1526,is,ENG,24542,
1526,an,ENG,24543,
1526,army,ENG,24544,
1526,",",SYM,24545,
1526,nasa,FIL,24546,
1526,libibgan,FIL,24547,
1526,ng,FIL,24548,
1526,mga,FIL,24549,
1526,bayani,FIL,24550,
1526,.,SYM,24551,
1527,itaas,FIL,24552,
1527,ang,FIL,24553,
1527,bandera,FIL,24554,
1527,ng,FIL,24555,
1527,3D,UNK,24556,
1527,art,ENG,24557,
1527,!,SYM,24558,
1528,Sama,FIL,24559,
1528,sama,FIL,24560,
1528,",",SYM,24561,
1528,masaya,FIL,24562,
1528,at,FIL,24563,
1528,nagkakaisa,FIL,24564,
1528,ang,FIL,24565,
1528,tunay,FIL,24566,
1528,na,FIL,24567,
1528,diwa,FIL,24568,
1528,ng,FIL,24569,
1528,pasko,FIL,24570,NE
1528,.,SYM,24571,
1529,TIGNAN,FIL,24572,
1529,:,SYM,24573,
1529,Kasalukuyang,FIL,24574,
1529,nagaganap,FIL,24575,
1529,ang,FIL,24576,
1529,pagkikilos,FIL,24577,
1529,sa,FIL,24578,
1529,Mendiola,UNK,24579,NE
1529,.,SYM,24580,
1530,Sa,FIL,24581,
1530,kabilang,FIL,24582,
1530,banda,FIL,24583,
1530,",",SYM,24584,
1530,tumutukoy,FIL,24585,
1530,ito,FIL,24586,
1530,sa,FIL,24587,
1530,karunungan,FIL,24588,
1530,at,FIL,24589,
1530,istratehiya,FIL,24590,
1530,ng,FIL,24591,
1530,Aking,FIL,24592,
1530,mga,FIL,24593,
1530,pagkilos,FIL,24594,
1530,",",SYM,24595,
1530,gayundin,FIL,24596,
1530,ay,FIL,24597,
1530,sa,FIL,24598,
1530,kung,FIL,24599,
1530,ano,FIL,24600,
1530,Ako,FIL,24601,
1530,at,FIL,24602,
1530,anong,FIL,24603,
1530,mayroon,FIL,24604,
1530,Ako,FIL,24605,
1530,.,SYM,24606,
1531,ansaya,FIL,24607,
1531,manuod,FIL,24608,
1531,ng,FIL,24609,
1531,mga,FIL,24610,
1531,vlogs,ENG,24611,
1531,niyong,FIL,24612,
1531,dalawa,FIL,24613,
1531,mhelsibayan,UNK,24614,NE
1532,Katulad,FIL,24615,
1532,ng,FIL,24616,
1532,ibang,FIL,24617,
1532,pagdiriwang,FIL,24618,
1532,ng,FIL,24619,
1532,birthday,ENG,24620,
1532,parties,ENG,24621,
1532,ngayon,FIL,24622,
1532,",",SYM,24623,
1532,wala,FIL,24624,
1532,rin,FIL,24625,
1532,kaibahan,FIL,24626,
1532,ang,FIL,24627,
1532,ginawa,FIL,24628,
1532,ng,FIL,24629,
1532,mag-asawang,FIL,24630,
1532,Dingdong,UNK,24631,NE
1532,Dantes,UNK,24632,NE
1532,at,FIL,24633,
1532,Marian,UNK,24634,NE
1532,Rivera,UNK,24635,NE
1532,para,FIL,24636,
1532,sa,FIL,24637,
1532,kanilang,FIL,24638,
1532,napakagandang,FIL,24639,
1532,unica,FIL,24640,
1532,hija,FIL,24641,
1532,na,FIL,24642,
1532,si,FIL,24643,
1532,Zia,UNK,24644,NE
1532,Dantes,UNK,24645,NE
1532,.,SYM,24646,
1534,Ano,FIL,24647,
1534,naman,FIL,24648,
1534,ang,FIL,24649,
1534,mensahe,FIL,24650,
1534,niya,FIL,24651,
1534,sa,FIL,24652,
1534,mga,FIL,24653,
1534,kapwa,FIL,24654,
1534,guro,FIL,24655,
1534,lalot,FIL,24656,
1534,unti-unti,FIL,24657,
1534,na,FIL,24658,
1534,ang,FIL,24659,
1534,pagbabalik,FIL,24660,
1534,ng,FIL,24661,
1534,face-to-face,ENG,24662,
1534,classes,ENG,24663,
1534,?,SYM,24664,
1535,Tani,FIL,24665,
1535,magka,FIL,24666,
1535,drama,ENG,24667,
1535,na,FIL,24668,
1535,gid,FIL,24669,
1535,siya,FIL,24670,
1535,bah,UNK,24671,EXPR
1536,Ang,FIL,24672,
1536,buong,FIL,24673,
1536,team,ENG,24674,NE
1536,payaman,FIL,24675,NE
1536,ang,FIL,24676,
1536,naging,FIL,24677,
1536,Go,ENG,24678,
1536,To,ENG,24679,
1536,videos,ENG,24680,
1536,ko,FIL,24681,
1536,lalo,FIL,24682,
1536,na,FIL,24683,
1536,yung,FIL,24684,
1536,kasagsagan,FIL,24685,
1536,ng,FIL,24686,
1536,pandemic,ENG,24687,
1536,napanood,FIL,24688,
1536,ko,FIL,24689,
1536,ata,FIL,24690,
1536,lahat,FIL,24691,
1536,ng,FIL,24692,
1536,buong,FIL,24693,
1536,videos,ENG,24694,
1536,ni,FIL,24695,
1536,cong,UNK,24696,NE
1536,.,SYM,24697,
1537,Dagdag,FIL,24698,
1537,pa,FIL,24699,
1537,riyan,FIL,24700,
1537,",",SYM,24701,
1537,naipapakita,FIL,24702,
1537,nila,FIL,24703,
1537,na,FIL,24704,
1537,sa,FIL,24705,
1537,kabila,FIL,24706,
1537,ng,FIL,24707,
1537,mga,FIL,24708,
1537,makailang,FIL,24709,
1537,panggigipit,FIL,24710,
1537,ng,FIL,24711,
1537,pamahalaan,FIL,24712,
1537,",",SYM,24713,
1537,hindi,FIL,24714,
1537,sila,FIL,24715,
1537,tumatalikod,FIL,24716,
1537,at,FIL,24717,
1537,handang,FIL,24718,
1537,makipagtulungan,FIL,24719,
1537,.,SYM,24720,
1538,Pero,FIL,24721,
1538,ang,FIL,24722,
1538,tanung,FIL,24723,
1538,ikaw,FIL,24724,
1538,diba,FIL,24725,
1538,may,FIL,24726,
1538,mga,FIL,24727,
1538,pera,FIL,24728,
1538,ka,FIL,24729,
1538,marame,FIL,24730,
1538,at,FIL,24731,
1538,wag,FIL,24732,
1538,kang,FIL,24733,
1538,magkakaila,FIL,24734,
1538,.,SYM,24735,
1540,shuta,UNK,24736,EXPR
1540,nga,FIL,24737,
1540,classmate,ENG,24738,
1540,ni,FIL,24739,
1540,",",SYM,24740,
1540,sya,FIL,24741,
1540,pa,FIL,24742,
1540,gaubra,FIL,24743,
1540,sang,FIL,24744,
1540,formula,ENG,24745,
1540,ya,FIL,24746,
1540,tas,FIL,24747,
1540,chakto,FIL,24748,
1540,man,FIL,24749,
1540,ang,FIL,24750,
1540,answer,ENG,24751,
1541,Kung,FIL,24752,
1541,ang,FIL,24753,
1541,lahat,FIL,24754,
1541,ng,FIL,24755,
1541,sinambit,FIL,24756,
1541,ng,FIL,24757,
1541,Diyos,FIL,24758,NE
1541,ay,FIL,24759,
1541,naayon,FIL,24760,
1541,sa,FIL,24761,
1541,mga,FIL,24762,
1541,pagkakaintindi,FIL,24763,
1541,ng,FIL,24764,
1541,mga,FIL,24765,
1541,tao,FIL,24766,
1541,",",SYM,24767,
1541,kokondenahin,FIL,24768,
1541,ba,FIL,24769,
1541,nila,FIL,24770,
1541,ito,FIL,24771,
1541,?,SYM,24772,
1542,Bakit,FIL,24773,
1542,di,FIL,24774,
1542,ka,FIL,24775,
1542,sumuporta,FIL,24776,
1542,sa,FIL,24777,
1542,partylist,ENG,24778,
1542,na,FIL,24779,
1542,alam,FIL,24780,
1542,mong,FIL,24781,
1542,makakagawa,FIL,24782,
1542,talaga,FIL,24783,
1542,ng,FIL,24784,
1542,pagbabago,FIL,24785,
1542,?,SYM,24786,
1543,Batay,FIL,24787,
1543,sa,FIL,24788,
1543,survey,ENG,24789,
1543,",",SYM,24790,
1543,siyam,FIL,24791,
1543,sa,FIL,24792,
1543,sampung,FIL,24793,
1543,Pilipino,FIL,24794,
1543,ang,FIL,24795,
1543,nagtitiwala,FIL,24796,
1543,sa,FIL,24797,
1543,mga,FIL,24798,
1543,ginagawang,FIL,24799,
1543,aksiyon,FIL,24800,
1543,ni,FIL,24801,
1543,Pangulong,FIL,24802,
1543,Duterte,UNK,24803,NE
1543,para,FIL,24804,
1543,matugunan,FIL,24805,
1543,ang,FIL,24806,
1543,matinding,FIL,24807,
1543,krisis,FIL,24808,
1543,na,FIL,24809,
1543,dinaranas,FIL,24810,
1543,ng,FIL,24811,
1543,bansa,FIL,24812,
1543,sa,FIL,24813,
1543,COVID-19,UNK,24814,NE
1543,.,SYM,24815,
1544,Tiniyak,FIL,24816,
1544,ni,FIL,24817,
1544,David,UNK,24818,NE
1544,sa,FIL,24819,
1544,panayam,FIL,24820,
1544,sa,FIL,24821,
1544,Teleradyo,UNK,24822,NE
1544,na,FIL,24823,
1544,nasa,FIL,24824,
1544,normal,ENG,24825,
1544,na,FIL,24826,
1544,lebel,FIL,24827,
1544,pa,FIL,24828,
1544,rin,FIL,24829,
1544,ang,FIL,24830,
1544,tubig,FIL,24831,
1544,sa,FIL,24832,
1544,mga,FIL,24833,
1544,dam,ENG,24834,
1544,kung,FIL,24835,
1544,kaya,FIL,24836,
1544,hindi,FIL,24837,
1544,kakailanganing,FIL,24838,
1544,magpakawala,FIL,24839,
1544,ng,FIL,24840,
1544,tubig,FIL,24841,
1544,na,FIL,24842,
1544,maaaring,FIL,24843,
1544,maging,FIL,24844,
1544,sanhi,FIL,24845,
1544,ng,FIL,24846,
1544,pagbaha,FIL,24847,
1544,.,SYM,24848,
1545,Tiniyak,FIL,24849,
1545,naman,FIL,24850,
1545,ni,FIL,24851,
1545,Secretary,ENG,24852,NE
1545,Duque,UNK,24853,NE
1545,sa,FIL,24854,
1545,Presidente,FIL,24855,NE
1545,na,FIL,24856,
1545,mayroong,FIL,24857,
1545,allocation,ENG,24858,
1545,plan,ENG,24859,
1545,sa,FIL,24860,
1545,bawat,FIL,24861,
1545,rehiyon,FIL,24862,
1545,at,FIL,24863,
1545,lalawigan,FIL,24864,
1545,ng,FIL,24865,
1545,mga,FIL,24866,
1545,bakuna,FIL,24867,
1545,.,SYM,24868,
1546,ang,FIL,24869,
1546,ganda,FIL,24870,
1546,ni,FIL,24871,
1546,luxuria,UNK,24872,NE
1546,nakaka,FIL,24873,
1546,fall,ENG,24874,
1547,Ipinagbubunyi,FIL,24875,
1547,po,FIL,24876,
1547,namin,FIL,24877,
1547,ang,FIL,24878,
1547,nanay,FIL,24879,
1547,na,FIL,24880,
1547,tulad,FIL,24881,
1547,po,FIL,24882,
1547,ninyo,FIL,24883,
1547,na,FIL,24884,
1547,tiniis,FIL,24885,
1547,ang,FIL,24886,
1547,lahat,FIL,24887,
1547,at,FIL,24888,
1547,ngayon,FIL,24889,
1547,naman,FIL,24890,
1547,ay,FIL,24891,
1547,talaga,FIL,24892,
1547,namang,FIL,24893,
1547,umaani,FIL,24894,
1547,na,FIL,24895,
1547,ng,FIL,24896,
1547,tagumpay,FIL,24897,
1547,.,SYM,24898,
1548,Yung,FIL,24899,
1548,buhay,FIL,24900,
1548,ko,FIL,24901,
1548,parang,FIL,24902,
1548,mga,FIL,24903,
1548,issue,ENG,24904,
1548,na,FIL,24905,
1548,binabato,FIL,24906,
1548,nila,FIL,24907,
1548,kay,FIL,24908,
1548,BBM,UNK,24909,"ABB,NE"
1548,",",SYM,24910,
1548,walang,FIL,24911,
1548,bago,FIL,24912,
1548,HAHAHAHA,UNK,24913,EXPR
1549,Pang,FIL,24914,
1549,camera,ENG,24915,
1549,o,FIL,24916,
1549,bibili,FIL,24917,
1549,pa,FIL,24918,
1549,ulit,FIL,24919,
1549,ng,FIL,24920,
1549,isa,FIL,24921,
1549,pang,FIL,24922,
1549,team,ENG,24923,
1549,?,SYM,24924,
1550,ewan,FIL,24925,
1550,ko,FIL,24926,
1550,pa,FIL,24927,
1550,kung,FIL,24928,
1550,hindi,FIL,24929,
1550,matuwa,FIL,24930,
1550,ang,FIL,24931,
1550,mame,FIL,24932,
1550,sa,FIL,24933,
1550,sobrang,FIL,24934,
1550,linis,FIL,24935,
1550,ng,FIL,24936,
1550,bahay,FIL,24937,
1551,hahaha,UNK,24938,EXPR
1551,yung,FIL,24939,
1551,gusto,FIL,24940,
1551,mo,FIL,24941,
1551,ng,FIL,24942,
1551,iarchive,FIL,24943,
1552,Ako,FIL,24944,
1552,hindi,FIL,24945,
1552,ako,FIL,24946,
1552,maniniwala,FIL,24947,
1552,na,FIL,24948,
1552,wala,FIL,24949,
1552,na,FIL,24950,
1552,cla,FIL,24951,ABB
1552,.,SYM,24952,
1553,Wla,FIL,24953,
1553,ng,FIL,24954,
1553,bukang,FIL,24955,
1553,bibig,FIL,24956,
1553,etong,FIL,24957,
1553,c,FIL,24958,
1553,Karen,UNK,24959,NE
1553,kundi,FIL,24960,
1553,ang,FIL,24961,
1553,tungkol,FIL,24962,
1553,ky,FIL,24963,
1553,apo,FIL,24964,
1553,lakay,FIL,24965,
1553,pinipilit,FIL,24966,
1553,tlga,FIL,24967,
1553,nia,FIL,24968,
1553,ung,FIL,24969,
1553,pghingi,FIL,24970,
1553,ng,FIL,24971,
1553,sorry,ENG,24972,
1553,sa,FIL,24973,
1553,lhat,FIL,24974,
1553,ng,FIL,24975,
1553,iniinterview,FIL,24976,
1553,nia,FIL,24977,
1553,solid,ENG,24978,
1553,BIAS,ENG,24979,
1553,ang,FIL,24980,
1553,babaebg,FIL,24981,
1553,eto,FIL,24982,
1554,bakit,FIL,24983,
1554,malakas,FIL,24984,
1554,ang,FIL,24985,
1554,feeling,ENG,24986,
1554,ko,FIL,24987,
1554,na,FIL,24988,
1554,di,FIL,24989,ABB
1554,ko,FIL,24990,
1554,dawaton,FIL,24991,
1554,eme,UNK,24992,EXPR
1555,Anyway,ENG,24993,
1555,",",SYM,24994,
1555,sa,FIL,24995,
1555,ngayon,FIL,24996,
1555,ay,FIL,24997,
1555,ang,FIL,24998,
1555,mga,FIL,24999,
1555,TikTok,ENG,25000,NE
1555,post,ENG,25001,
1555,ni,FIL,25002,
1555,Sarah,UNK,25003,NE
1555,ang,FIL,25004,
1555,makikita,FIL,25005,
1555,sa,FIL,25006,
1555,kanyang,FIL,25007,
1555,Instagram,ENG,25008,NE
1555,.,SYM,25009,
1556,Tirahan,FIL,25010,
1556,Namumuhay,FIL,25011,
1556,ang,FIL,25012,
1556,common,ENG,25013,
1556,chimpanzee,ENG,25014,
1556,sa,FIL,25015,
1556,Kanluran,FIL,25016,NE
1556,at,FIL,25017,
1556,Gitnang,FIL,25018,NE
1556,ang,FIL,25019,
1556,dalawang,FIL,25020,
1556,mga,FIL,25021,
1556,uri,FIL,25022,
1556,.,SYM,25023,
1558,Classic,ENG,25024,
1558,na,FIL,25025,
1558,basurang,FIL,25026,
1558,pulitiko,FIL,25027,
1558,",",SYM,25028,
1558,sisiraan,FIL,25029,
1558,ang,FIL,25030,
1558,kalaban,FIL,25031,
1558,para,FIL,25032,
1558,iangat,FIL,25033,
1558,ang,FIL,25034,
1558,sarili,FIL,25035,
1558,.,SYM,25036,
1561,Ako,FIL,25037,
1561,rin,FIL,25038,
1561,naawa,FIL,25039,
1561,ako,FIL,25040,
1561,sa,FIL,25041,
1561,mga,FIL,25042,
1561,baka,FIL,25043,
1563,Bakit,FIL,25044,
1563,naging,FIL,25045,
1563,recruitment,ENG,25046,
1563,den,FIL,25047,
1563,iyan,FIL,25048,
1563,ng,FIL,25049,
1563,mga,FIL,25050,
1563,DILAWAN,FIL,25051,NE
1564,Totally,ENG,25052,
1564,agree,ENG,25053,
1564,",",SYM,25054,
1564,yung,FIL,25055,
1564,mga,FIL,25056,
1564,asa,FIL,25057,
1564,lang,FIL,25058,
1564,sa,FIL,25059,
1564,paayuda,FIL,25060,
1564,",",SYM,25061,
1564,kahit,FIL,25062,
1564,ang,FIL,25063,
1564,lalakas,FIL,25064,
1564,ng,FIL,25065,
1564,katawan,FIL,25066,
1564,eh,FIL,25067,
1564,mas,FIL,25068,
1564,gustong,FIL,25069,
1564,humingi,FIL,25070,
1564,ng,FIL,25071,
1564,tulong,FIL,25072,
1564,tsk,UNK,25073,EXPR
1564,tsk,UNK,25074,EXPR
1564,tsk,UNK,25075,EXPR
1565,nakakaawa,FIL,25076,
1565,ang,FIL,25077,
1565,vlogger,ENG,25078,
1565,na,FIL,25079,
1565,ito,FIL,25080,
1565,hhhahaha,UNK,25081,EXPR
1566,Ako,FIL,25082,
1566,ang,FIL,25083,
1566,babae,FIL,25084,
1566,",",SYM,25085,
1566,dapat,FIL,25086,
1566,ako,FIL,25087,
1566,ang,FIL,25088,
1566,nagsasabi,FIL,25089,
1566,at,FIL,25090,
1566,nagpapaalala,FIL,25091,
1566,sa,FIL,25092,
1566,bf,ENG,25093,ABB
1566,ko,FIL,25094,
1566,na,FIL,25095,
1566,huwag,FIL,25096,
1566,gawin,FIL,25097,
1566,ang,FIL,25098,
1566,hindi,FIL,25099,
1566,pa,FIL,25100,
1566,nararapat,FIL,25101,
1566,sa,FIL,25102,
1566,tulad,FIL,25103,
1566,namin,FIL,25104,
1566,na,FIL,25105,
1566,mag-bf,UNK,25106,
1566,pa,FIL,25107,
1566,lang,FIL,25108,
1566,.,SYM,25109,
1568,Kumuha,FIL,25110,
1568,siya,FIL,25111,
1568,ng,FIL,25112,
1568,isang,FIL,25113,
1568,tuwalya,FIL,25114,
1568,at,FIL,25115,
1568,isang,FIL,25116,
1568,maliit,FIL,25117,
1568,na,FIL,25118,
1568,palanggana,FIL,25119,
1568,at,FIL,25120,
1568,nilagyan,FIL,25121,
1568,ito,FIL,25122,
1568,ng,FIL,25123,
1568,mainit,FIL,25124,
1568,na,FIL,25125,
1568,tubig,FIL,25126,
1568,.,SYM,25127,
1569,So,ENG,25128,
1569,ayun,FIL,25129,
1569,",",SYM,25130,
1569,dalawang,FIL,25131,
1569,chem,ENG,25132,
1569,ang,FIL,25133,
1569,kalahati,FIL,25134,
1569,lang,FIL,25135,
1569,score,ENG,25136,
1569,ko,FIL,25137,
1569,.,SYM,25138,
1570,Sa,FIL,25139,
1570,kabila,FIL,25140,
1570,pala,FIL,25141,
1570,nang,FIL,25142,
1570,ipinapakitang,FIL,25143,
1570,tila,FIL,25144,
1570,wagas,FIL,25145,
1570,na,FIL,25146,
1570,pagmamahalan,FIL,25147,
1570,ng,FIL,25148,
1570,dalawa,FIL,25149,
1570,",",SYM,25150,
1570,e,FIL,25151,
1570,",",SYM,25152,
1570,problematic,ENG,25153,
1570,naman,FIL,25154,
1570,ang,FIL,25155,
1570,relationship,ENG,25156,
1570,nila,FIL,25157,
1570,.,SYM,25158,
1571,Ang,FIL,25159,
1571,dating,FIL,25160,
1571,8,NUM,25161,
1571,hours,ENG,25162,
1571,na,FIL,25163,
1571,byahe,FIL,25164,
1571,ngayon,FIL,25165,
1571,ay,FIL,25166,
1571,2,NUM,25167,
1571,hours,ENG,25168,
1571,nalang,FIL,25169,
1571,.,SYM,25170,
1571,Ang,FIL,25171,
1571,laking,FIL,25172,
1571,ginhawa,FIL,25173,
1571,po,FIL,25174,
1571,sa,FIL,25175,
1571,magsasaka,FIL,25176,
1573,ayoko,FIL,25177,
1573,na,FIL,25178,
1573,i-prank,UNK,25179,
1573,si,FIL,25180,
1573,alyana,UNK,25181,NE
1573,sa,FIL,25182,
1573,susunod,FIL,25183,
1573,",",SYM,25184,
1573,serious,ENG,25185,
1573,pala,FIL,25186,
1573,siyang,FIL,25187,
1573,tao,FIL,25188,
1573,pota,UNK,25189,EXPR
1573,nag-explain,UNK,25190,
1573,pa,FIL,25191,
1573,ako,FIL,25192,
1574,Kaya,FIL,25193,
1574,tama,FIL,25194,
1574,ang,FIL,25195,
1574,ginagawa,FIL,25196,
1574,ng,FIL,25197,
1574,makabayan,FIL,25198,
1574,na,FIL,25199,
1574,plataporma,FIL,25200,
1574,muna,FIL,25201,
1574,bago,FIL,25202,
1574,maendorse,FIL,25203,
1576,Wag,FIL,25204,
1576,nyo,FIL,25205,
1576,q,FIL,25206,
1576,kausapin,FIL,25207,
1576,",",SYM,25208,
1576,ang,FIL,25209,
1576,broke,ENG,25210,
1576,ko,FIL,25211,
1576,.,SYM,25212,
1577,Sumaklolo,FIL,25213,
1577,ang,FIL,25214,
1577,Philippine,ENG,25215,NE
1577,Coast,ENG,25216,NE
1577,Guard,ENG,25217,NE
1577,at,FIL,25218,
1577,lokal,FIL,25219,
1577,na,FIL,25220,
1577,mga,FIL,25221,
1577,residente,FIL,25222,
1577,sa,FIL,25223,
1577,18,NUM,25224,
1577,pasahero,FIL,25225,
1577,at,FIL,25226,
1577,crew,ENG,25227,
1577,ng,FIL,25228,
1577,isang,FIL,25229,
1577,bangka,FIL,25230,
1577,na,FIL,25231,
1577,lumubog,FIL,25232,
1577,sa,FIL,25233,
1577,bahagi,FIL,25234,
1577,ng,FIL,25235,
1577,Malamawi,UNK,25236,NE
1577,Island,ENG,25237,NE
1577,sa,FIL,25238,
1577,Basilan,UNK,25239,NE
1577,nitong,FIL,25240,
1577,Miyerkoles,FIL,25241,NE
1577,.,SYM,25242,
1579,Salamat,FIL,25243,
1579,sa,FIL,25244,
1579,pagbisita,FIL,25245,
1579,sa,FIL,25246,
1579,pinakamamahal,FIL,25247,
1579,kong,FIL,25248,
1579,probinsya,FIL,25249,
1579,Kath,UNK,25250,NE
1579,",",SYM,25251,
1579,ito,FIL,25252,
1579,ang,FIL,25253,
1579,bayan,FIL,25254,
1579,ng,FIL,25255,
1579,Aklan,FIL,25256,NE
1579,",",SYM,25257,
1579,kung,FIL,25258,
1579,saan,FIL,25259,
1579,ako,FIL,25260,
1579,nag-elementary,UNK,25261,
1579,at,FIL,25262,
1579,high,ENG,25263,
1579,school,ENG,25264,
1579,",",SYM,25265,
1579,spending,ENG,25266,
1579,9,NUM,25267,
1579,years,ENG,25268,
1579,is,ENG,25269,
1579,wonderful,ENG,25270,
1579,",",SYM,25271,
1579,andaming,FIL,25272,
1579,kasiyahan,FIL,25273,
1579,at,FIL,25274,
1579,kalungkutan,FIL,25275,
1579,pero,FIL,25276,
1579,makasaysayan,FIL,25277,
1579,dahil,FIL,25278,
1579,sa,FIL,25279,
1579,nasaksihan,FIL,25280,
1579,ko,FIL,25281,
1579,ang,FIL,25282,
1579,mga,FIL,25283,
1579,araw,FIL,25284,
1579,na,FIL,25285,
1579,tumatak,FIL,25286,
1579,saking,FIL,25287,
1579,isipin,FIL,25288,
1579,",",SYM,25289,
1579,hindi,FIL,25290,
1579,man,FIL,25291,
1579,gaanong,FIL,25292,
1579,kilala,FIL,25293,
1579,ang,FIL,25294,
1579,Aklan,FIL,25295,NE
1579,bilang,FIL,25296,
1579,mayamang,FIL,25297,
1579,probinsya,FIL,25298,
1579,pero,FIL,25299,
1579,maniwala,FIL,25300,
1579,ka,FIL,25301,
1579,sa,FIL,25302,
1579,hindi,FIL,25303,
1579,payapa,FIL,25304,
1579,ang,FIL,25305,
1579,Aklan,FIL,25306,NE
1579,",",SYM,25307,
1579,proud,ENG,25308,
1579,to,ENG,25309,
1579,be,ENG,25310,
1579,Aklanon,FIL,25311,NE
1579,",",SYM,25312,
1579,MABUHAY,FIL,25313,
1580,Naexperience,UNK,25314,
1580,niyo,FIL,25315,
1580,na,FIL,25316,
1580,bang,FIL,25317,
1580,makipagkilala,FIL,25318,
1580,sa,FIL,25319,
1580,ibang,FIL,25320,
1580,tao,FIL,25321,
1580,kahit,FIL,25322,
1580,may,FIL,25323,
1580,mga,FIL,25324,
1580,kausap,FIL,25325,
1580,na,FIL,25326,
1580,kayo,FIL,25327,
1580,sa,FIL,25328,
1580,messaging,ENG,25329,
1580,apps,ENG,25330,
1580,niyo,FIL,25331,
1580,?,SYM,25332,
1581,Natatawa,FIL,25333,
1581,ako,FIL,25334,
1581,sa,FIL,25335,
1581,MANTIKAAA,FIL,25336,
1581,!,SYM,25337,
1582,Hindi,FIL,25338,
1582,sila,FIL,25339,
1582,makapaniwala,FIL,25340,
1582,sa,FIL,25341,
1582,mga,FIL,25342,
1582,survey,ENG,25343,
1582,",",SYM,25344,
1582,wala,FIL,25345,
1582,yan,FIL,25346,
1582,analyst,ENG,25347,
1582,",",SYM,25348,
1582,analyst,ENG,25349,
1582,na,FIL,25350,
1582,iyan,FIL,25351,
1582,",",SYM,25352,
1583,Arestado,FIL,25353,
1583,sa,FIL,25354,
1583,Las,UNK,25355,NE
1583,Pias,UNK,25356,NE
1583,City,ENG,25357,NE
1583,ang,FIL,25358,
1583,isang,FIL,25359,
1583,ama,FIL,25360,
1583,na,FIL,25361,
1583,inakusahang,FIL,25362,
1583,paulit-ulit,FIL,25363,
1583,na,FIL,25364,
1583,ginahasa,FIL,25365,
1583,ang,FIL,25366,
1583,menor,FIL,25367,
1583,de,FIL,25368,
1583,edad,FIL,25369,
1583,na,FIL,25370,
1583,anak,FIL,25371,
1583,na,FIL,25372,
1583,babae,FIL,25373,
1583,sa,FIL,25374,
1583,Cavite,UNK,25375,NE
1583,habang,FIL,25376,
1583,nasa,FIL,25377,
1583,abroad,ENG,25378,
1583,ang,FIL,25379,
1583,kaniyang,FIL,25380,
1583,asawa,FIL,25381,
1583,.,SYM,25382,
1585,Angas,FIL,25383,
1585,ng,FIL,25384,
1585,paggaya,FIL,25385,
1585,sa,FIL,25386,
1585,intro,ENG,25387,ABB
1585,ng,FIL,25388,
1585,mavs,ENG,25389,"ABB,NE"
1586,Wow,UNK,25390,EXPR
1586,d,FIL,25391,ABB
1586,ko,FIL,25392,
1586,alam,FIL,25393,
1586,na,FIL,25394,
1586,may,FIL,25395,
1586,ganto,FIL,25396,
1586,palang,FIL,25397,
1586,gadget,ENG,25398,
1586,at,FIL,25399,
1586,d,FIL,25400,ABB
1586,lang,FIL,25401,
1586,yun,FIL,25402,
1586,para,FIL,25403,
1586,ka,FIL,25404,
1586,ng,FIL,25405,
1586,naka,FIL,25406,
1586,smart,ENG,25407,
1586,tv,ENG,25408,ABB
1586,wow,UNK,25409,EXPR
1586,alam,FIL,25410,
1586,ko,FIL,25411,
1586,na,FIL,25412,
1586,ang,FIL,25413,
1586,susunod,FIL,25414,
1586,ko,FIL,25415,
1586,pag,FIL,25416,
1586,iipunan,FIL,25417,
1586,thank,ENG,25418,
1586,you,ENG,25419,
1586,kuya,FIL,25420,
1586,vince,UNK,25421,NE
1587,Alam,FIL,25422,
1587,ni,FIL,25423,
1587,Isko,UNK,25424,NE
1587,ang,FIL,25425,
1587,dapat,FIL,25426,
1587,unahin,FIL,25427,
1587,at,FIL,25428,
1587,ang,FIL,25429,
1587,mas,FIL,25430,
1587,importante,FIL,25431,
1587,.,SYM,25432,
1588,Kinilala,FIL,25433,
1588,ang,FIL,25434,
1588,biktima,FIL,25435,
1588,na,FIL,25436,
1588,si,FIL,25437,
1588,Emmanuel,UNK,25438,NE
1588,Dalos,UNK,25439,NE
1588,",",SYM,25440,
1588,32-anyos,FIL,25441,
1588,.,SYM,25442,
1589,Naalala,FIL,25443,
1589,ko,FIL,25444,
1589,early,ENG,25445,
1589,2000,NUM,25446,
1589,yata,FIL,25447,
1589,yun,FIL,25448,
1589,sobra,FIL,25449,
1589,yung,FIL,25450,
1589,pang,FIL,25451,
1589,babash,FIL,25452,
1589,ng,FIL,25453,
1589,mga,FIL,25454,
1589,tao,FIL,25455,
1589,kay,FIL,25456,
1589,Dr,ENG,25457,ABB
1589,Belo,UNK,25458,NE
1589,dahil,FIL,25459,
1589,nga,FIL,25460,
1589,sa,FIL,25461,
1589,May,ENG,25462,
1589,December,ENG,25463,
1589,affair,ENG,25464,
1589,nya,FIL,25465,
1589,kay,FIL,25466,
1589,Doc,ENG,25467,ABB
1589,Hayden,UNK,25468,NE
1589,na,FIL,25469,
1589,wala,FIL,25470,
1589,namang,FIL,25471,
1589,masama,FIL,25472,
1589,dahil,FIL,25473,
1589,single,ENG,25474,
1589,sya,FIL,25475,
1589,.,SYM,25476,
1590,Ang,FIL,25477,
1590,sistemang,FIL,25478,
1590,galaktiko,FIL,25479,
1590,ng,FIL,25480,
1590,mga,FIL,25481,
1590,koordinado,FIL,25482,
1590,o,FIL,25483,
1590,panggalaksiyang,FIL,25484,
1590,sistema,FIL,25485,
1590,ng,FIL,25486,
1590,mga,FIL,25487,
1590,koordinado,FIL,25488,
1590,ay,FIL,25489,
1590,isang,FIL,25490,
1590,.,SYM,25491,
1593,Lunes,FIL,25492,
1593,ng,FIL,25493,
1593,gabi,FIL,25494,
1593,nang,FIL,25495,
1593,magkasundo,FIL,25496,
1593,sa,FIL,25497,
1593,usapan,FIL,25498,
1593,sina,FIL,25499,
1593,Manuel,UNK,25500,NE
1593,at,FIL,25501,
1593,Alaska,ENG,25502,NE
1593,management,ENG,25503,
1593,.,SYM,25504,
1594,Is,ENG,25505,
1594,it,ENG,25506,
1594,okay,ENG,25507,
1594,na,FIL,25508,
1594,hindi,FIL,25509,
1594,ako,FIL,25510,
1594,makahindi,FIL,25511,
1594,sa,FIL,25512,
1594,classmate,ENG,25513,
1594,kong,FIL,25514,
1594,laging,FIL,25515,
1594,nanghihingi,FIL,25516,
1594,ng,FIL,25517,
1594,answer,ENG,25518,
1594,?,SYM,25519,
1595,Alam,FIL,25520,
1595,ko,FIL,25521,
1595,na,FIL,25522,
1595,Hindi,FIL,25523,
1595,pinahihirapan,FIL,25524,
1595,ang,FIL,25525,
1595,mga,FIL,25526,
1595,nagreregalo,FIL,25527,
1595,at,FIL,25528,
1595,Walang,FIL,25529,
1595,nagagawa,FIL,25530,
1595,ang,FIL,25531,
1595,hindi,FIL,25532,
1595,nambobola,FIL,25533,
1595,.,SYM,25534,
1596,Nanindigan,FIL,25535,
1596,din,FIL,25536,
1596,si,FIL,25537,
1596,Cavite,UNK,25538,NE
1596,Rep,ENG,25539,"ABB,NE"
1596,.,SYM,25540,
1596,Boying,UNK,25541,NE
1596,Remulla,UNK,25542,NE
1596,sa,FIL,25543,
1596,umanoy,FIL,25544,
1596,paghahakot,FIL,25545,
1596,at,FIL,25546,
1596,pagbabayad,FIL,25547,
1596,ng,FIL,25548,
1596,P500,NUM,25549,
1596,sa,FIL,25550,
1596,mga,FIL,25551,
1596,dumalong,FIL,25552,
1596,Kakampink,FIL,25553,NE
1596,sa,FIL,25554,
1596,lugar,FIL,25555,
1596,.,SYM,25556,
1597,Nangunguna,FIL,25557,
1597,ang,FIL,25558,
1597,magnanakaw,FIL,25559,
1597,sa,FIL,25560,
1597,pagnanakaw,FIL,25561,
1598,Na,FIL,25562,
1598,ang,FIL,25563,
1598,ibig,FIL,25564,
1598,sabihin,FIL,25565,
1598,",",SYM,25566,
1598,kahit,FIL,25567,
1598,na,FIL,25568,
1598,sa,FIL,25569,
1598,anumang,FIL,25570,
1598,anyo,FIL,25571,
1598,magpapakita,FIL,25572,
1598,ang,FIL,25573,
1598,Diyos,FIL,25574,NE
1598,",",SYM,25575,
1598,kahit,FIL,25576,
1598,na,FIL,25577,
1598,sa,FIL,25578,
1598,alinmang,FIL,25579,
1598,pananaw,FIL,25580,
1598,Siya,FIL,25581,
1598,magsasalita,FIL,25582,
1598,",",SYM,25583,
1598,o,FIL,25584,
1598,sa,FIL,25585,
1598,anumang,FIL,25586,
1598,larawan,FIL,25587,
1598,Siya,FIL,25588,
1598,haharap,FIL,25589,
1598,sa,FIL,25590,
1598,sangkatauhan,FIL,25591,
1598,",",SYM,25592,
1598,walang,FIL,25593,
1598,kinakatawan,FIL,25594,
1598,ang,FIL,25595,
1598,Diyos,FIL,25596,NE
1598,kundi,FIL,25597,
1598,ang,FIL,25598,
1598,Diyos,FIL,25599,NE
1598,Mismo,FIL,25600,
1598,.,SYM,25601,
1599,Pero,FIL,25602,
1599,nagso-sorry,FIL,25603,
1599,raw,FIL,25604,
1599,siya,FIL,25605,
1599,kasi,FIL,25606,
1599,alam,FIL,25607,
1599,niyang,FIL,25608,
1599,may,FIL,25609,
1599,mga,FIL,25610,
1599,bagay,FIL,25611,
1599,siyang,FIL,25612,
1599,nagagawa,FIL,25613,
1599,na,FIL,25614,
1599,hindi,FIL,25615,
1599,nito,FIL,25616,
1599,nagugustuhan,FIL,25617,
1599,.,SYM,25618,
1600,Hindi,FIL,25619,
1600,ba,FIL,25620,
1600,napapagod,FIL,25621,
1600,yung,FIL,25622,
1600,mga,FIL,25623,
1600,maka-bbm,UNK,25624,
1600,at,FIL,25625,
1600,maka-leni,UNK,25626,
1600,sa,FIL,25627,
1600,fb,ENG,25628,ABB
1600,na,FIL,25629,
1600,magsagutan,FIL,25630,
1600,?,SYM,25631,
1602,Dahil,FIL,25632,
1602,hindi,FIL,25633,
1602,sila,FIL,25634,
1602,masaya,FIL,25635,
1602,",",SYM,25636,
1602,mas,FIL,25637,
1602,gusto,FIL,25638,
1602,nilang,FIL,25639,
1602,hanapan,FIL,25640,
1602,ng,FIL,25641,
1602,mali,FIL,25642,
1602,ang,FIL,25643,
1602,lahat,FIL,25644,
1602,ng,FIL,25645,
1602,nakikita,FIL,25646,
1602,nilang,FIL,25647,
1602,magaganda,FIL,25648,
1602,.,SYM,25649,
1603,kinakabahan,FIL,25650,
1603,ako,FIL,25651,
1603,sa,FIL,25652,
1603,nov,ENG,25653,ABB
1603,1,NUM,25654,
1603,baka,FIL,25655,
1603,bagsakan,FIL,25656,
1603,ulit,FIL,25657,
1603,ng,FIL,25658,
1603,merch,ENG,25659,
1603,shutaena,FIL,25660,
1603,patayen,FIL,25661,
1603,nyu,FIL,25662,
1603,na,FIL,25663,
1603,lang,FIL,25664,
1603,aq,FIL,25665,
1604,ewan,FIL,25666,
1604,ko,FIL,25667,
1604,na,FIL,25668,
1604,lang,FIL,25669,
1604,sa,FIL,25670,
1604,mga,FIL,25671,
1604,nagtatanggol,FIL,25672,
1604,pa,FIL,25673,
1604,sa,FIL,25674,
1604,m4rc0$,UNK,25675,
1605,Dapat,FIL,25676,
1605,lagyan,FIL,25677,
1605,ng,FIL,25678,
1605,isang,FIL,25679,
1605,lugar,FIL,25680,
1605,lang,FIL,25681,
1605,na,FIL,25682,
1605,pwede,FIL,25683,
1605,silang,FIL,25684,
1605,mag,FIL,25685,
1605,tinda,FIL,25686,
1605,at,FIL,25687,
1605,hindi,FIL,25688,
1605,pakalat,FIL,25689,
1605,kalat,FIL,25690,
1605,.,SYM,25691,
1605,bigyan,FIL,25692,
1605,sila,FIL,25693,
1605,ng,FIL,25694,
1605,ticket,ENG,25695,
1605,sa,FIL,25696,
1605,city,ENG,25697,
1605,hall,ENG,25698,
1605,para,FIL,25699,
1605,sa,FIL,25700,
1605,tax,ENG,25701,
1605,kisa,FIL,25702,
1605,sila,FIL,25703,
1605,na,FIL,25704,
1605,nga,FIL,25705,
1605,ang,FIL,25706,
1605,nakakadumi,FIL,25707,
1605,ng,FIL,25708,
1605,manila,UNK,25709,NE
1605,tapos,FIL,25710,
1605,hindi,FIL,25711,
1605,pa,FIL,25712,
1605,nag,FIL,25713,
1605,babayad,FIL,25714,
1605,ng,FIL,25715,
1605,buwis,FIL,25716,
1606,Binanggit,FIL,25717,
1606,pa,FIL,25718,
1606,ng,FIL,25719,
1606,users,ENG,25720,
1606,ang,FIL,25721,
1606,2015,NUM,25722,
1606,serye,FIL,25723,
1606,ni,FIL,25724,
1606,Julia,UNK,25725,NE
1606,na,FIL,25726,
1606,Doble,FIL,25727,NE
1606,Kara,FIL,25728,NE
1606,na,FIL,25729,
1606,umere,FIL,25730,
1606,ng,FIL,25731,
1606,dalawang,FIL,25732,
1606,taon,FIL,25733,
1606,",",SYM,25734,
1606,patunay,FIL,25735,
1606,sa,FIL,25736,
1606,galling,FIL,25737,
1606,nito,FIL,25738,
1606,sa,FIL,25739,
1606,acting,ENG,25740,
1606,.,SYM,25741,
1607,At,FIL,25742,
1607,kung,FIL,25743,
1607,may,FIL,25744,
1607,mga,FIL,25745,
1607,nakabihis,FIL,25746,
1607,naman,FIL,25747,
1607,ay,FIL,25748,
1607,tila,FIL,25749,
1607,hindi,FIL,25750,
1607,rin,FIL,25751,
1607,sapat,FIL,25752,
1607,para,FIL,25753,
1607,masabing,FIL,25754,
1607,mga,FIL,25755,
1607,artista,FIL,25756,
1607,sila,FIL,25757,
1607,.,SYM,25758,
1610,tinanong,FIL,25759,
1610,pa,FIL,25760,
1610,kami,FIL,25761,
1610,kung,FIL,25762,
1610,bakit,FIL,25763,
1610,sa,FIL,25764,
1610,kabilang,FIL,25765,
1610,bahay,FIL,25766,
1610,daw,FIL,25767,
1610,kami,FIL,25768,
1610,natulog,FIL,25769,
1610,",",SYM,25770,
1610,bumili,FIL,25771,
1610,lang,FIL,25772,
1610,naman,FIL,25773,
1610,kami,FIL,25774,
1610,ng,FIL,25775,
1610,kwek-kwek,FIL,25776,
1610,bat,FIL,25777,
1610,niyo,FIL,25778,
1610,naman,FIL,25779,
1610,kami,FIL,25780,
1610,pinagsaraduhan,FIL,25781,
1610,ng,FIL,25782,
1610,pinto,FIL,25783,
1610,ano,FIL,25784,
1610,yun,FIL,25785,
1610,sa,FIL,25786,
1610,terrace,ENG,25787,
1610,niyo,FIL,25788,
1610,kami,FIL,25789,
1610,patutulugin,FIL,25790,
1610,?,SYM,25791,
1611,Habang,FIL,25792,
1611,tayo,FIL,25793,
1611,ay,FIL,25794,
1611,nabubuhay,FIL,25795,
1611,",",SYM,25796,
1611,open,ENG,25797,
1611,dapat,FIL,25798,
1611,tayo,FIL,25799,
1611,sa,FIL,25800,
1611,mga,FIL,25801,
1611,aral,FIL,25802,
1611,na,FIL,25803,
1611,dala,FIL,25804,
1611,ng,FIL,25805,
1611,ating,FIL,25806,
1611,experiences,ENG,25807,
1611,",",SYM,25808,
1611,maganda,FIL,25809,
1611,man,FIL,25810,
1611,",",SYM,25811,
1611,o,FIL,25812,
1611,masakit,FIL,25813,
1611,o,FIL,25814,
1611,mabigat,FIL,25815,
1611,.,SYM,25816,
1613,Tumagal,FIL,25817,
1613,pa,FIL,25818,
1613,ng,FIL,25819,
1613,15,NUM,25820,
1613,minuto,FIL,25821,
1613,bago,FIL,25822,
1613,lumabas,FIL,25823,
1613,sa,FIL,25824,
1613,sasakyan,FIL,25825,
1613,ang,FIL,25826,
1613,drayber,FIL,25827,
1613,.,SYM,25828,
1614,Inihalintulad,FIL,25829,
1614,ito,FIL,25830,
1614,ni,FIL,25831,
1614,Lacson,UNK,25832,NE
1614,sa,FIL,25833,
1614,isang,FIL,25834,
1614,indibidwal,FIL,25835,
1614,na,FIL,25836,
1614,nagtitimon,FIL,25837,
1614,sa,FIL,25838,
1614,naglalayag,FIL,25839,
1614,na,FIL,25840,
1614,bangka,FIL,25841,
1614,sa,FIL,25842,
1614,maalon,FIL,25843,
1614,na,FIL,25844,
1614,karagatan,FIL,25845,
1614,kayat,FIL,25846,
1614,mainam,FIL,25847,
1614,aniyang,FIL,25848,
1614,pag-isipang,FIL,25849,
1614,mabuti,FIL,25850,
1614,ang,FIL,25851,
1614,planong,FIL,25852,
1614,pagtakbo,FIL,25853,
1614,dahil,FIL,25854,
1614,ang,FIL,25855,
1614,trabaho,FIL,25856,
1614,ng,FIL,25857,
1614,isang,FIL,25858,
1614,lider,FIL,25859,
1614,ng,FIL,25860,
1614,bansa,FIL,25861,
1614,ay,FIL,25862,
1614,hindi,FIL,25863,
1614,isang,FIL,25864,
1614,laro,FIL,25865,
1614,o,FIL,25866,
1614,biro,FIL,25867,
1614,lamang,FIL,25868,
1614,.,SYM,25869,
1615,Ang,FIL,25870,
1615,pagbabago,FIL,25871,
1615,ng,FIL,25872,
1615,mga,FIL,25873,
1615,kondisyones,FIL,25874,
1615,ng,FIL,25875,
1615,isang,FIL,25876,
1615,pagsasanob,UNK,25877,
1615,ay,FIL,25878,
1615,mag-uusad,FIL,25879,
1615,pakanan,FIL,25880,
1615,o,FIL,25881,
1615,pakaliwa,FIL,25882,
1615,sa,FIL,25883,
1615,ekilibrio,FIL,25884,
1615,.,SYM,25885,
1616,Samakatuwid,FIL,25886,
1616,",",SYM,25887,
1616,may,FIL,25888,
1616,hugis,FIL,25889,
1616,ang,FIL,25890,
1616,mga,FIL,25891,
1616,ito,FIL,25892,
1616,",",SYM,25893,
1616,may,FIL,25894,
1616,punto,FIL,25895,
1616,de,FIL,25896,
1616,bista,FIL,25897,
1616,at,FIL,25898,
1616,nakapagpapahaba,FIL,25899,
1616,ng,FIL,25900,
1616,interes,FIL,25901,
1616,ng,FIL,25902,
1616,mambabasa,FIL,25903,
1616,ang,FIL,25904,
1616,isang,FIL,25905,
1616,sulating,FIL,25906,
1616,pampanitikan,FIL,25907,
1616,.,SYM,25908,
1616,The,ENG,25909,
1616,New,ENG,25910,
1616,Book,ENG,25911,
1616,of,ENG,25912,
1616,Knowledge,ENG,25913,
1616,",",SYM,25914,
1616,nasa,FIL,25915,
1616,wikang,FIL,25916,
1616,Ingles,FIL,25917,
1616,",",SYM,25918,
1616,Grolier,ENG,25919,NE
1616,Incorporated,ENG,25920,
1616,",",SYM,25921,
1616,",",SYM,25922,
1616,ISBN,ENG,25923,ABB
1616,ng,FIL,25924,
1616,buhay,FIL,25925,
1616,",",SYM,25926,
1616,pamumuhay,FIL,25927,
1616,",",SYM,25928,
1616,lipunan,FIL,25929,
1616,",",SYM,25930,
1616,pamahalaan,FIL,25931,
1616,",",SYM,25932,
1616,pananampalataya,FIL,25933,
1616,at,FIL,25934,
1616,mga,FIL,25935,
1616,karanasang,FIL,25936,
1616,kaugnay,FIL,25937,
1616,ng,FIL,25938,
1616,ibat,FIL,25939,
1616,ibang,FIL,25940,
1616,uri,FIL,25941,
1616,ng,FIL,25942,
1616,damdaming,FIL,25943,
1616,tulad,FIL,25944,
1616,ng,FIL,25945,
1616,pag-ibig,FIL,25946,
1616,",",SYM,25947,
1616,kaligayahan,FIL,25948,
1616,",",SYM,25949,
1616,kalungkutan,FIL,25950,
1616,",",SYM,25951,
1616,pag-asa,FIL,25952,
1616,",",SYM,25953,
1616,pagkapoot,FIL,25954,
1616,",",SYM,25955,
1616,paghihiganti,FIL,25956,
1616,",",SYM,25957,
1616,pagkasuklam,FIL,25958,
1616,",",SYM,25959,
1616,sindak,FIL,25960,
1616,at,FIL,25961,
1616,pangamba,FIL,25962,
1616,.,SYM,25963,
1616,Sauco,UNK,25964,NE
1616,",",SYM,25965,
1616,Consolacion,UNK,25966,NE
1616,P,UNK,25967,NE
1616,.,SYM,25968,
1616,",",SYM,25969,
1616,Nenita,UNK,25970,NE
1616,P,UNK,25971,NE
1616,.,SYM,25972,
1616,Papa,UNK,25973,NE
1616,",",SYM,25974,
1616,at,FIL,25975,
1616,Jeriny,UNK,25976,NE
1616,R,UNK,25977,NE
1616,.,SYM,25978,
1616,Geronimo,UNK,25979,NE
1616,.,SYM,25980,
1617,ANO,FIL,25981,
1617,:,SYM,25982,
1617,ang,FIL,25983,
1617,ginagawa,FIL,25984,
1617,ko,FIL,25985,
1617,dito,FIL,25986,
1617,sa,FIL,25987,
1617,twitter,ENG,25988,NE
1617,at,FIL,25989,
1617,bakit,FIL,25990,
1617,hindi,FIL,25991,
1617,ko,FIL,25992,
1617,harapin,FIL,25993,
1617,ng,FIL,25994,
1617,papers,ENG,25995,
1617,ko,FIL,25996,
1619,Mga,FIL,25997,
1619,para,FIL,25998,
1619,sa,FIL,25999,
1619,The,ENG,26000,
1619,Aquinos,UNK,26001,NE
1619,of,ENG,26002,
1619,Tarlac,UNK,26003,NE
1619,An,ENG,26004,
1619,Essay,ENG,26005,
1619,in,ENG,26006,
1619,History,ENG,26007,
1619,as,ENG,26008,
1619,Sanggunian,FIL,26009,
1619,sa,FIL,26010,
1619,Mga,FIL,26011,
1619,panlabas,FIL,26012,
1619,na,FIL,26013,
1619,kawing,FIL,26014,
1621,Bukod,FIL,26015,
1621,sa,FIL,26016,
1621,pagmamahal,FIL,26017,
1621,ni,FIL,26018,
1621,Gerald,UNK,26019,NE
1621,Anderson,UNK,26020,NE
1621,",",SYM,26021,
1621,ang,FIL,26022,
1621,isa,FIL,26023,
1621,nagpapasaya,FIL,26024,
1621,kay,FIL,26025,
1621,Julia,UNK,26026,NE
1621,Barretto,UNK,26027,NE
1621,ay,FIL,26028,
1621,ang,FIL,26029,
1621,pagbabakasyon,FIL,26030,
1621,nang,FIL,26031,
1621,madalas,FIL,26032,
1621,sa,FIL,26033,
1621,resort-beach,ENG,26034,
1621,house,ENG,26035,
1621,ng,FIL,26036,
1621,aktor,FIL,26037,
1621,.,SYM,26038,
1622,At,FIL,26039,
1622,nasasalamin,FIL,26040,
1622,ang,FIL,26041,
1622,kabutihan,FIL,26042,
1622,ng,FIL,26043,
1622,iyong,FIL,26044,
1622,puso,FIL,26045,
1622,.,SYM,26046,
1623,Nakipagsabayan,FIL,26047,
1623,nga,FIL,26048,
1623,sa,FIL,26049,
1623,mga,FIL,26050,
1623,kandidatong,FIL,26051,
1623,pangulo,FIL,26052,
1623,",",SYM,26053,
1623,bise,FIL,26054,
1623,presidente,FIL,26055,
1623,at,FIL,26056,
1623,mga,FIL,26057,
1623,senador,FIL,26058,
1623,ang,FIL,26059,
1623,ibang,FIL,26060,
1623,partylist,ENG,26061,
1623,group,ENG,26062,
1623,na,FIL,26063,
1623,may,FIL,26064,
1623,pondo,FIL,26065,
1623,sa,FIL,26066,
1623,paramihan,FIL,26067,
1623,ng,FIL,26068,
1623,commercial,ENG,26069,
1623,o,FIL,26070,
1623,ads,ENG,26071,ABB
1623,sa,FIL,26072,
1623,mga,FIL,26073,
1623,telebisyon,FIL,26074,
1623,",",SYM,26075,
1623,radyo,FIL,26076,
1623,at,FIL,26077,
1623,social,ENG,26078,
1623,media,ENG,26079,
1623,.,SYM,26080,
1625,Dinaig,FIL,26081,
1625,pa,FIL,26082,
1625,ng,FIL,26083,
1625,projects,ENG,26084,
1625,ko,FIL,26085,
1625,yung,FIL,26086,
1625,discography,ENG,26087,
1625,ng,FIL,26088,
1625,blackpink,UNK,26089,NE
1625,sa,FIL,26090,
1625,dami,FIL,26091,
1625,nito,FIL,26092,
1625,.,SYM,26093,
1626,Mga,FIL,26094,
1626,batak,FIL,26095,
1626,din,FIL,26096,
1626,sa,FIL,26097,
1626,laro,FIL,26098,
1626,ika,FIL,26099,
1626,nga,FIL,26100,
1626,ang,FIL,26101,
1626,halos,FIL,26102,
1626,lahat,FIL,26103,
1626,sa,FIL,26104,
1626,kanila,FIL,26105,
1626,dahil,FIL,26106,
1626,sa,FIL,26107,
1626,pakikipaglaban,FIL,26108,
1626,sa,FIL,26109,
1626,ibat,FIL,26110,
1626,ibang,FIL,26111,
1626,torneo,FIL,26112,
1626,sa,FIL,26113,
1626,ibang,FIL,26114,
1626,bansa,FIL,26115,
1626,.,SYM,26116,
1627,Sa,FIL,26117,
1627,pulong,FIL,26118,
1627,balitaan,FIL,26119,
1627,nitong,FIL,26120,
1627,Martes,FIL,26121,NE
1627,",",SYM,26122,
1627,sinabi,FIL,26123,
1627,ni,FIL,26124,
1627,Health,ENG,26125,NE
1627,Secretary,ENG,26126,NE
1627,Francisco,UNK,26127,NE
1627,Duque,UNK,26128,NE
1627,III,NUM,26129,
1627,",",SYM,26130,
1627,nagpakita,FIL,26131,
1627,ng,FIL,26132,
1627,sintomas,FIL,26133,
1627,ng,FIL,26134,
1627,lagnat,FIL,26135,
1627,",",SYM,26136,
1627,pangangati,FIL,26137,
1627,ng,FIL,26138,
1627,lalamunan,FIL,26139,
1627,at,FIL,26140,
1627,ubo,FIL,26141,
1627,ang,FIL,26142,
1627,pasyente,FIL,26143,
1627,nang,FIL,26144,
1627,dumating,FIL,26145,
1627,sa,FIL,26146,
1627,bansa,FIL,26147,
1627,noong,FIL,26148,
1627,Enero,FIL,26149,NE
1627,12,NUM,26150,
1627,.,SYM,26151,
1628,Kakaurat,FIL,26152,
1628,talaga,FIL,26153,
1628,magkaroon,FIL,26154,
1628,ng,FIL,26155,
1628,mga,FIL,26156,
1628,ganitong,FIL,26157,
1628,kapatid,FIL,26158,
1628,.,SYM,26159,
1629,Dumarating,FIL,26160,
1629,ang,FIL,26161,
1629,lahat,FIL,26162,
1629,ng,FIL,26163,
1629,ito,FIL,26164,
1629,bilang,FIL,26165,
1629,isang,FIL,26166,
1629,natural,ENG,26167,
1629,na,FIL,26168,
1629,paghahayag,FIL,26169,
1629,;,SYM,26170,
1629,hindi,FIL,26171,
1629,ito,FIL,26172,
1629,pinipilit,FIL,26173,
1629,ni,FIL,26174,
1629,isang,FIL,26175,
1629,bagay,FIL,26176,
1629,na,FIL,26177,
1629,napapakialaman,FIL,26178,
1629,ng,FIL,26179,
1629,tao,FIL,26180,
1629,.,SYM,26181,
1630,Siya,FIL,26182,
1630,ay,FIL,26183,
1630,nabubuhay,FIL,26184,
1630,at,FIL,26185,
1630,gumagalaw,FIL,26186,
1630,sa,FIL,26187,
1630,lahat,FIL,26188,
1630,ng,FIL,26189,
1630,bagay,FIL,26190,
1630,;,SYM,26191,
1630,maaari,FIL,26192,
1630,Siyang,FIL,26193,
1630,tumayo,FIL,26194,
1630,sa,FIL,26195,
1630,pinakamataas,FIL,26196,
1630,na,FIL,26197,
1630,lugar,FIL,26198,
1630,",",SYM,26199,
1630,sa,FIL,26200,
1630,ibabaw,FIL,26201,
1630,ng,FIL,26202,
1630,lahat,FIL,26203,
1630,ng,FIL,26204,
1630,bagay,FIL,26205,
1630,;,SYM,26206,
1630,kaya,FIL,26207,
1630,Niya,FIL,26208,
1630,Mismong,FIL,26209,
1630,magpakumbaba,FIL,26210,
1630,sa,FIL,26211,
1630,pamamagitan,FIL,26212,
1630,ng,FIL,26213,
1630,pagiging,FIL,26214,
1630,isang,FIL,26215,
1630,tao,FIL,26216,
1630,",",SYM,26217,
1630,sa,FIL,26218,
1630,pagiging,FIL,26219,
1630,isa,FIL,26220,
1630,sa,FIL,26221,
1630,gitna,FIL,26222,
1630,niyaong,FIL,26223,
1630,may,FIL,26224,
1630,laman,FIL,26225,
1630,at,FIL,26226,
1630,dugo,FIL,26227,
1630,",",SYM,26228,
1630,harap-harapang,FIL,26229,
1630,dumating,FIL,26230,
1630,sa,FIL,26231,
1630,mga,FIL,26232,
1630,tao,FIL,26233,
1630,at,FIL,26234,
1630,nakikibahagi,FIL,26235,
1630,sa,FIL,26236,
1630,kanila,FIL,26237,
1630,sa,FIL,26238,
1630,hirap,FIL,26239,
1630,at,FIL,26240,
1630,ginhawa,FIL,26241,
1630,;,SYM,26242,
1630,kasabay,FIL,26243,
1630,nito,FIL,26244,
1630,",",SYM,26245,
1630,pinamamahalaan,FIL,26246,
1630,Niya,FIL,26247,
1630,ang,FIL,26248,
1630,lahat,FIL,26249,
1630,ng,FIL,26250,
1630,mayroon,FIL,26251,
1630,",",SYM,26252,
1630,at,FIL,26253,
1630,nagpapasya,FIL,26254,
1630,sa,FIL,26255,
1630,kapalaran,FIL,26256,
1630,ng,FIL,26257,
1630,lahat,FIL,26258,
1630,ng,FIL,26259,
1630,mayroon,FIL,26260,
1630,",",SYM,26261,
1630,at,FIL,26262,
1630,anong,FIL,26263,
1630,direksyon,FIL,26264,
1630,ang,FIL,26265,
1630,tatahakin,FIL,26266,
1630,nito,FIL,26267,
1630,;,SYM,26268,
1630,higit,FIL,26269,
1630,pa,FIL,26270,
1630,rito,FIL,26271,
1630,",",SYM,26272,
1630,ginagabayan,FIL,26273,
1630,Niya,FIL,26274,
1630,ang,FIL,26275,
1630,kapalaran,FIL,26276,
1630,ng,FIL,26277,
1630,buong,FIL,26278,
1630,sangkatauhan,FIL,26279,
1630,",",SYM,26280,
1630,at,FIL,26281,
1630,ang,FIL,26282,
1630,patutunguhan,FIL,26283,
1630,ng,FIL,26284,
1630,sangkatauhan,FIL,26285,
1630,.,SYM,26286,
1631,Di,FIL,26287,
1631,na,FIL,26288,
1631,nagreply,FIL,26289,
1631,mga,FIL,26290,
1631,kachat,FIL,26291,
1631,ko,FIL,26292,
1631,sa,FIL,26293,
1631,last,ENG,26294,
1631,post,ENG,26295,
1631,ko,FIL,26296,
1631,naghahanap,FIL,26297,
1631,ng,FIL,26298,
1631,single,ENG,26299,
1631,mom,ENG,26300,
1631,na,FIL,26301,
1631,walang,FIL,26302,
1631,anak,FIL,26303,
1631,.,SYM,26304,
1632,kapal,FIL,26305,
1632,ng,FIL,26306,
1632,mukha,FIL,26307,
1632,ng,FIL,26308,
1632,mga,FIL,26309,
1632,walang,FIL,26310,
1632,alam,FIL,26311,
1632,sa,FIL,26312,
1632,politika,FIL,26313,
1632,pero,FIL,26314,
1632,tatakbo,FIL,26315,
1632,tangina,FIL,26316,
1632,magkikita,FIL,26317,
1632,tlga,FIL,26318,ABB
1632,tayo,FIL,26319,
1632,sa,FIL,26320,
1632,impyerno,FIL,26321,
1632,hahanapin,FIL,26322,
1632,ko,FIL,26323,
1632,kayo,FIL,26324,
1632,mga,FIL,26325,
1632,amag,FIL,26326,
1632,kayo,FIL,26327,
1633,Masyadong,FIL,26328,
1633,malupit,FIL,26329,
1633,ang,FIL,26330,
1633,mga,FIL,26331,
1633,demonyong,FIL,26332,
1633,ito,FIL,26333,
1633,!,SYM,26334,
1634,Wala,FIL,26335,
1634,umanong,FIL,26336,
1634,naipakitang,FIL,26337,
1634,dokumento,FIL,26338,
1634,ang,FIL,26339,
1634,driver,ENG,26340,
1634,at,FIL,26341,
1634,pahinante,FIL,26342,
1634,ng,FIL,26343,
1634,truck,ENG,26344,
1634,",",SYM,26345,
1634,na,FIL,26346,
1634,sinabing,FIL,26347,
1634,goods,ENG,26348,
1634,lang,FIL,26349,
1634,ang,FIL,26350,
1634,kanilang,FIL,26351,
1634,ide-deliver,FIL,26352,
1634,.,SYM,26353,
1635,Sa,FIL,26354,
1635,datos,FIL,26355,
1635,ng,FIL,26356,
1635,PNP,FIL,26357,ABB
1635,Health,ENG,26358,NE
1635,Service,ENG,26359,NE
1635,hanggang,FIL,26360,
1635,sa,FIL,26361,
1635,araw,FIL,26362,
1635,ng,FIL,26363,
1635,Martes,FIL,26364,NE
1635,(,SYM,26365,
1635,May,ENG,26366,NE
1635,25,NUM,26367,
1635,),SYM,26368,
1635,",",SYM,26369,
1635,23,NUM,26370,
1635,",",SYM,26371,
1635,013,NUM,26372,
1635,na,FIL,26373,
1635,ang,FIL,26374,
1635,confirmed,ENG,26375,
1635,COVID-19,ENG,26376,NE
1635,cases,ENG,26377,
1635,sa,FIL,26378,
1635,hanay,FIL,26379,
1635,ng,FIL,26380,
1635,pambansang,FIL,26381,
1635,pulisya,FIL,26382,
1635,.,SYM,26383,
1636,Ang,FIL,26384,
1636,yugto,FIL,26385,
1636,ng,FIL,26386,
1636,gawain,FIL,26387,
1636,sa,FIL,26388,
1636,mga,FIL,26389,
1636,huling,FIL,26390,
1636,araw,FIL,26391,
1636,",",SYM,26392,
1636,at,FIL,26393,
1636,ang,FIL,26394,
1636,naunang,FIL,26395,
1636,dalawang,FIL,26396,
1636,yugto,FIL,26397,
1636,sa,FIL,26398,
1636,Israel,UNK,26399,NE
1636,at,FIL,26400,
1636,Judea,UNK,26401,NE
1636,",",SYM,26402,
1636,ay,FIL,26403,
1636,plano,FIL,26404,
1636,ng,FIL,26405,
1636,pamamahala,FIL,26406,
1636,ng,FIL,26407,
1636,Diyos,FIL,26408,NE
1636,sa,FIL,26409,
1636,buong,FIL,26410,
1636,sansinukob,FIL,26411,
1636,.,SYM,26412,
1637,another,ENG,26413,
1637,ang,FIL,26414,
1637,liit,FIL,26415,
1637,ko,FIL,26416,
1637,nakakaiyaq,FIL,26417,
1638,Gusto,FIL,26418,
1638,ko,FIL,26419,
1638,ng,FIL,26420,
1638,ensaymada,FIL,26421,
1638,na,FIL,26422,
1638,puno,FIL,26423,
1638,ng,FIL,26424,
1638,cheese,ENG,26425,
1638,or,ENG,26426,
1638,bka,FIL,26427,ABB
1638,gusto,FIL,26428,
1638,ko,FIL,26429,
1638,lng,FIL,26430,ABB
1638,tlga,FIL,26431,ABB
1638,kumain,FIL,26432,
1638,ng,FIL,26433,
1638,cheese,ENG,26434,
1641,bakit,FIL,26435,
1641,di,FIL,26436,
1641,paalisin,FIL,26437,
1641,lahat,FIL,26438,
1641,ng,FIL,26439,
1641,chinese,ENG,26440,
1641,sa,FIL,26441,
1641,teritoryo,FIL,26442,
1641,ng,FIL,26443,
1641,Pilipinas,FIL,26444,NE
1641,",",SYM,26445,
1641,bakit,FIL,26446,
1641,hindi,FIL,26447,
1641,ba,FIL,26448,
1641,mabubuhay,FIL,26449,
1641,ang,FIL,26450,
1641,mga,FIL,26451,
1641,Pilipino,FIL,26452,NE
1641,kung,FIL,26453,
1641,hindi,FIL,26454,
1641,makikipagkaibigan,FIL,26455,
1641,sa,FIL,26456,
1641,mga,FIL,26457,
1641,swapang,FIL,26458,
1641,na,FIL,26459,
1641,intsik,FIL,26460,
1641,?,SYM,26461,
1642,At,FIL,26462,
1642,nabanggit,FIL,26463,
1642,din,FIL,26464,
1642,niya,FIL,26465,
1642,ang,FIL,26466,
1642,balak,FIL,26467,
1642,napagpapatapyas,FIL,26468,
1642,ng,FIL,26469,
1642,dibdib,FIL,26470,
1642,ni,FIL,26471,
1642,Ice,UNK,26472,NE
1642,na,FIL,26473,
1642,mas,FIL,26474,
1642,pinaigting,FIL,26475,
1642,pa,FIL,26476,
1642,raw,FIL,26477,
1642,ng,FIL,26478,
1642,ginawa,FIL,26479,
1642,ni,FIL,26480,
1642,Jake,UNK,26481,NE
1642,Zyrus,UNK,26482,NE
1642,.,SYM,26483,
1643,Ung,FIL,26484,
1643,name,ENG,26485,
1643,ng,FIL,26486,
1643,Unbox,ENG,26487,NE
1643,Diaries,ENG,26488,NE
1643,Hindi,FIL,26489,
1643,lang,FIL,26490,
1643,mga,FIL,26491,
1643,gadgets,ENG,26492,
1643,ang,FIL,26493,
1643,inaunbox,FIL,26494,
1643,Pati,FIL,26495,
1643,na,FIL,26496,
1643,din,FIL,26497,
1643,food,ENG,26498,
1643,?,SYM,26499,
1644,Hindi,FIL,26500,
1644,lang,FIL,26501,
1644,sa,FIL,26502,
1644,acting,ENG,26503,
1644,career,ENG,26504,
1644,naungusan,FIL,26505,
1644,ni,FIL,26506,
1644,Vin,UNK,26507,NE
1644,ang,FIL,26508,
1644,kapatid,FIL,26509,
1644,na,FIL,26510,
1644,si,FIL,26511,
1644,Aljur,UNK,26512,NE
1644,",",SYM,26513,
1644,kundi,FIL,26514,
1644,maging,FIL,26515,
1644,sa,FIL,26516,
1644,pagnenegosyo,FIL,26517,
1644,.,SYM,26518,
1645,Nakapalibot,FIL,26519,
1645,sa,FIL,26520,
1645,cake,ENG,26521,
1645,ang,FIL,26522,
1645,ibat,FIL,26523,
1645,ibang,FIL,26524,
1645,sign,ENG,26525,
1645,ng,FIL,26526,
1645,pag-iingat,FIL,26527,
1645,para,FIL,26528,
1645,kontra,FIL,26529,
1645,virus,ENG,26530,
1645,.,SYM,26531,
1646,saklap,FIL,26532,
1646,ng,FIL,26533,
1646,pag,FIL,26534,
1646,tama,FIL,26535,
1646,ng,FIL,26536,
1646,tagiliran,FIL,26537,
1646,ko,FIL,26538,
1647,Aking,FIL,26539,
1647,kaibigan,FIL,26540,
1647,",",SYM,26541,
1647,pagsusumbat,FIL,26542,
1647,mo'y,FIL,26543,
1647,iyong,FIL,26544,
1647,bawasan,FIL,26545,
1647,",",SYM,26546,
1647,aking,FIL,26547,
1647,damdami'y,FIL,26548,
1647,iyong,FIL,26549,
1647,sinasaktan,FIL,26550,
1648,Ngayun,FIL,26551,
1648,lang,FIL,26552,
1648,ako,FIL,26553,
1648,kinabahan,FIL,26554,
1648,sa,FIL,26555,
1648,last,ENG,26556,
1648,day,ENG,26557,
1649,At,FIL,26558,
1649,kagaya,FIL,26559,
1649,ng,FIL,26560,
1649,ibang,FIL,26561,
1649,mga,FIL,26562,
1649,YouTuber,ENG,26563,
1649,hindi,FIL,26564,
1649,rin,FIL,26565,
1649,naman,FIL,26566,
1649,naging,FIL,26567,
1649,madali,FIL,26568,
1649,sa,FIL,26569,
1649,una,FIL,26570,
1649,para,FIL,26571,
1649,sa,FIL,26572,
1649,kanya,FIL,26573,
1649,ito,FIL,26574,
1649,dahil,FIL,26575,
1649,marami,FIL,26576,
1649,rin,FIL,26577,
1649,siyang,FIL,26578,
1649,pinag-daanang,FIL,26579,
1649,pagsubok,FIL,26580,
1649,at,FIL,26581,
1649,mga,FIL,26582,
1649,issues,ENG,26583,
1649,sa,FIL,26584,
1649,kanyang,FIL,26585,
1649,piniling,FIL,26586,
1649,karera,FIL,26587,
1649,",",SYM,26588,
1649,pero,FIL,26589,
1649,wala,FIL,26590,
1649,talaga,FIL,26591,
1649,sa,FIL,26592,
1649,bukabularyo,FIL,26593,
1649,ni,FIL,26594,
1649,Ben,UNK,26595,NE
1649,ang,FIL,26596,
1649,pagsuko,FIL,26597,
1649,.,SYM,26598,
1650,nagbago,FIL,26599,
1650,pa,FIL,26600,
1650,ako,FIL,26601,
1650,ng,FIL,26602,
1650,ugali,FIL,26603,
1650,para,FIL,26604,
1650,makasabay,FIL,26605,
1650,sa,FIL,26606,
1650,kanila,FIL,26607,
1650,mwahahaha,UNK,26608,EXPR
1650,pero,FIL,26609,
1650,ang,FIL,26610,
1650,awkward,ENG,26611,
1650,talaga,FIL,26612,
1650,lol,UNK,26613,EXPR
1651,mga,FIL,26614,
1651,pulis,FIL,26615,
1651,kayo,FIL,26616,
1651,napaka,FIL,26617,
1651,unprofessional,ENG,26618,
1651,bakit,FIL,26619,
1651,kayo,FIL,26620,
1651,nagbibigay,FIL,26621,
1651,ng,FIL,26622,
1651,speculation,ENG,26623,
1651,lalo,FIL,26624,
1651,na,FIL,26625,
1651,in,ENG,26626,
1651,record,ENG,26627,
1651,wala,FIL,26628,
1651,pa,FIL,26629,
1651,kayong,FIL,26630,
1651,hard,ENG,26631,
1651,evidence,ENG,26632,
1651,!,SYM,26633,
1652,ang,FIL,26634,
1652,mga,FIL,26635,
1652,kalaban,FIL,26636,
1652,ninyo,FIL,26637,
1652,sa,FIL,26638,
1652,politika,FIL,26639,
1652,",",SYM,26640,
1652,BBB,UNK,26641,"ABB,NE"
1652,Sarra,UNK,26642,NE
1652,",",SYM,26643,
1652,sana,FIL,26644,
1652,po,FIL,26645,
1652,kong,FIL,26646,
1652,makaupo,FIL,26647,
1652,kana,FIL,26648,
1652,pagka,FIL,26649,
1652,presedebente,FIL,26650,
1652,matulongan,FIL,26651,
1652,kaming,FIL,26652,
1652,mga,FIL,26653,
1652,mahihirap,FIL,26654,
1652,na,FIL,26655,
1652,senior,ENG,26656,
1652,citizin,ENG,26657,
1653,Anuman,FIL,26658,
1653,ang,FIL,26659,
1653,dahilan,FIL,26660,
1653,",",SYM,26661,
1653,i,FIL,26662,
1653,respeto,FIL,26663,
1653,ntin,FIL,26664,
1653,si,FIL,26665,
1653,Kabayan,UNK,26666,NE
1653,.,SYM,26667,
1654,True,ENG,26668,
1654,raw,FIL,26669,
1654,ban,FIL,26670,
1654,a,FIL,26671,
1654,pahinga,FIL,26672,
1654,muna,FIL,26673,
1654,si,FIL,26674,
1654,Jhong,UNK,26675,NE
1654,sa,FIL,26676,
1654,Showtime,ENG,26677,NE
1654,dahil,FIL,26678,
1654,mas,FIL,26679,
1654,gusto,FIL,26680,
1654,niyang,FIL,26681,
1654,tutukan,FIL,26682,
1654,muna,FIL,26683,
1654,ang,FIL,26684,
1654,pag-aalaga,FIL,26685,
1654,sa,FIL,26686,
1654,misis,FIL,26687,
1654,niya,FIL,26688,
1654,at,FIL,26689,
1654,bagong,FIL,26690,
1654,silang,FIL,26691,
1654,na,FIL,26692,
1654,sanggol,FIL,26693,
1654,.,SYM,26694,
1655,Giit,FIL,26695,
1655,ni,FIL,26696,
1655,Drilon,UNK,26697,NE
1655,",",SYM,26698,
1655,ang,FIL,26699,
1655,probisyon,FIL,26700,
1655,ay,FIL,26701,
1655,hindi,FIL,26702,
1655,natalakay,FIL,26703,
1655,sa,FIL,26704,
1655,debate,FIL,26705,
1655,sa,FIL,26706,
1655,plenaryo,FIL,26707,
1655,at,FIL,26708,
1655,itinuro,FIL,26709,
1655,ni,FIL,26710,
1655,Sen,ENG,26711,ABB
1655,Francis,UNK,26712,NE
1655,Tolentino,UNK,26713,NE
1655,kay,FIL,26714,
1655,Sen,ENG,26715,ABB
1655,Christopher,UNK,26716,NE
1655,Go,UNK,26717,NE
1655,nanggaling,FIL,26718,
1655,ang,FIL,26719,
1655,bagong,FIL,26720,
1655,probisyon,FIL,26721,
1655,.,SYM,26722,
1656,Mapagsamatala,FIL,26723,
1656,ang,FIL,26724,
1656,mga,FIL,26725,
1656,tao,FIL,26726,
1656,talaga,FIL,26727,
1656,.,SYM,26728,
1656,di,FIL,26729,
1656,nman,FIL,26730,
1656,importante,FIL,26731,
1656,hinihingi,FIL,26732,
1656,.,SYM,26733,
1656,sir,ENG,26734,
1656,idol,ENG,26735,
1656,pinagsasamantalahan,FIL,26736,
1656,kayo,FIL,26737,
1657,Dahil,FIL,26738,
1657,sa,FIL,26739,
1657,Pilipinas,UNK,26740,NE
1657,ang,FIL,26741,
1657,mga,FIL,26742,
1657,mahihirap,FIL,26743,
1657,ay,FIL,26744,
1657,SUMUSUNOD,FIL,26745,
1657,lamang,FIL,26746,
1657,at,FIL,26747,
1657,hindi,FIL,26748,
1657,bagay,FIL,26749,
1657,to,ENG,26750,
1657,ibabaw,FIL,26751,
1657,.,SYM,26752,
1658,Sobrang,FIL,26753,
1658,chill,ENG,26754,
1658,katrabaho,FIL,26755,
1658,ni,FIL,26756,
1658,Tony,UNK,26757,NE
1658,",",SYM,26758,
1658,sa,FIL,26759,
1658,lahat,FIL,26760,
1658,ng,FIL,26761,
1658,mga,FIL,26762,
1658,eksenang,FIL,26763,
1658,ginawa,FIL,26764,
1658,namin,FIL,26765,
1658,",",SYM,26766,
1658,okey,ENG,26767,
1658,siyang,FIL,26768,
1658,kasama,FIL,26769,
1658,",",SYM,26770,
1658,sabi,FIL,26771,
1658,ni,FIL,26772,
1658,Ariella,UNK,26773,NE
1658,.,SYM,26774,
1659,Kung,FIL,26775,
1659,iisipin,FIL,26776,
1659,nyo,FIL,26777,
1659,",",SYM,26778,
1659,parang,FIL,26779,
1659,ang,FIL,26780,
1659,sakit,FIL,26781,
1659,nito,FIL,26782,
1659,sa,FIL,26783,
1659,kalooban,FIL,26784,
1659,ng,FIL,26785,
1659,bata,FIL,26786,
1659,o,FIL,26787,
1659,adult,ENG,26788,
1659,na,FIL,26789,
1659,anak,FIL,26790,
1659,na,FIL,26791,
1659,makakarinig,FIL,26792,
1659,nito,FIL,26793,
1659,",",SYM,26794,
1659,pero,FIL,26795,
1659,nagkakamali,FIL,26796,
1659,kayo,FIL,26797,
1659,!,SYM,26798,
1660,"""",SYM,26799,
1660,Pag,FIL,26800,
1660,napansin,FIL,26801,
1660,mo,FIL,26802,
1660,na,FIL,26803,
1660,ako,FIL,26804,
1660,",",SYM,26805,
1660,ipapaunawa,FIL,26806,
1660,ko,FIL,26807,
1660,agad,FIL,26808,
1660,sayo,FIL,26809,
1660,na,FIL,26810,
1660,:,SYM,26811,
1660,Isa,FIL,26812,
1660,lang,FIL,26813,
1660,ang,FIL,26814,
1660,hinahanap,FIL,26815,
1660,ko,FIL,26816,
1660,.,SYM,26817,
1661,Kung,FIL,26818,
1661,",",SYM,26819,
1661,sa,FIL,26820,
1661,iyong,FIL,26821,
1661,paniniwala,FIL,26822,
1661,sa,FIL,26823,
1661,Diyos,FIL,26824,NE
1661,",",SYM,26825,
1661,palagi,FIL,26826,
1661,mong,FIL,26827,
1661,sinusubukang,FIL,26828,
1661,makita,FIL,26829,
1661,ang,FIL,26830,
1661,mga,FIL,26831,
1661,tanda,FIL,26832,
1661,at,FIL,26833,
1661,mga,FIL,26834,
1661,kababalaghan,FIL,26835,
1661,",",SYM,26836,
1661,kung,FIL,26837,
1661,gayon,FIL,26838,
1661,ang,FIL,26839,
1661,pananaw,FIL,26840,
1661,ng,FIL,26841,
1661,ganitong,FIL,26842,
1661,paniniwala,FIL,26843,
1661,sa,FIL,26844,
1661,Diyos,FIL,26845,NE
1661,ay,FIL,26846,
1661,mali,FIL,26847,
1661,.,SYM,26848,
1662,Hindi,FIL,26849,
1662,matawaran,FIL,26850,
1662,ang,FIL,26851,
1662,5,NUM,26852,
1662,",",SYM,26853,
1662,555,NUM,26854,
1662,bilang,FIL,26855,
1662,ng,FIL,26856,
1662,mga,FIL,26857,
1662,tulay,FIL,26858,
1662,na,FIL,26859,
1662,nagawa,FIL,26860,
1662,sa,FIL,26861,
1662,ilalim,FIL,26862,
1662,ng,FIL,26863,
1662,Duterte,UNK,26864,NE
1662,administration,ENG,26865,
1662,at,FIL,26866,
1662,ilang,FIL,26867,
1662,libong,FIL,26868,
1662,kilometro,FIL,26869,
1662,na,FIL,26870,
1662,mga,FIL,26871,
1662,bagong,FIL,26872,
1662,kalsadang,FIL,26873,
1662,pinakikinabangan,FIL,26874,
1662,na,FIL,26875,
1662,ngayon,FIL,26876,
1662,ng,FIL,26877,
1662,publiko,FIL,26878,
1662,.,SYM,26879,
1663,Bakit,FIL,26880,
1663,nung,FIL,26881,
1663,nasaktan,FIL,26882,
1663,ako,FIL,26883,
1663,tinawanan,FIL,26884,
1663,lang,FIL,26885,
1663,ako,FIL,26886,
1663,ng,FIL,26887,
1663,mga,FIL,26888,
1663,kaibigan,FIL,26889,
1663,ko,FIL,26890,
1663,?,SYM,26891,
1664,putangina,FIL,26892,
1664,thursday,ENG,26893,
1664,nanaman,FIL,26894,
1664,bukas,FIL,26895,
1664,nakakaumay,FIL,26896,
1664,na,FIL,26897,
1664,pagmumuka,FIL,26898,
1664,ng,FIL,26899,
1664,mga,FIL,26900,
1664,classmates,ENG,26901,
1664,ko,FIL,26902,
1665,Tsaka,FIL,26903,
1665,di,FIL,26904,
1665,naman,FIL,26905,
1665,ako,FIL,26906,
1665,natatakot,FIL,26907,
1665,na,FIL,26908,
1665,baka,FIL,26909,
1665,gumawa,FIL,26910,
1665,sya,FIL,26911,
1665,ng,FIL,26912,
1665,batas,FIL,26913,
1665,against,ENG,26914,
1665,lgbt,ENG,26915,ABB
1665,.,SYM,26916,
1666,137,NUM,26917,
1666,na,FIL,26918,
1666,pinirmahan,FIL,26919,
1666,nito,FIL,26920,
1666,lamang,FIL,26921,
1666,May,FIL,26922,NE
1666,24,NUM,26923,
1666,",",SYM,26924,
1666,2021,NUM,26925,
1666,na,FIL,26926,
1666,layuning,FIL,26927,
1666,mapaigting,FIL,26928,
1666,at,FIL,26929,
1666,mapabilis,FIL,26930,
1666,ang,FIL,26931,
1666,paghahatid,FIL,26932,
1666,ng,FIL,26933,
1666,tulong,FIL,26934,
1666,sa,FIL,26935,
1666,mga,FIL,26936,
1666,higit,FIL,26937,
1666,na,FIL,26938,
1666,nangangailangan,FIL,26939,
1666,sa,FIL,26940,
1666,panahon,FIL,26941,
1666,ng,FIL,26942,
1666,pandemya,FIL,26943,
1666,at,FIL,26944,
1666,mga,FIL,26945,
1666,kalamidad,FIL,26946,
1666,sa,FIL,26947,
1666,tulong,FIL,26948,
1666,ng,FIL,26949,
1666,halos,FIL,26950,
1666,lahat,FIL,26951,
1666,ng,FIL,26952,
1666,ahensiya,FIL,26953,
1666,ng,FIL,26954,
1666,gobyerno,FIL,26955,
1666,.,SYM,26956,
1667,Sa,FIL,26957,
1667,sobrang,FIL,26958,
1667,excitement,ENG,26959,
1667,at,FIL,26960,
1667,tuwa,FIL,26961,
1667,ng,FIL,26962,
1667,bata,FIL,26963,
1667,",",SYM,26964,
1667,maaring,FIL,26965,
1667,nakalimutan,FIL,26966,
1667,nito,FIL,26967,
1667,ang,FIL,26968,
1667,autograph,ENG,26969,
1667,para,FIL,26970,
1667,sa,FIL,26971,
1667,ama,FIL,26972,
1667,.,SYM,26973,
1668,pag,FIL,26974,
1668,wala,FIL,26975,
1668,si,FIL,26976,
1668,hyunjin,UNK,26977,NE
1668,sa,FIL,26978,
1668,kd,UNK,26979,ABB
1668,pb,UNK,26980,ABB
1668,di,FIL,26981,
1668,ako,FIL,26982,
1668,bibili,FIL,26983,
1669,lesley,UNK,26984,NE
1669,main,ENG,26985,
1669,man,ENG,26986,
1669,ako,FIL,26987,
1669,at,FIL,26988,
1669,ang,FIL,26989,
1669,gusto,FIL,26990,
1669,ko,FIL,26991,
1669,lang,FIL,26992,
1669,ay,FIL,26993,
1669,isang,FIL,26994,
1669,magaling,FIL,26995,
1669,na,FIL,26996,
1669,tank,ENG,26997,
1669,na,FIL,26998,
1669,kaya,FIL,26999,
1669,buhatin,FIL,27000,
1669,ang,FIL,27001,
1669,pagkabobo,FIL,27002,
1669,ko,FIL,27003,
1670,imbis,FIL,27004,
1670,unahin,FIL,27005,
1670,ung,FIL,27006,
1670,para,FIL,27007,
1670,sa,FIL,27008,
1670,interest,ENG,27009,
1670,ng,FIL,27010,
1670,bayan,FIL,27011,
1670,inuuna,FIL,27012,
1670,ung,FIL,27013,
1670,interest,ENG,27014,
1670,ng,FIL,27015,
1670,amo,FIL,27016,
1670,nya,FIL,27017,
1670,.,SYM,27018,
1671,Ibinibenta,FIL,27019,
1671,ng,FIL,27020,
1671,grupo,FIL,27021,
1671,ng,FIL,27022,
1671,mga,FIL,27023,
1671,suspek,FIL,27024,
1671,ang,FIL,27025,
1671,Tocilizumab,UNK,27026,NE
1671,400mg,UNK,27027,
1671,sa,FIL,27028,
1671,halagang,FIL,27029,
1671,P85,UNK,27030,
1671,",",SYM,27031,
1671,000,NUM,27032,
1671,tatlong,FIL,27033,
1671,doble,FIL,27034,
1671,sa,FIL,27035,
1671,orihinal,FIL,27036,
1671,na,FIL,27037,
1671,halaga,FIL,27038,
1671,nitong,FIL,27039,
1671,Php28,UNK,27040,
1671,",",SYM,27041,
1671,830,NUM,27042,
1671,.,SYM,27043,
1671,84,NUM,27044,
1671,",",SYM,27045,
1671,habang,FIL,27046,
1671,ang,FIL,27047,
1671,Tocilizumab,UNK,27048,NE
1671,80,NUM,27049,
1671,mg,ENG,27050,ABB
1671,naman,FIL,27051,
1671,ay,FIL,27052,
1671,ibinibenta,FIL,27053,
1671,ng,FIL,27054,
1671,mga,FIL,27055,
1671,suspek,FIL,27056,
1671,sa,FIL,27057,
1671,halagang,FIL,27058,
1671,P25,UNK,27059,
1671,",",SYM,27060,
1671,000,NUM,27061,
1671,kumpara,FIL,27062,
1671,sa,FIL,27063,
1671,suggested,ENG,27064,
1671,retail,ENG,27065,
1671,price,ENG,27066,
1671,na,FIL,27067,
1671,P8,UNK,27068,
1671,",",SYM,27069,
1671,811,NUM,27070,
1671,lang,FIL,27071,
1671,.,SYM,27072,
1673,wala,FIL,27073,
1673,kami,FIL,27074,
1673,final,ENG,27075,
1673,exam,ENG,27076,
1673,sa,FIL,27077,
1673,isang,FIL,27078,
1673,subject,ENG,27079,
1673,ko,FIL,27080,
1673,",",SYM,27081,
1673,nakokonsensya,FIL,27082,
1673,tuloy,FIL,27083,
1673,ako,FIL,27084,
1673,na,FIL,27085,
1673,hindi,FIL,27086,
1673,gawin,FIL,27087,
1673,yung,FIL,27088,
1673,kaisa-isang,FIL,27089,
1673,infomercial,ENG,27090,
1673,sa,FIL,27091,
1673,subject,ENG,27092,
1673,na,FIL,27093,
1673,'yon,FIL,27094,
1673,.,SYM,27095,
1674,Kumakayod,FIL,27096,
1674,si,FIL,27097,
1674,Tatay,FIL,27098,
1674,Angelo,UNK,27099,NE
1674,bilang,FIL,27100,
1674,extra,ENG,27101,
1674,sa,FIL,27102,
1674,pagiging,FIL,27103,
1674,gitarista,FIL,27104,
1674,",",SYM,27105,
1674,at,FIL,27106,
1674,tumutulong,FIL,27107,
1674,din,FIL,27108,
1674,sa,FIL,27109,
1674,mga,FIL,27110,
1674,gawaing,FIL,27111,
1674,bukid,FIL,27112,
1674,",",SYM,27113,
1674,para,FIL,27114,
1674,sa,FIL,27115,
1674,asawa,FIL,27116,
1674,at,FIL,27117,
1674,mga,FIL,27118,
1674,anak,FIL,27119,
1674,.,SYM,27120,
1675,alam,FIL,27121,
1675,mo,FIL,27122,
1675,n,FIL,27123,ABB
1675,kc,FIL,27124,ABB
1675,n,FIL,27125,ABB
1675,napakalas,FIL,27126,
1675,n,FIL,27127,ABB
1675,sya,FIL,27128,
1675,Kaya,FIL,27129,
1675,king,FIL,27130,ABB
1675,ano,FIL,27131,
1675,ano,FIL,27132,
1675,nalang,FIL,27133,
1675,ang,FIL,27134,
1675,ibebentang,FIL,27135,
1675,nyo,FIL,27136,
1675,s,FIL,27137,ABB
1675,kanya,FIL,27138,
1675,.,SYM,27139,
1675,mga,FIL,27140,
1675,abogado,FIL,27141,
1675,mo,FIL,27142,
1675,nga,FIL,27143,
1675,eh,FIL,27144,
1675,kaparehas,FIL,27145,
1675,mung,FIL,27146,
1675,Walang,FIL,27147,
1675,alam,FIL,27148,
1675,Kaya,FIL,27149,
1675,tumigil,FIL,27150,
1675,k,FIL,27151,ABB
1675,n,FIL,27152,ABB
1676,I,ENG,27153,
1676,hope,ENG,27154,
1676,isa,FIL,27155,
1676,ako,FIL,27156,
1676,sa,FIL,27157,
1676,mapili,FIL,27158,
1676,kaso,FIL,27159,
1676,wala,FIL,27160,
1676,po,FIL,27161,
1676,ako,FIL,27162,
1676,ig,ENG,27163,ABB
1676,",",SYM,27164,
1678,Ipinagbili,FIL,27165,
1678,nyo,FIL,27166,
1678,mga,FIL,27167,
1678,kaluluwa,FIL,27168,
1678,nyo,FIL,27169,
1678,sa,FIL,27170,
1678,magkano,FIL,27171,
1678,?,SYM,27172,
1679,Samahan,FIL,27173,
1679,nawa,FIL,27174,
1679,po,FIL,27175,
1679,sa,FIL,27176,
1679,pagganap,FIL,27177,
1679,ng,FIL,27178,
1679,tungkulin,FIL,27179,
1679,.,SYM,27180,
1680,As,ENG,27181,
1680,a,ENG,27182,
1680,freshie,ENG,27183,
1680,na,FIL,27184,
1680,gulong,FIL,27185,
1680,gulo,FIL,27186,
1680,na,FIL,27187,
1680,sa,FIL,27188,
1680,buhay,FIL,27189,
1680,",",SYM,27190,
1680,paano,FIL,27191,
1680,ba,FIL,27192,
1680,magprerog,FIL,27193,
1680,sa,FIL,27194,
1680,mga,FIL,27195,
1680,profs,ENG,27196,
1680,?,SYM,27197,
1681,Dahil,FIL,27198,
1681,dito,FIL,27199,
1681,",",SYM,27200,
1681,inirekomenda,FIL,27201,
1681,ng,FIL,27202,
1681,ARTA,ENG,27203,"ABB,NE"
1681,ang,FIL,27204,
1681,PhilHealth,ENG,27205,NE
1681,na,FIL,27206,
1681,magsagawa,FIL,27207,
1681,ng,FIL,27208,
1681,streamlined,ENG,27209,
1681,pre-assessment,ENG,27210,
1681,o,FIL,27211,
1681,pre-payment,ENG,27212,
1681,review,ENG,27213,
1681,ng,FIL,27214,
1681,mga,FIL,27215,
1681,documentary,ENG,27216,
1681,materials,ENG,27217,
1681,",",SYM,27218,
1681,post,ENG,27219,
1681,evaluation,ENG,27220,
1681,audit,ENG,27221,
1681,",",SYM,27222,
1681,at,FIL,27223,
1681,automation,ENG,27224,
1681,para,FIL,27225,
1681,mapabuti,FIL,27226,
1681,ang,FIL,27227,
1681,kanilang,FIL,27228,
1681,mga,FIL,27229,
1681,serbisyo,FIL,27230,
1681,.,SYM,27231,
1682,Hindi,FIL,27232,
1682,naman,FIL,27233,
1682,pinalampas,FIL,27234,
1682,ni,FIL,27235,
1682,K,UNK,27236,NE
1682,ang,FIL,27237,
1682,comment,ENG,27238,
1682,ng,FIL,27239,
1682,netizen,ENG,27240,
1682,.,SYM,27241,
1683,Nakalimutan,FIL,27242,
1683,ata,FIL,27243,
1683,ni,FIL,27244,
1683,Yorme,FIL,27245,
1683,na,FIL,27246,
1683,ang,FIL,27247,
1683,tinatawag,FIL,27248,
1683,niya,FIL,27249,
1683,na,FIL,27250,
1683,yellowtards,ENG,27251,
1683,ay,FIL,27252,
1683,mga,FIL,27253,
1683,botanteng,FIL,27254,
1683,Pilipino,FIL,27255,
1683,din,FIL,27256,
1683,.,SYM,27257,
1684,Ano,FIL,27258,
1684,man,FIL,27259,
1684,ang,FIL,27260,
1684,mangyari,FIL,27261,
1684,basts,FIL,27262,
1684,sama2x,UNK,27263,
1684,",",SYM,27264,
1684,malalagpasan,FIL,27265,
1684,at,FIL,27266,
1684,makakayanan,FIL,27267,
1684,ang,FIL,27268,
1684,lahat,FIL,27269,
1684,.,SYM,27270,
1685,Hindi,FIL,27271,
1685,titigil,FIL,27272,
1685,ang,FIL,27273,
1685,tumuklas,FIL,27274,
1685,.,SYM,27275,
1686,ako,FIL,27276,
1686,na,FIL,27277,
1686,yata,FIL,27278,
1686,ang,FIL,27279,
1686,napakabobong,FIL,27280,
1686,tao,FIL,27281,
1686,sa,FIL,27282,
1686,mundo,FIL,27283,
1686,na,FIL,27284,
1686,walang,FIL,27285,
1686,wala,FIL,27286,
1686,na,FIL,27287,
1686,ngang,FIL,27288,
1686,pera,FIL,27289,
1686,IINOM,FIL,27290,
1686,PA,FIL,27291,
1686,nice,ENG,27292,
1686,try,ENG,27293,
1686,misis,FIL,27294,
1686,kati,FIL,27295,
1686,kasi,FIL,27296,
1686,poke,ENG,27297,
1686,mo,FIL,27298,
1686,.,SYM,27299,
1687,Lods,FIL,27300,
1687,paano,FIL,27301,
1687,naman,FIL,27302,
1687,yung,FIL,27303,
1687,mga,FIL,27304,
1687,baa,FIL,27305,
1687,na,FIL,27306,
1687,may,FIL,27307,
1687,goda,FIL,27308,
1687,?,SYM,27309,
1688,Kaya,FIL,27310,
1688,sila,FIL,27311,
1688,Apostol,FIL,27312,NE
1688,Pablo,UNK,27313,NE
1688,hindi,FIL,27314,
1688,na,FIL,27315,
1688,nagpapagaling,FIL,27316,
1688,sa,FIL,27317,
1688,mga,FIL,27318,
1688,kapatid,FIL,27319,
1688,nila,FIL,27320,
1688,na,FIL,27321,
1688,may,FIL,27322,
1688,sakit,FIL,27323,
1688,kagaya,FIL,27324,
1688,ni,FIL,27325,
1688,Timoteo,UNK,27326,NE
1688,at,FIL,27327,
1688,Trofimo,UNK,27328,NE
1688,I,UNK,27329,NE
1688,Timoteo,UNK,27330,NE
1688,5:23,NUM,27331,
1688,Huwag,FIL,27332,
1688,kang,FIL,27333,
1688,iinom,FIL,27334,
1688,pa,FIL,27335,
1688,ng,FIL,27336,
1688,tubig,FIL,27337,
1688,lamang,FIL,27338,
1688,",",SYM,27339,
1688,kundi,FIL,27340,
1688,gumamit,FIL,27341,
1688,ka,FIL,27342,
1688,ng,FIL,27343,
1688,kaunting,FIL,27344,
1688,alak,FIL,27345,
1688,dahil,FIL,27346,
1688,sa,FIL,27347,
1688,iyong,FIL,27348,
1688,sikmura,FIL,27349,
1688,at,FIL,27350,
1688,sa,FIL,27351,
1688,iyong,FIL,27352,
1688,madalas,FIL,27353,
1688,na,FIL,27354,
1688,pagkakasakit,FIL,27355,
1688,.,SYM,27356,
1689,Nagpost,FIL,27357,
1689,ng,FIL,27358,
1689,larawan,FIL,27359,
1689,ang,FIL,27360,
1689,Marinerang,FIL,27361,NE
1689,Pilipina,FIL,27362,NE
1689,defense,ENG,27363,
1689,specialist,ENG,27364,
1689,sa,FIL,27365,
1689,Instagram,ENG,27366,NE
1689,kung,FIL,27367,
1689,saan,FIL,27368,
1689,makikitang,FIL,27369,
1689,litaw,FIL,27370,
1689,ang,FIL,27371,
1689,kanyang,FIL,27372,
1689,taglay,FIL,27373,
1689,na,FIL,27374,
1689,alindog,FIL,27375,
1689,suot,FIL,27376,
1689,ang,FIL,27377,
1689,two-piece,ENG,27378,
1689,swimsuit,ENG,27379,
1689,.,SYM,27380,
1690,Against,ENG,27381,
1690,the,ENG,27382,
1690,law,ENG,27383,
1690,ang,FIL,27384,
1690,mag,FIL,27385,
1690,vedeo,FIL,27386,
1690,ng,FIL,27387,
1690,kapitbahay,FIL,27388,
1690,lalo,FIL,27389,
1690,na,FIL,27390,
1690,sa,FIL,27391,
1690,loob,FIL,27392,
1690,ng,FIL,27393,
1690,bahay,FIL,27394,
1690,dapat,FIL,27395,
1690,yong,FIL,27396,
1690,nag,FIL,27397,
1690,vedeo,FIL,27398,
1690,yon,FIL,27399,
1690,ang,FIL,27400,
1690,kasuhan,FIL,27401,
1691,Haha,UNK,27402,EXPR
1691,kawawa,FIL,27403,
1691,naman,FIL,27404,
1691,ang,FIL,27405,
1691,nanood,FIL,27406,
1691,dito,FIL,27407,
1691,malaki,FIL,27408,
1691,pa,FIL,27409,
1691,amg,UNK,27410,
1691,likes,ENG,27411,
1691,ng,FIL,27412,
1691,mga,FIL,27413,
1691,bloggers,ENG,27414,
1691,at,FIL,27415,
1691,dami,FIL,27416,
1691,pa,FIL,27417,
1691,ang,FIL,27418,
1691,dislike,ENG,27419,
1691,.,SYM,27420,
1691,yan,FIL,27421,
1691,kaya,FIL,27422,
1691,mag,FIL,27423,
1691,nago,UNK,27424,
1691,na,FIL,27425,
1691,kayo,FIL,27426,
1691,at,FIL,27427,
1691,nadira,UNK,27428,
1691,ang,FIL,27429,
1691,integrity,ENG,27430,
1691,nyo,FIL,27431,
1691,.,SYM,27432,
1691,ang,FIL,27433,
1691,bilis,FIL,27434,
1691,ng,FIL,27435,
1691,karma,ENG,27436,
1691,di,FIL,27437,
1691,ba,FIL,27438,
1691,?,SYM,27439,
1692,Ang,FIL,27440,
1692,hirap,FIL,27441,
1692,Ng,FIL,27442,
1692,ganiyang,FIL,27443,
1692,mindset,ENG,27444,
1692,",",SYM,27445,
1692,instead,ENG,27446,
1692,na,FIL,27447,
1692,sa,FIL,27448,
1692,family,ENG,27449,
1692,Ilaan,FIL,27450,
1692,at,FIL,27451,
1692,sa,FIL,27452,
1692,future,ENG,27453,
1692,ng,FIL,27454,
1692,anak,FIL,27455,
1692,sa,FIL,27456,
1692,kabit,FIL,27457,
1692,pa,FIL,27458,
1692,hayst,UNK,27459,EXPR
1693,Ang,FIL,27460,
1693,sinumang,FIL,27461,
1693,nagnanais,FIL,27462,
1693,ng,FIL,27463,
1693,buhay,FIL,27464,
1693,na,FIL,27465,
1693,pangmundo,FIL,27466,
1693,at,FIL,27467,
1693,gayak,FIL,27468,
1693,nito,FIL,27469,
1693,",",SYM,27470,
1693,maglulubus-lubos,FIL,27471,
1693,Kami,FIL,27472,
1693,tungo,FIL,27473,
1693,sa,FIL,27474,
1693,kanila,FIL,27475,
1693,sa,FIL,27476,
1693,mga,FIL,27477,
1693,gawa,FIL,27478,
1693,nila,FIL,27479,
1693,rito,FIL,27480,
1693,habang,FIL,27481,
1693,sila,FIL,27482,
1693,rito,FIL,27483,
1693,ay,FIL,27484,
1693,hindi,FIL,27485,
1693,kinukulangan,FIL,27486,
1693,.,SYM,27487,
1694,Bilang,FIL,27488,
1694,pangunahing,FIL,27489,
1694,sponsor,ENG,27490,
1694,ng,FIL,27491,
1694,Universal,ENG,27492,NE
1694,Health,ENG,27493,NE
1694,Care,ENG,27494,NE
1694,Law,ENG,27495,NE
1694,",",SYM,27496,
1694,sisiguraduhin,FIL,27497,
1694,niyang,FIL,27498,
1694,mababawasan,FIL,27499,
1694,ang,FIL,27500,
1694,katiwalian,FIL,27501,
1694,sa,FIL,27502,
1694,ating,FIL,27503,
1694,sistema,FIL,27504,
1694,ng,FIL,27505,
1694,kalusugan,FIL,27506,
1694,.,SYM,27507,
1695,babalik,FIL,27508,
1695,talaga,FIL,27509,
1695,ko,FIL,27510,
1695,dito,FIL,27511,
1695,sa,FIL,27512,
1695,twitter,ENG,27513,NE
1695,mga,FIL,27514,
1695,four,ENG,27515,
1695,pm,ENG,27516,ABB
1696,Nabanggit,FIL,27517,
1696,din,FIL,27518,
1696,ni,FIL,27519,
1696,Moreno,UNK,27520,NE
1696,na,FIL,27521,
1696,sa,FIL,27522,
1696,Setyembre,FIL,27523,NE
1696,ay,FIL,27524,
1696,target,ENG,27525,
1696,nilang,FIL,27526,
1696,maabot,FIL,27527,
1696,ang,FIL,27528,
1696,herd,ENG,27529,
1696,immunity,ENG,27530,
1696,sa,FIL,27531,
1696,lungsod,FIL,27532,
1696,.,SYM,27533,
1697,Lahat,FIL,27534,
1697,daw,FIL,27535,
1697,ng,FIL,27536,
1697,teacher,ENG,27537,
1697,ganon,FIL,27538,
1697,magbigay,FIL,27539,
1697,",",SYM,27540,
1697,luob,FIL,27541,
1697,man,FIL,27542,
1697,sir,ENG,27543,
1697,ikaw,FIL,27544,
1697,lang,FIL,27545,
1697,ang,FIL,27546,
1697,kabukod,FIL,27547,
1697,tanging,FIL,27548,
1697,na,FIL,27549,
1697,ireport,FIL,27550,
1697,na,FIL,27551,
1697,sa,FIL,27552,
1697,dean,ENG,27553,
1697,",",SYM,27554,
1697,wala,FIL,27555,
1697,paring,FIL,27556,
1697,kadadalaan,FIL,27557,
1697,.,SYM,27558,
1698,dapat,FIL,27559,
1698,nilang,FIL,27560,
1698,maramdaman,FIL,27561,
1698,na,FIL,27562,
1698,lahat,FIL,27563,
1698,ng,FIL,27564,
1698,ginawa,FIL,27565,
1698,at,FIL,27566,
1698,sinabi,FIL,27567,
1698,natin,FIL,27568,
1698,ay,FIL,27569,
1698,dahil,FIL,27570,
1698,lang,FIL,27571,
1698,mahal,FIL,27572,
1698,natin,FIL,27573,
1698,sila,FIL,27574,
1698,at,FIL,27575,
1698,ang,FIL,27576,
1698,pilipinas,FIL,27577,NE
1698,.,SYM,27578,
1699,Abot-abot,FIL,27579,
1699,ang,FIL,27580,
1699,paghingi,FIL,27581,
1699,ng,FIL,27582,
1699,paumanhin,FIL,27583,
1699,ng,FIL,27584,
1699,pamunuan,FIL,27585,
1699,sa,FIL,27586,
1699,hindi,FIL,27587,
1699,pagpigil,FIL,27588,
1699,sa,FIL,27589,
1699,tinaguriang,FIL,27590,
1699,si,FIL,27591,
1699,Poblacion,FIL,27592,NE
1699,girl,ENG,27593,
1699,na,FIL,27594,
1699,pumuslit,FIL,27595,
1699,sa,FIL,27596,
1699,kanyang,FIL,27597,
1699,quarantine,ENG,27598,
1699,facility,ENG,27599,
1699,.,SYM,27600,
1702,awit,FIL,27601,
1702,mga,FIL,27602,
1702,kapit,FIL,27603,
1702,bahay,FIL,27604,
1702,ang,FIL,27605,
1702,iingay,FIL,27606,
1703,boang,FIL,27607,
1703,kahayay,FIL,27608,
1703,ba,FIL,27609,
1703,sa,FIL,27610,
1703,i,FIL,27611,
1703,libre,FIL,27612,
1703,na,FIL,27613,
1703,lang,FIL,27614,
1703,ang,FIL,27615,
1703,sf,ENG,27616,ABB
1704,buburahin,FIL,27617,
1704,na,FIL,27618,
1704,sa,FIL,27619,
1704,isip,FIL,27620,
1704,ang,FIL,27621,
1704,hugis,FIL,27622,
1704,ng,FIL,27623,
1704,iyong,FIL,27624,
1704,mga,FIL,27625,
1704,mata,FIL,27626,
1704,sa,FIL,27627,
1704,'yong,FIL,27628,
1704,pagtawa,FIL,27629,
1705,Ang,FIL,27630,
1705,dalawa,FIL,27631,
1705,ay,FIL,27632,
1705,kapwa,FIL,27633,
1705,lalaki,FIL,27634,
1705,at,FIL,27635,
1705,deck,ENG,27636,
1705,cadets,ENG,27637,
1705,.,SYM,27638,
1706,Kaya,FIL,27639,
1706,pare-preho,FIL,27640,
1706,ang,FIL,27641,
1706,lasa,FIL,27642,
1706,nila,FIL,27643,
1706,.,SYM,27644,
1707,Pinayagan,FIL,27645,
1707,na,FIL,27646,
1707,ng,FIL,27647,
1707,Philippine,ENG,27648,NE
1707,National,ENG,27649,NE
1707,Police,ENG,27650,NE
1707,(,SYM,27651,
1707,PNP,ENG,27652,ABB
1707,),SYM,27653,
1707,ang,FIL,27654,
1707,hatid-sundo,FIL,27655,
1707,sa,FIL,27656,
1707,mga,FIL,27657,
1707,essential,ENG,27658,
1707,worker,ENG,27659,
1707,ng,FIL,27660,
1707,mga,FIL,27661,
1707,non-authorized,ENG,27662,
1707,persons,ENG,27663,
1707,outside,ENG,27664,
1707,residence,ENG,27665,
1707,(,SYM,27666,
1707,non-APOR,ENG,27667,ABB
1707,),SYM,27668,
1707,sa,FIL,27669,
1707,pagsasailalim,FIL,27670,
1707,ng,FIL,27671,
1707,Metro,ENG,27672,NE
1707,Manila,ENG,27673,NE
1707,sa,FIL,27674,
1707,enhanced,ENG,27675,
1707,community,ENG,27676,
1707,quarantine,ENG,27677,
1707,(,SYM,27678,
1707,ECQ,ENG,27679,ABB
1707,),SYM,27680,
1707,simula,FIL,27681,
1707,ngayong,FIL,27682,
1707,Biyernes,FIL,27683,
1707,.,SYM,27684,
1708,ang,FIL,27685,
1708,dami,FIL,27686,
1708,kong,FIL,27687,
1708,pics,FIL,27688,
1708,sa,FIL,27689,
1708,gallery,ENG,27690,
1708,na,FIL,27691,
1708,gusto,FIL,27692,
1708,kong,FIL,27693,
1708,idump,FIL,27694,
1708,sa,FIL,27695,
1708,ig,UNK,27696,ABB
1708,hahaha,UNK,27697,EXPR
1708,",",SYM,27698,
1708,pahingi,FIL,27699,
1708,time,ENG,27700,
1709,Naging,FIL,27701,
1709,biktima,FIL,27702,
1709,ng,FIL,27703,
1709,ageism,ENG,27704,
1709,ang,FIL,27705,
1709,kaibigan,FIL,27706,
1709,ni,FIL,27707,
1709,Paulina,UNK,27708,NE
1709,",",SYM,27709,
1709,ang,FIL,27710,
1709,aktres,FIL,27711,
1709,na,FIL,27712,
1709,si,FIL,27713,
1709,Elizabeth,UNK,27714,NE
1709,Hurley,UNK,27715,NE
1709,",",SYM,27716,
1709,nang,FIL,27717,
1709,mag-post,FIL,27718,
1709,ito,FIL,27719,
1709,ng,FIL,27720,
1709,topless,ENG,27721,
1709,pic,UNK,27722,ABB
1709,sa,FIL,27723,
1709,IG,UNK,27724,ABB
1709,kamakailan,FIL,27725,
1709,.,SYM,27726,
1710,Dapat,FIL,27727,
1710,May,FIL,27728,
1710,ilagay,FIL,27729,
1710,sila,FIL,27730,
1710,sa,FIL,27731,
1710,ibabaw,FIL,27732,
1710,ng,FIL,27733,
1710,table,ENG,27734,
1710,na,FIL,27735,
1710,reserve,ENG,27736,
1710,.,SYM,27737,
1712,Merry,ENG,27738,
1712,X-mas,ENG,27739,"ABB,NE"
1712,po,FIL,27740,
1712,sa,FIL,27741,
1712,inyong,FIL,27742,
1712,lahat,FIL,27743,
1712,ikaw,FIL,27744,
1712,ang,FIL,27745,
1712,No,ENG,27746,ABB
1712,#,SYM,27747,
1712,-,SYM,27748,
1712,1ka,UNK,27749,
1712,idol,ENG,27750,
1712,sa,FIL,27751,
1712,Senador,FIL,27752,
1712,ang,FIL,27753,
1712,dami,FIL,27754,
1712,ninyong,FIL,27755,
1712,napapasaya,FIL,27756,
1712,at,FIL,27757,
1712,natutulungan,FIL,27758,
1712,god,ENG,27759,
1712,bless,ENG,27760,
1712,po,FIL,27761,
1712,.,SYM,27762,
1715,Dahil,FIL,27763,
1715,dito,FIL,27764,
1715,",",SYM,27765,
1715,umaabot,FIL,27766,
1715,na,FIL,27767,
1715,ngayon,FIL,27768,
1715,sa,FIL,27769,
1715,26,NUM,27770,
1715,",",SYM,27771,
1715,891,NUM,27772,
1715,ang,FIL,27773,
1715,total,ENG,27774,
1715,COVID-19,ENG,27775,"ABB,NE"
1715,death,ENG,27776,
1715,toll,ENG,27777,
1715,sa,FIL,27778,
1715,Pilipinas,FIL,27779,NE
1715,o,FIL,27780,
1715,1,NUM,27781,
1715,.,SYM,27782,
1715,76,NUM,27783,
1715,%,SYM,27784,
1715,ng,FIL,27785,
1715,total,ENG,27786,
1715,cases,ENG,27787,
1715,.,SYM,27788,
1716,muntik,FIL,27789,
1716,ko,FIL,27790,
1716,ng,FIL,27791,
1716,maibuga,FIL,27792,
1716,ang,FIL,27793,
1716,kape,FIL,27794,
1716,hahaha,UNK,27795,EXPR
1717,bilhan,FIL,27796,
1717,mo,FIL,27797,
1717,ko,FIL,27798,
1717,samahan,FIL,27799,
1717,mo,FIL,27800,
1717,ng,FIL,27801,
1717,twister,ENG,27802,
1717,fries,ENG,27803,
1717,sa,FIL,27804,
1717,makdu,FIL,27805,NE
1718,Protect,ENG,27806,
1718,BBM,UNK,27807,"ABB,NE"
1718,pkawala,FIL,27808,
1718,ng,FIL,27809,
1718,kalaban,FIL,27810,
1718,ito,FIL,27811,
1718,dadayain,FIL,27812,
1718,ulit,FIL,27813,
1718,si,FIL,27814,
1718,BBM,UNK,27815,"ABB,NE"
1718,itaga,FIL,27816,
1718,nyo,FIL,27817,
1718,sa,FIL,27818,
1718,bato,FIL,27819,
1718,",",SYM,27820,
1718,lets,ENG,27821,
1718,vigilant,ENG,27822,
1718,mga,FIL,27823,
1718,ka,FIL,27824,
1718,supporters,ENG,27825,
1718,or,ENG,27826,
1718,BBM,UNK,27827,"ABB,NE"
1718,/,SYM,27828,
1718,SARA,UNK,27829,NE
1719,Dalawang,FIL,27830,
1719,araw,FIL,27831,
1719,na,FIL,27832,
1719,karera,FIL,27833,
1719,ang,FIL,27834,
1719,pasisibatin,FIL,27835,
1719,ng,FIL,27836,
1719,MJCI,UNK,27837,"ABB,NE"
1719,at,FIL,27838,
1719,ilalarga,FIL,27839,
1719,ito,FIL,27840,
1719,sa,FIL,27841,
1719,San,UNK,27842,NE
1719,Lazaro,UNK,27843,NE
1719,Leisure,ENG,27844,NE
1719,Park,ENG,27845,NE
1719,sa,FIL,27846,
1719,Carmona,UNK,27847,NE
1719,",",SYM,27848,
1719,Cavite,UNK,27849,NE
1719,.,SYM,27850,
1720,Hello,ENG,27851,
1720,phinvest,UNK,27852,NE
1720,",",SYM,27853,
1720,may,FIL,27854,
1720,alam,FIL,27855,
1720,ba,FIL,27856,
1720,kayong,FIL,27857,
1720,pos,ENG,27858,ABB
1720,provider,ENG,27859,
1720,para,FIL,27860,
1720,sa,FIL,27861,
1720,mga,FIL,27862,
1720,retail,ENG,27863,
1720,stores,ENG,27864,
1720,or,ENG,27865,
1720,may,FIL,27866,
1720,idea,ENG,27867,
1720,ba,FIL,27868,
1720,kayo,FIL,27869,
1720,sinong,FIL,27870,
1720,pos,ENG,27871,ABB
1720,provider,ENG,27872,
1720,ng,FIL,27873,
1720,mga,FIL,27874,
1720,7-11,UNK,27875,NE
1720,",",SYM,27876,
1720,Jollibee,UNK,27877,NE
1720,",",SYM,27878,
1720,etc,ENG,27879,ABB
1720,.,SYM,27880,
1721,Kung,FIL,27881,
1721,ikaw,FIL,27882,
1721,lng,UNK,27883,ABB
1721,ang,FIL,27884,
1721,mag,FIL,27885,
1721,inbestiga,FIL,27886,
1721,na,FIL,27887,
1721,walang,FIL,27888,
1721,alam,FIL,27889,
1721,wag,FIL,27890,
1721,na,FIL,27891,
1722,No1,UNK,27892,
1722,bbm,UNK,27893,"ABB,NE"
1722,kahit,FIL,27894,
1722,saan,FIL,27895,
1722,si,FIL,27896,
1722,leni,UNK,27897,NE
1722,lugaw,FIL,27898,
1722,wala,FIL,27899,
1722,binabayaran,FIL,27900,
1722,pa,FIL,27901,
1722,niya,FIL,27902,
1722,para,FIL,27903,
1722,isigaw,FIL,27904,
1722,pa,FIL,27905,
1722,siya,FIL,27906,
1723,Isa,FIL,27907,
1723,si,FIL,27908,
1723,Pacquiao,UNK,27909,NE
1723,sa,FIL,27910,
1723,mga,FIL,27911,
1723,personalidad,FIL,27912,
1723,na,FIL,27913,
1723,bumabatikos,FIL,27914,
1723,sa,FIL,27915,
1723,pagtugon,FIL,27916,
1723,ng,FIL,27917,
1723,gobyerno,FIL,27918,
1723,sa,FIL,27919,
1723,territorial,ENG,27920,
1723,dispute,ENG,27921,
1723,sa,FIL,27922,
1723,China,ENG,27923,NE
1723,sa,FIL,27924,
1723,isyu,FIL,27925,
1723,sa,FIL,27926,
1723,West,ENG,27927,NE
1723,Philippine,ENG,27928,NE
1723,Sea,ENG,27929,NE
1723,(,SYM,27930,
1723,WPS,ENG,27931,"ABB,NE"
1723,),SYM,27932,
1723,.,SYM,27933,
1724,Hindi,FIL,27934,
1724,pa,FIL,27935,
1724,napapapirma,FIL,27936,
1724,ng,FIL,27937,
1724,bagong,FIL,27938,
1724,kontrata,FIL,27939,
1724,si,FIL,27940,
1724,Marc,UNK,27941,NE
1724,Pingris,UNK,27942,NE
1724,matapos,FIL,27943,
1724,mag-expire,FIL,27944,
1724,ang,FIL,27945,
1724,dati,FIL,27946,
1724,noong,FIL,27947,
1724,December,ENG,27948,NE
1724,.,SYM,27949,
1725,Masarap,FIL,27950,
1725,isipin,FIL,27951,
1725,na,FIL,27952,
1725,Ang,FIL,27953,
1725,gobyerno,FIL,27954,
1725,natin,FIL,27955,
1725,ay,FIL,27956,
1725,may,FIL,27957,
1725,pagpapahalaga,FIL,27958,
1725,sa,FIL,27959,
1725,likas,FIL,27960,
1725,na,FIL,27961,
1725,yaman,FIL,27962,
1725,Ng,FIL,27963,
1725,ating,FIL,27964,
1725,bansa,FIL,27965,
1725,.,SYM,27966,
1726,Sa,FIL,27967,
1726,ulat,FIL,27968,
1726,ng,FIL,27969,
1726,TV5,ENG,27970,"ABB,NE"
1726,",",SYM,27971,
1726,naghain,FIL,27972,
1726,na,FIL,27973,
1726,ang,FIL,27974,
1726,Kapuso,FIL,27975,NE
1726,star,ENG,27976,
1726,ng,FIL,27977,
1726,reklamong,FIL,27978,
1726,concubinage,ENG,27979,
1726,sa,FIL,27980,
1726,Department,ENG,27981,NE
1726,of,ENG,27982,NE
1726,Justice,ENG,27983,NE
1726,.,SYM,27984,
1727,Kung,FIL,27985,
1727,ganitong,FIL,27986,
1727,prinsipal,FIL,27987,
1727,magdadalawang,FIL,27988,
1727,isip,FIL,27989,
1727,ako,FIL,27990,
1727,parang,FIL,27991,
1727,walang,FIL,27992,
1727,kakampi,FIL,27993,
1727,ang,FIL,27994,
1727,mga,FIL,27995,
1727,bata,FIL,27996,
1729,Anila,FIL,27997,
1729,",",SYM,27998,
1729,matapos,FIL,27999,
1729,ang,FIL,28000,
1729,naturang,FIL,28001,
1729,transaksyon,FIL,28002,
1729,ay,FIL,28003,
1729,wala,FIL,28004,
1729,na,FIL,28005,
1729,silang,FIL,28006,
1729,impormasyon,FIL,28007,
1729,sa,FIL,28008,
1729,suspek,FIL,28009,
1729,hanggang,FIL,28010,
1729,nabalitaan,FIL,28011,
1729,na,FIL,28012,
1729,lamang,FIL,28013,
1729,nila,FIL,28014,
1729,na,FIL,28015,
1729,naaresto,FIL,28016,
1729,ito,FIL,28017,
1729,.,SYM,28018,
1733,Super,ENG,28019,
1733,ia,UNK,28020,
1733,ko,FIL,28021,
1733,dahil,FIL,28022,
1733,sa,FIL,28023,
1733,work,ENG,28024,
1733,try,ENG,28025,
1733,ko,FIL,28026,
1733,sipagan,FIL,28027,
1733,kasi,FIL,28028,
1733,may,FIL,28029,
1733,mga,FIL,28030,
1733,naisip,FIL,28031,
1733,na,FIL,28032,
1733,naman,FIL,28033,
1733,akooo,FIL,28034,
1734,very,ENG,28035,
1734,awkward,ENG,28036,
1734,na,FIL,28037,
1734,sa,FIL,28038,
1734,gmeet,ENG,28039,"ABB,NE"
1734,namin,FIL,28040,
1734,huhu,UNK,28041,EXPR
1734,bakit,FIL,28042,
1734,walang,FIL,28043,
1734,nagsasalita,FIL,28044,
1734,sa,FIL,28045,
1734,kanila,FIL,28046,
1735,Sa,FIL,28047,
1735,imbestigasyon,FIL,28048,
1735,",",SYM,28049,
1735,inamin,FIL,28050,
1735,naman,FIL,28051,
1735,ng,FIL,28052,
1735,mga,FIL,28053,
1735,suspek,FIL,28054,
1735,na,FIL,28055,
1735,bago,FIL,28056,
1735,isinugod,FIL,28057,
1735,sa,FIL,28058,
1735,pagamutan,FIL,28059,
1735,ay,FIL,28060,
1735,dinisiplina,FIL,28061,
1735,umano,FIL,28062,
1735,nila,FIL,28063,
1735,ang,FIL,28064,
1735,bata,FIL,28065,
1735,dahil,FIL,28066,
1735,sa,FIL,28067,
1735,nagawa,FIL,28068,
1735,nitong,FIL,28069,
1735,kasalanan,FIL,28070,
1735,",",SYM,28071,
1735,na,FIL,28072,
1735,hindi,FIL,28073,
1735,kaagad,FIL,28074,
1735,natukoy,FIL,28075,
1735,.,SYM,28076,
1737,naku,UNK,28077,EXPR
1737,wagka,FIL,28078,
1737,nang,FIL,28079,
1737,magpakita,FIL,28080,
1737,doon,FIL,28081,
1737,",",SYM,28082,
1737,baka,FIL,28083,
1737,pag,FIL,28084,
1737,nagkataon,FIL,28085,
1737,",",SYM,28086,
1737,baka,FIL,28087,
1737,kutsilyo,FIL,28088,
1737,na,FIL,28089,
1737,isasaksak,FIL,28090,
1737,sayo,FIL,28091,
1738,Sana,FIL,28092,
1738,dumami,FIL,28093,
1738,pa,FIL,28094,
1738,ang,FIL,28095,
1738,mga,FIL,28096,
1738,ganyan,FIL,28097,
1738,mga,FIL,28098,
1738,show,ENG,28099,
1739,divert,ENG,28100,
1739,nyo,FIL,28101,
1739,pa,FIL,28102,
1739,ang,FIL,28103,
1739,attention,ENG,28104,
1739,ng,FIL,28105,
1739,public,ENG,28106,
1739,sa,FIL,28107,
1739,mga,FIL,28108,
1739,issues,ENG,28109,
1739,ng,FIL,28110,
1739,corruption,ENG,28111,
1739,sa,FIL,28112,
1739,philhealth,ENG,28113,NE
1739,at,FIL,28114,
1739,yung,FIL,28115,
1739,napakalaking,FIL,28116,
1739,utang,FIL,28117,
1739,nyo,FIL,28118,
1739,sa,FIL,28119,
1739,redcross,ENG,28120,NE
1739,.,SYM,28121,
1740,Ayon,FIL,28122,
1740,sa,FIL,28123,
1740,pulisya,FIL,28124,
1740,",",SYM,28125,
1740,malakihan,FIL,28126,
1740,umano,FIL,28127,
1740,magbenta,FIL,28128,
1740,ng,FIL,28129,
1740,iligal,FIL,28130,
1740,na,FIL,28131,
1740,droga,FIL,28132,
1740,ang,FIL,28133,
1740,mga,FIL,28134,
1740,suspek,FIL,28135,
1740,na,FIL,28136,
1740,34,NUM,28137,
1740,at,FIL,28138,
1740,38,NUM,28139,
1740,anyos,FIL,28140,
1740,.,SYM,28141,
1741,gandang,FIL,28142,
1741,umaga,FIL,28143,
1741,",",SYM,28144,
1741,umuwi,FIL,28145,
1741,ang,FIL,28146,
1741,wonki,UNK,28147,NE
1741,ko,FIL,28148,
1741,ahahaha,UNK,28149,EXPR
1741,ehem,UNK,28150,EXPR
1741,heeseung,UNK,28151,NE
1742,Pagdating,FIL,28152,
1742,naman,FIL,28153,
1742,sa,FIL,28154,
1742,liquor,ENG,28155,
1742,ban,ENG,28156,
1742,",",SYM,28157,
1742,ito,FIL,28158,
1742,ay,FIL,28159,
1742,ipinapaubaya,FIL,28160,
1742,na,FIL,28161,
1742,sa,FIL,28162,
1742,kanya-kanyang,FIL,28163,
1742,LGUs,ENG,28164,ABB
1742,.,SYM,28165,
1743,kahit,FIL,28166,
1743,kailan,FIL,28167,
1743,naman,FIL,28168,
1743,hindi,FIL,28169,
1743,solusyon,FIL,28170,
1743,ang,FIL,28171,
1743,pagsuko,FIL,28172,
1744,Kapag,FIL,28173,
1744,meron,FIL,28174,
1744,kang,FIL,28175,
1744,big,ENG,28176,
1744,heart,ENG,28177,
1744,",",SYM,28178,
1744,parang,FIL,28179,
1744,lagi,FIL,28180,
1744,kang,FIL,28181,
1744,grateful,ENG,28182,
1744,sa,FIL,28183,
1744,mga,FIL,28184,
1744,dumadating,FIL,28185,
1744,sa,FIL,28186,
1744,yo,FIL,28187,
1744,",",SYM,28188,
1744,lagi,FIL,28189,
1744,mong,FIL,28190,
1744,iisipin,FIL,28191,
1744,din,FIL,28192,
1744,nga,FIL,28193,
1744,na,FIL,28194,
1744,gawin,FIL,28195,
1744,ng,FIL,28196,
1744,tama,FIL,28197,
1744,",",SYM,28198,
1744,gawin,FIL,28199,
1744,ng,FIL,28200,
1744,maganda,FIL,28201,
1744,.,SYM,28202,
1745,Posible,FIL,28203,
1745,ulit,FIL,28204,
1745,na,FIL,28205,
1745,isang,FIL,28206,
1745,miyembro,FIL,28207,
1745,lang,FIL,28208,
1745,sa,FIL,28209,
1745,bawat,FIL,28210,
1745,pamilya,FIL,28211,
1745,ang,FIL,28212,
1745,papayagang,FIL,28213,
1745,makalabas,FIL,28214,
1745,para,FIL,28215,
1745,bumili,FIL,28216,
1745,ng,FIL,28217,
1745,pangangailangan,FIL,28218,
1745,sa,FIL,28219,
1745,dalawang,FIL,28220,
1745,linggong,FIL,28221,
1745,enhanced,ENG,28222,
1745,community,ENG,28223,
1745,quarantine,ENG,28224,
1745,(,SYM,28225,
1745,ECQ,ENG,28226,"ABB,NE"
1745,),SYM,28227,
1745,sa,FIL,28228,
1745,Metro,ENG,28229,NE
1745,Manila,ENG,28230,NE
1745,.,SYM,28231,
1746,Iginiit,FIL,28232,
1746,ni,FIL,28233,
1746,Duterte,UNK,28234,NE
1746,na,FIL,28235,
1746,prayoridad,FIL,28236,
1746,ng,FIL,28237,
1746,pamahalaan,FIL,28238,
1746,ang,FIL,28239,
1746,kaligtasan,FIL,28240,
1746,ng,FIL,28241,
1746,nasa,FIL,28242,
1746,tatlong,FIL,28243,
1746,milyon,FIL,28244,
1746,Pinoy,FIL,28245,NE
1746,na,FIL,28246,
1746,nasa,FIL,28247,
1746,Middle,ENG,28248,NE
1746,East,ENG,28249,NE
1746,",",SYM,28250,
1746,at,FIL,28251,
1746,karamihan,FIL,28252,
1746,ay,FIL,28253,
1746,mga,FIL,28254,
1746,OFW,FIL,28255,ABB
1746,.,SYM,28256,
1747,ang,FIL,28257,
1747,kapal,FIL,28258,
1747,sa,FIL,28259,
1747,mukhang,FIL,28260,
1747,mg,FIL,28261,ABB
1747,ina,FIL,28262,
1747,hindi,FIL,28263,
1747,marunong,FIL,28264,
1747,mgpasalamat,FIL,28265,
1748,Pahingi,FIL,28266,
1748,ng,FIL,28267,
1748,copy,ENG,28268,
1748,ng,FIL,28269,
1748,video,ENG,28270,
1748,na,FIL,28271,
1748,to,FIL,28272,
1748,",",SYM,28273,
1748,e,FIL,28274,
1748,share,ENG,28275,
1748,ko,FIL,28276,
1748,sana,FIL,28277,
1748,sa,FIL,28278,
1748,fb,ENG,28279,ABB
1750,"""",SYM,28280,
1750,Okay,ENG,28281,
1750,lang,FIL,28282,
1750,na,FIL,28283,
1750,masayang,FIL,28284,
1750,ang,FIL,28285,
1750,pera,FIL,28286,
1750,ko,FIL,28287,
1750,",",SYM,28288,
1750,huwag,FIL,28289,
1750,lang,FIL,28290,
1750,ang,FIL,28291,
1750,pera,FIL,28292,
1750,niyo,FIL,28293,
1750,"""",SYM,28294,
1750,Kenny,UNK,28295,NE
1750,Manalad,UNK,28296,NE
1750,",",SYM,28297,
1750,January,ENG,28298,NE
1750,2021,NUM,28299,
1751,Totoong,FIL,28300,
1751,makabago,FIL,28301,
1751,nga,FIL,28302,
1751,ako,FIL,28303,
1751,pero,FIL,28304,
1751,napapanga-lagaan,FIL,28305,
1751,ko,FIL,28306,
1751,ang,FIL,28307,
1751,aking,FIL,28308,
1751,virginity,ENG,28309,
1751,.,SYM,28310,
1753,Mukhang,FIL,28311,
1753,malungkot,FIL,28312,
1753,siya,FIL,28313,
1753,sa,FIL,28314,
1753,pag,FIL,28315,
1753,baba,FIL,28316,
1753,ng,FIL,28317,
1753,kaso,FIL,28318,
1753,",",SYM,28319,
1753,samantalang,FIL,28320,
1753,noong,FIL,28321,
1753,dumadami,FIL,28322,
1753,at,FIL,28323,
1753,napaka,FIL,28324,
1753,daming,FIL,28325,
1753,kaso,FIL,28326,
1753,yun,FIL,28327,
1753,mukha,FIL,28328,
1753,niya,FIL,28329,
1753,mukhang,FIL,28330,
1753,masaya,FIL,28331,
1753,at,FIL,28332,
1753,maaskad,FIL,28333,
1753,ang,FIL,28334,
1753,hilatsa,FIL,28335,
1753,ng,FIL,28336,
1753,pag,FIL,28337,
1753,mumukha,FIL,28338,
1753,niya,FIL,28339,
1753,.,SYM,28340,
1754,Ang,FIL,28341,
1754,pakikipagsabwatan,FIL,28342,
1754,ng,FIL,28343,
1754,mga,FIL,28344,
1754,tao,FIL,28345,
1754,",",SYM,28346,
1754,panlilinlang,FIL,28347,
1754,",",SYM,28348,
1754,at,FIL,28349,
1754,pandaraya,FIL,28350,
1754,ay,FIL,28351,
1754,pawang,FIL,28352,
1754,mga,FIL,28353,
1754,bagay,FIL,28354,
1754,ni,FIL,28355,
1754,Satanas,UNK,28356,NE
1754,.,SYM,28357,
1756,Hahaha,UNK,28358,EXPR
1756,paguwe,FIL,28359,
1756,ito,FIL,28360,
1756,un,FIL,28361,
1756,mga,FIL,28362,
1756,una,FIL,28363,
1756,kong,FIL,28364,
1756,kakainin,FIL,28365,
1756,hays,UNK,28366,EXPR
1757,bilang,FIL,28367,
1757,isang,FIL,28368,
1757,pinoy,FIL,28369,
1757,nakakahiya,FIL,28370,
1757,na,FIL,28371,
1757,masyado,FIL,28372,
1757,sa,FIL,28373,
1757,mga,FIL,28374,
1757,marcos,UNK,28375,NE
1757,tapos,FIL,28376,
1757,lalaitin,FIL,28377,
1757,pa,FIL,28378,
1757,sila,FIL,28379,
1757,at,FIL,28380,
1757,sisiraan,FIL,28381,
1757,.,SYM,28382,
1758,Misteryo,FIL,28383,
1758,:,SYM,28384,
1758,Ano,FIL,28385,
1758,na,FIL,28386,
1758,sumunod,FIL,28387,
1758,na,FIL,28388,
1758,nangyari,FIL,28389,
1758,nagpakita,FIL,28390,
1758,na,FIL,28391,
1758,ba,FIL,28392,
1758,siya,FIL,28393,
1758,sayo,FIL,28394,
1758,.,SYM,28395,
1759,Ahas,FIL,28396,
1759,kasi,FIL,28397,
1759,kaya,FIL,28398,
1759,alam,FIL,28399,
1759,na,FIL,28400,
1759,ang,FIL,28401,
1759,tactics,ENG,28402,
1759,kung,FIL,28403,
1759,paano,FIL,28404,
1759,manira,FIL,28405,
1760,Inang,UNK,28406,EXPR
1760,hirap,FIL,28407,
1760,magbudget,FIL,28408,
1760,ng,FIL,28409,
1760,pwera,FIL,28410,
1761,Ghorl,FIL,28411,
1761,maganda,FIL,28412,
1761,maga,FIL,28413,
1761,mga,FIL,28414,
1761,mata,FIL,28415,
1761,ng,FIL,28416,
1761,iyakin,FIL,28417,
1761,.,SYM,28418,
1762,Magsasagawa,FIL,28419,
1762,ng,FIL,28420,
1762,magkahiwalay,FIL,28421,
1762,na,FIL,28422,
1762,imbestigasyon,FIL,28423,
1762,ang,FIL,28424,
1762,Philippine,ENG,28425,NE
1762,National,ENG,28426,NE
1762,Police,ENG,28427,NE
1762,(,SYM,28428,
1762,PNP,ENG,28429,"ABB,NE"
1762,),SYM,28430,
1762,at,FIL,28431,
1762,Commission,ENG,28432,NE
1762,on,ENG,28433,
1762,Elections,ENG,28434,NE
1762,(,SYM,28435,
1762,Comelec,ENG,28436,"ABB,NE"
1762,),SYM,28437,
1762,upang,FIL,28438,
1762,alamin,FIL,28439,
1762,kung,FIL,28440,
1762,may,FIL,28441,
1762,kaugnayan,FIL,28442,
1762,sa,FIL,28443,
1762,eleksiyon,FIL,28444,
1762,ang,FIL,28445,
1762,pamamaril,FIL,28446,
1762,sa,FIL,28447,
1762,grupo,FIL,28448,
1762,ni,FIL,28449,
1762,Partido,FIL,28450,NE
1762,Lakas,FIL,28451,NE
1762,ng,FIL,28452,
1762,Masa,FIL,28453,NE
1762,(,SYM,28454,
1762,PLM,FIL,28455,"ABB,NE"
1762,),SYM,28456,
1762,presidential,ENG,28457,
1762,aspirant,ENG,28458,
1762,Ka,FIL,28459,NE
1762,Leody,UNK,28460,NE
1762,de,UNK,28461,NE
1762,Guzman,UNK,28462,NE
1762,sa,FIL,28463,
1762,Quezon,FIL,28464,NE
1762,",",SYM,28465,
1762,Bukidnon,FIL,28466,NE
1762,noong,FIL,28467,
1762,Martes,FIL,28468,
1762,.,SYM,28469,
1763,kaya,FIL,28470,
1763,nga,FIL,28471,
1763,eh,FIL,28472,
1763,yung,FIL,28473,
1763,sakin,FIL,28474,
1763,naman,FIL,28475,
1763,yung,FIL,28476,
1763,rap,ENG,28477,
1763,part,ENG,28478,
1763,ni,FIL,28479,
1763,winter,UNK,28480,NE
1763,tsaka,FIL,28481,
1763,mga,FIL,28482,
1763,adlib,ENG,28483,
1763,niya,FIL,28484,
1763,paulit-ulit,FIL,28485,
1763,sa,FIL,28486,
1763,utak,FIL,28487,
1763,ko,FIL,28488,
1763,jusq,FIL,28489,
1765,Ang,FIL,28490,
1765,ganda,FIL,28491,
1765,ng,FIL,28492,
1765,distribution,ENG,28493,
1765,nila,FIL,28494,
1765,sa,FIL,28495,
1765,Ikako,UNK,28496,NE
1765,ForteCon,UNK,28497,NE
1765,1stShow,UNK,28498,NE
1766,Pati,FIL,28499,
1766,dun,FIL,28500,
1766,dati,FIL,28501,
1766,sa,FIL,28502,
1766,sandoval,UNK,28503,NE
1766,avenue,ENG,28504,
1766,dami,FIL,28505,
1766,po,FIL,28506,
1766,nakatagu,FIL,28507,
1766,lalo,FIL,28508,
1766,na,FIL,28509,
1766,noong,FIL,28510,
1766,may,FIL,28511,
1766,add,ENG,28512,
1766,even,ENG,28513,
1766,codding,ENG,28514,
1766,pa,FIL,28515,
1766,silang,FIL,28516,
1766,ipinapatupad,FIL,28517,
1766,nakatagu,FIL,28518,
1766,sila,FIL,28519,
1766,imbes,FIL,28520,
1766,naagmando,UNK,28521,
1766,at,FIL,28522,
1766,nagkakabuhol,FIL,28523,
1766,buhol,FIL,28524,
1766,na,FIL,28525,
1766,ang,FIL,28526,
1766,traffic,ENG,28527,
1766,ng,FIL,28528,
1766,mga,FIL,28529,
1766,sasakyan,FIL,28530,
1766,.,SYM,28531,
1767,Hindi,FIL,28532,
1767,kayo,FIL,28533,
1767,magandang,FIL,28534,
1767,influenza,ENG,28535,
1767,sa,FIL,28536,
1767,kapwa,FIL,28537,
1767,kabataan,FIL,28538,
1768,Paano,FIL,28539,
1768,magsasama-sama,FIL,28540,
1768,sa,FIL,28541,
1768,iisang,FIL,28542,
1768,bubong,FIL,28543,
1768,ang,FIL,28544,
1768,kakaibang,FIL,28545,
1768,pamilyang,FIL,28546,
1768,ito,FIL,28547,
1768,?,SYM,28548,
1769,tangena,FIL,28549,
1769,nasusuka,FIL,28550,
1769,ako,FIL,28551,
1769,",",SYM,28552,
1769,kasalanan,FIL,28553,
1769,to,FIL,28554,
1769,ng,FIL,28555,
1769,chismisan,FIL,28556,
1769,hanggang,FIL,28557,
1769,4am,NUM,28558,
1770,Gonggong,FIL,28559,
1770,man,FIL,28560,
1770,yan,FIL,28561,
1770,si,FIL,28562,
1770,Aljur,UNK,28563,NE
1770,tapos,FIL,28564,
1770,maygana,FIL,28565,
1770,pa,FIL,28566,
1770,siyang,FIL,28567,
1770,pagbintangan,FIL,28568,
1770,ang,FIL,28569,
1770,kanyang,FIL,28570,
1770,asawa,FIL,28571,
1770,na,FIL,28572,
1770,unang,FIL,28573,
1770,nangaliwa,FIL,28574,
1770,?,SYM,28575,
1771,Malaking,FIL,28576,
1771,kahihiyan,FIL,28577,
1771,kay,FIL,28578,
1771,Duterte,UNK,28579,NE
1771,at,FIL,28580,
1771,malaking,FIL,28581,
1771,sampal,FIL,28582,
1771,sa,FIL,28583,
1771,kanyang,FIL,28584,
1771,gobyerno,FIL,28585,
1771,ang,FIL,28586,
1771,award,ENG,28587,
1771,ni,FIL,28588,
1771,Rizza,UNK,28589,NE
1771,.,SYM,28590,
1772,Tinamad,FIL,28591,
1772,ako,FIL,28592,
1772,gumawa,FIL,28593,
1772,ng,FIL,28594,
1772,Gmail,ENG,28595,NE
1772,Kaya,FIL,28596,
1772,donate,ENG,28597,
1772,niyo,FIL,28598,
1772,nalang,FIL,28599,
1772,sakin,FIL,28600,
1772,Gmail,ENG,28601,NE
1772,niyo,FIL,28602,
1772,ako,FIL,28603,
1772,na,FIL,28604,
1772,bahala,FIL,28605,
1772,sa,FIL,28606,
1772,pag,FIL,28607,
1772,vote,ENG,28608,
1773,Kahit,FIL,28609,
1773,raw,FIL,28610,
1773,anong,FIL,28611,
1773,exercise,ENG,28612,
1773,nito,FIL,28613,
1773,at,FIL,28614,
1773,pagbabawas,FIL,28615,
1773,ng,FIL,28616,
1773,pagkain,FIL,28617,
1773,",",SYM,28618,
1773,hindi,FIL,28619,
1773,pa,FIL,28620,
1773,rin,FIL,28621,
1773,daw,FIL,28622,
1773,ito,FIL,28623,
1773,pumapayat,FIL,28624,
1773,.,SYM,28625,
1774,Kawawa,FIL,28626,
1774,naman,FIL,28627,
1774,kayo,FIL,28628,
1774,wala,FIL,28629,
1774,ng,FIL,28630,
1774,gustong,FIL,28631,
1774,tumakbo,FIL,28632,
1774,pagka,FIL,28633,
1774,presidente,FIL,28634,
1774,sa,FIL,28635,
1774,partido,FIL,28636,
1774,nyo,FIL,28637,
1774,kaya,FIL,28638,
1774,binigla,FIL,28639,
1774,nyo,FIL,28640,
1774,si,FIL,28641,
1774,Bato,UNK,28642,NE
1774,na,FIL,28643,
1774,tumayo,FIL,28644,
1774,muna,FIL,28645,
1774,at,FIL,28646,
1774,mag,FIL,28647,
1774,file,ENG,28648,
1774,ng,FIL,28649,
1774,COC,ENG,28650,ABB
1774,in,ENG,28651,
1774,case,ENG,28652,
1774,magbago,FIL,28653,
1774,ang,FIL,28654,
1774,isip,FIL,28655,
1774,ni,FIL,28656,
1774,Sara,UNK,28657,NE
1774,na,FIL,28658,
1774,hindi,FIL,28659,
1774,rin,FIL,28660,
1774,naman,FIL,28661,
1774,qualified,ENG,28662,
1774,.,SYM,28663,
1775,Sinabi,FIL,28664,
1775,ni,FIL,28665,
1775,presidential,ENG,28666,
1775,candidate,ENG,28667,
1775,Ka,UNK,28668,NE
1775,Leody,UNK,28669,NE
1775,De,UNK,28670,NE
1775,Guzman,UNK,28671,NE
1775,ang,FIL,28672,
1775,mga,FIL,28673,
1775,pangunahing,FIL,28674,
1775,isyung,FIL,28675,
1775,pagtutuunan,FIL,28676,
1775,niya,FIL,28677,
1775,ng,FIL,28678,
1775,pansin,FIL,28679,
1775,sa,FIL,28680,
1775,kaniyang,FIL,28681,
1775,pagharap,FIL,28682,
1775,sa,FIL,28683,
1775,isang,FIL,28684,
1775,forum,ENG,28685,
1775,ng,FIL,28686,
1775,mga,FIL,28687,
1775,tumatakbong,FIL,28688,
1775,pangulo,FIL,28689,
1775,.,SYM,28690,
1776,Kaya,FIL,28691,
1776,ayun,FIL,28692,
1776,",",SYM,28693,
1776,nakakabilib,FIL,28694,
1776,na,FIL,28695,
1776,kaya,FIL,28696,
1776,niyang,FIL,28697,
1776,maghintay,FIL,28698,
1776,kahit,FIL,28699,
1776,nasasaktan,FIL,28700,
1776,na,FIL,28701,
1776,siya,FIL,28702,
1776,.,SYM,28703,
1777,Masarap,FIL,28704,
1777,talaga,FIL,28705,
1777,ang,FIL,28706,
1777,trip,ENG,28707,
1777,kahit,FIL,28708,
1777,Saan,FIL,28709,
1777,Saan,FIL,28710,
1777,basta,FIL,28711,
1777,kasama,FIL,28712,
1777,si,FIL,28713,
1777,YAMAHA,UNK,28714,NE
1777,!,SYM,28715,
1778,dear,ENG,28716,
1778,kuya,FIL,28717,
1778,:,SYM,28718,
1778,pakialagaan,FIL,28719,
1778,po,FIL,28720,
1778,ang,FIL,28721,
1778,mahal,FIL,28722,
1778,namin,FIL,28723,
1778,at,FIL,28724,
1778,wag,FIL,28725,
1778,mo,FIL,28726,
1778,siya,FIL,28727,
1778,iship,FIL,28728,
1778,sa,FIL,28729,
1778,iba,FIL,28730,
1778,!,SYM,28731,
1779,Hi,UNK,28732,EXPR
1779,cong,UNK,28733,NE
1779,tv,UNK,28734,NE
1779,Ako,FIL,28735,
1779,Ang,FIL,28736,
1779,9M,NUM,28737,
1779,subscriber,ENG,28738,
1779,mo,FIL,28739,
1779,nakita,FIL,28740,
1779,ko,FIL,28741,
1779,nakakatawa,FIL,28742,
1779,Ang,FIL,28743,
1779,mga,FIL,28744,
1779,vids,ENG,28745,
1779,mo,FIL,28746,
1779,SaNa,FIL,28747,
1779,maraming,FIL,28748,
1779,kapang,FIL,28749,
1779,makuhang,FIL,28750,
1779,subscribers,ENG,28751,
1781,Sinabi,FIL,28752,
1781,ng,FIL,28753,
1781,Malacaang,FIL,28754,NE
1781,na,FIL,28755,
1781,tiniyak,FIL,28756,
1781,sa,FIL,28757,
1781,kanila,FIL,28758,
1781,ni,FIL,28759,
1781,Wang,UNK,28760,NE
1781,ang,FIL,28761,
1781,pangakong,FIL,28762,
1781,suporta,FIL,28763,
1781,ng,FIL,28764,
1781,China,ENG,28765,NE
1781,sa,FIL,28766,
1781,Pilipinas,FIL,28767,NE
1781,sa,FIL,28768,
1781,paglaban,FIL,28769,
1781,sa,FIL,28770,
1781,COVID-19,ENG,28771,"ABB,NE"
1781,",",SYM,28772,
1781,ang,FIL,28773,
1781,sakit,FIL,28774,
1781,na,FIL,28775,
1781,nagsimula,FIL,28776,
1781,sa,FIL,28777,
1781,Wuhan,ENG,28778,NE
1781,",",SYM,28779,
1781,China,ENG,28780,NE
1781,.,SYM,28781,
1782,Na,FIL,28782,
1782,ang,FIL,28783,
1782,sabihin,FIL,28784,
1782,",",SYM,28785,
1782,kung,FIL,28786,
1782,ano,FIL,28787,
1782,ang,FIL,28788,
1782,nahahayag,FIL,28789,
1782,sa,FIL,28790,
1782,tao,FIL,28791,
1782,ay,FIL,28792,
1782,ang,FIL,28793,
1782,panimulang-batayan,FIL,28794,
1782,ng,FIL,28795,
1782,kung,FIL,28796,
1782,ano,FIL,28797,
1782,ang,FIL,28798,
1782,sinasabi,FIL,28799,
1782,ng,FIL,28800,
1782,Diyos,UNK,28801,NE
1782,tungkol,FIL,28802,
1782,sa,FIL,28803,
1782,mga,FIL,28804,
1782,pagkaintindi,FIL,28805,
1782,ng,FIL,28806,
1782,mga,FIL,28807,
1782,tao,FIL,28808,
1782,",",SYM,28809,
1782,at,FIL,28810,
1782,sa,FIL,28811,
1782,gayon,FIL,28812,
1782,",",SYM,28813,
1782,ang,FIL,28814,
1782,mga,FIL,28815,
1782,tao,FIL,28816,
1782,ay,FIL,28817,
1782,naglilingkod,FIL,28818,
1782,sa,FIL,28819,
1782,mga,FIL,28820,
1782,pagbigkas,FIL,28821,
1782,ng,FIL,28822,
1782,Diyos,UNK,28823,NE
1782,.,SYM,28824,
1783,pera,FIL,28825,
1783,ng,FIL,28826,
1783,taxpayers,ENG,28827,
1783,o,FIL,28828,
1783,taong,FIL,28829,
1783,bayan,FIL,28830,
1783,iyan,FIL,28831,
1783,",",SYM,28832,
1783,ano,FIL,28833,
1783,?,SYM,28834,
1784,Sa,FIL,28835,
1784,ngayon,FIL,28836,
1784,ang,FIL,28837,
1784,Office,ENG,28838,NE
1784,of,ENG,28839,NE
1784,the,ENG,28840,NE
1784,Vice,ENG,28841,NE
1784,President,ENG,28842,NE
1784,na,FIL,28843,
1784,may,FIL,28844,
1784,600,NUM,28845,
1784,volunteer,ENG,28846,
1784,doctors,ENG,28847,
1784,at,FIL,28848,
1784,1,NUM,28849,
1784,",",SYM,28850,
1784,900,NUM,28851,
1784,on-medical,ENG,28852,
1784,volunteers,ENG,28853,
1784,sa,FIL,28854,
1784,Bayanihan,FIL,28855,NE
1784,E-Konsulta,FIL,28856,NE
1784,",",SYM,28857,
1784,isang,FIL,28858,
1784,libreng,FIL,28859,
1784,teleconsultation,ENG,28860,
1784,service,ENG,28861,
1784,sa,FIL,28862,
1784,Facebook,ENG,28863,NE
1784,na,FIL,28864,
1784,ang,FIL,28865,
1784,adhikain,FIL,28866,
1784,ay,FIL,28867,
1784,makatulong,FIL,28868,
1784,sa,FIL,28869,
1784,mga,FIL,28870,
1784,pasyente,FIL,28871,
1784,ng,FIL,28872,
1784,COVID-19,ENG,28873,NE
1784,at,FIL,28874,
1784,ibang,FIL,28875,
1784,sakit,FIL,28876,
1784,sa,FIL,28877,
1784,National,ENG,28878,NE
1784,Capital,ENG,28879,NE
1784,Region,ENG,28880,NE
1784,Plus,ENG,28881,NE
1784,.,SYM,28882,
1785,At,FIL,28883,
1785,ang,FIL,28884,
1785,istorya,FIL,28885,
1785,ay,FIL,28886,
1785,gumaganda,FIL,28887,
1785,.,SYM,28888,
1787,Natapos,FIL,28889,
1787,ang,FIL,28890,
1787,10,NUM,28891,
1787,.,SYM,28892,
1787,10,NUM,28893,
1787,ng,FIL,28894,
1787,di,FIL,28895,
1787,man,FIL,28896,
1787,lang,FIL,28897,
1787,nacheckout,FIL,28898,
1787,mga,FIL,28899,
1787,nasa,FIL,28900,
1787,cart,ENG,28901,
1787,hahahaha,UNK,28902,EXPR
1788,BASAHIN,FIL,28903,
1788,:,SYM,28904,
1788,Taong,FIL,28905,
1788,2018,NUM,28906,
1788,nang,FIL,28907,
1788,ibinahagi,FIL,28908,
1788,niya,FIL,28909,
1788,na,FIL,28910,
1788,ikinakatakot,FIL,28911,
1788,niya,FIL,28912,
1788,ang,FIL,28913,
1788,kanyang,FIL,28914,
1788,sitwasyon,FIL,28915,
1788,.,SYM,28916,
1789,Feeling,ENG,28917,
1789,ko,FIL,28918,
1789,magkakasakit,FIL,28919,
1789,ako,FIL,28920,
1789,sa,FIL,28921,
1789,puso,FIL,28922,
1789,.,SYM,28923,
1790,Nag-viral,UNK,28924,
1790,kamakailan,FIL,28925,
1790,sa,FIL,28926,
1790,social,ENG,28927,
1790,media,ENG,28928,
1790,ang,FIL,28929,
1790,kuwento,FIL,28930,
1790,ng,FIL,28931,
1790,isang,FIL,28932,
1790,retiradong,FIL,28933,
1790,guro,FIL,28934,
1790,na,FIL,28935,
1790,hindi,FIL,28936,
1790,umano,FIL,28937,
1790,pinapasok,FIL,28938,
1790,sa,FIL,28939,
1790,showroom,ENG,28940,
1790,ng,FIL,28941,
1790,isang,FIL,28942,
1790,car,ENG,28943,
1790,company,ENG,28944,
1790,dahil,FIL,28945,
1790,sa,FIL,28946,
1790,hitsura,FIL,28947,
1790,nito,FIL,28948,
1790,.,SYM,28949,
1791,Pinusuan,FIL,28950,
1791,at,FIL,28951,
1791,ni-like,FIL,28952,
1791,ito,FIL,28953,
1791,ng,FIL,28954,
1791,mga,FIL,28955,
1791,netizens,ENG,28956,
1791,at,FIL,28957,
1791,nagsabing,FIL,28958,
1791,makakakita,FIL,28959,
1791,pa,FIL,28960,
1791,siya,FIL,28961,
1791,ng,FIL,28962,
1791,lalaki,FIL,28963,
1791,na,FIL,28964,
1791,mas,FIL,28965,
1791,higit,FIL,28966,
1791,pa,FIL,28967,
1791,kay,FIL,28968,
1791,Kiko,UNK,28969,NE
1791,.,SYM,28970,
1792,mga,FIL,28971,
1792,simpleng,FIL,28972,
1792,bagay,FIL,28973,
1792,na,FIL,28974,
1792,lang,FIL,28975,
1792,nagpapasaya,FIL,28976,
1792,sa,FIL,28977,
1792,akin,FIL,28978,
1792,ngayon,FIL,28979,
1793,blue,ENG,28980,
1793,ang,FIL,28981,
1793,ulap,FIL,28982,
1793,pero,FIL,28983,
1793,umuulan,FIL,28984,
1794,ayha,FIL,28985,
1794,pagyd,FIL,28986,
1794,nagka,FIL,28987,
1794,signal,ENG,28988,
1794,mao,FIL,28989,
1794,ng,FIL,28990,
1794,baha,FIL,28991,
1794,ang,FIL,28992,
1794,story,ENG,28993,
1794,pasensya,FIL,28994,
1795,Kung,FIL,28995,
1795,madalas,FIL,28996,
1795,kang,FIL,28997,
1795,makakakain,FIL,28998,
1795,at,FIL,28999,
1795,makakainom,FIL,29000,
1795,ng,FIL,29001,
1795,mga,FIL,29002,
1795,salita,FIL,29003,
1795,ng,FIL,29004,
1795,Diyos,FIL,29005,NE
1795,at,FIL,29006,
1795,makakasunod,FIL,29007,
1795,sa,FIL,29008,
1795,Kanyang,FIL,29009,
1795,kalooban,FIL,29010,
1795,at,FIL,29011,
1795,maisasagawa,FIL,29012,
1795,ang,FIL,29013,
1795,Kanyang,FIL,29014,
1795,mga,FIL,29015,
1795,salita,FIL,29016,
1795,",",SYM,29017,
1795,nabibilang,FIL,29018,
1795,ka,FIL,29019,
1795,sa,FIL,29020,
1795,Diyos,FIL,29021,NE
1795,",",SYM,29022,
1795,at,FIL,29023,
1795,ikaw,FIL,29024,
1795,ay,FIL,29025,
1795,isang,FIL,29026,
1795,taong,FIL,29027,
1795,namumuhay,FIL,29028,
1795,ayon,FIL,29029,
1795,sa,FIL,29030,
1795,Kanyang,FIL,29031,
1795,mga,FIL,29032,
1795,salita,FIL,29033,
1795,.,SYM,29034,
1796,hindi,FIL,29035,
1796,ko,FIL,29036,
1796,kailangan,FIL,29037,
1796,iexplain,UNK,29038,
1796,yung,FIL,29039,
1796,sarili,FIL,29040,
1796,ko,FIL,29041,
1796,sa,FIL,29042,
1796,kung,FIL,29043,
1796,ano,FIL,29044,
1796,yung,FIL,29045,
1796,narinig,FIL,29046,
1796,ko,FIL,29047,
1796,",",SYM,29048,
1796,hindi,FIL,29049,
1796,ko,FIL,29050,
1796,hahayaan,FIL,29051,
1796,mainvolve,UNK,29052,
1796,ako,FIL,29053,
1796,sa,FIL,29054,
1796,mga,FIL,29055,
1796,issues,ENG,29056,
1796,niyo,FIL,29057,
1797,Kaugnay,FIL,29058,
1797,ng,FIL,29059,
1797,implementasyon,FIL,29060,
1797,ng,FIL,29061,
1797,alert,ENG,29062,
1797,level,ENG,29063,
1797,system,ENG,29064,
1797,ang,FIL,29065,
1797,pagpapatupad,FIL,29066,
1797,ng,FIL,29067,
1797,granular,ENG,29068,
1797,lockdown,ENG,29069,
1797,sa,FIL,29070,
1797,mga,FIL,29071,
1797,lugar,FIL,29072,
1797,lamang,FIL,29073,
1797,na,FIL,29074,
1797,kontaminado,FIL,29075,
1797,ng,FIL,29076,
1797,COVID-19,UNK,29077,"ABB,NE"
1797,.,SYM,29078,
1798,Paglaya,FIL,29079,
1798,ni,FIL,29080,
1798,Rose,UNK,29081,NE
1798,",",SYM,29082,
1798,susubukan,FIL,29083,
1798,niyang,FIL,29084,
1798,magsimula,FIL,29085,
1798,ulit,FIL,29086,
1798,at,FIL,29087,
1798,buoin,FIL,29088,
1798,ang,FIL,29089,
1798,mga,FIL,29090,
1798,bagay,FIL,29091,
1798,na,FIL,29092,
1798,nawala,FIL,29093,
1798,sa,FIL,29094,
1798,kanya,FIL,29095,
1798,",",SYM,29096,
1798,isa,FIL,29097,
1798,na,FIL,29098,
1798,rito,FIL,29099,
1798,ang,FIL,29100,
1798,paghahanap,FIL,29101,
1798,sa,FIL,29102,
1798,kanyang,FIL,29103,
1798,anak,FIL,29104,
1798,na,FIL,29105,
1798,binatilyo,FIL,29106,
1798,na,FIL,29107,
1798,.,SYM,29108,
1799,You,ENG,29109,
1799,look,ENG,29110,
1799,Tired,ENG,29111,
1799,Po,FIL,29112,
1799,Para,FIL,29113,
1799,pong,FIL,29114,
1799,hindi,FIL,29115,
1799,kayo,FIL,29116,
1799,nakatulog,FIL,29117,
1799,ng,FIL,29118,
1799,maayos,FIL,29119,
1799,po,FIL,29120,
1800,Kaway,FIL,29121,
1800,kaway,FIL,29122,
1800,sa,FIL,29123,
1800,mga,FIL,29124,
1800,nandito,FIL,29125,
1800,since,ENG,29126,
1800,20k,NUM,29127,
1800,subs,ENG,29128,ABB
1800,palang,FIL,29129,
1801,Anddd,UNK,29130,EXPR
1801,maganda,FIL,29131,
1801,po,FIL,29132,
1801,ba,FIL,29133,
1801,ang,FIL,29134,
1801,turo,FIL,29135,
1801,sa,FIL,29136,
1801,mapua,FIL,29137,NE
1801,?,SYM,29138,
1802,Excited,ENG,29139,
1802,akong,FIL,29140,
1802,pumunta,FIL,29141,
1802,ng,FIL,29142,
1802,watson's,ENG,29143,NE
1802,para,FIL,29144,
1802,makapag,FIL,29145,
1802,window,ENG,29146,
1802,shopping,ENG,29147,
1802,at,FIL,29148,
1802,kapagka,FIL,29149,
1802,may,FIL,29150,
1802,kunting,FIL,29151,
1802,extra,ENG,29152,
1802,na,FIL,29153,
1802,ako,FIL,29154,
1802,dun,FIL,29155,
1802,na,FIL,29156,
1802,ako,FIL,29157,
1802,bibili,FIL,29158,
1802,ng,FIL,29159,
1802,make,ENG,29160,
1802,up,ENG,29161,
1802,.,SYM,29162,
1803,Ako,FIL,29163,
1803,daw,FIL,29164,
1803,magisa,FIL,29165,
1803,bumili,FIL,29166,
1803,ng,FIL,29167,
1803,supplies,ENG,29168,
1803,ko,FIL,29169,
1804,Mga,FIL,29170,
1804,Barangay,FIL,29171,
1804,Ang,FIL,29172,
1804,bayan,FIL,29173,
1804,ng,FIL,29174,
1804,Mayoyao,UNK,29175,NE
1804,ay,FIL,29176,
1804,nahahati,FIL,29177,
1804,sa,FIL,29178,
1804,mga,FIL,29179,
1804,.,SYM,29180,
1806,Sobrang,FIL,29181,
1806,nakakagaan,FIL,29182,
1806,ng,FIL,29183,
1806,pakiramdam,FIL,29184,
1806,mga,FIL,29185,
1806,vlogs,ENG,29186,
1806,mo,FIL,29187,
1806,.,SYM,29188,
1807,Sino,FIL,29189,
1807,nagpapa-adopt,UNK,29190,
1807,ng,FIL,29191,
1807,cat,ENG,29192,
1807,?,SYM,29193,
1808,Bibihira,FIL,29194,
1808,lamang,FIL,29195,
1808,ang,FIL,29196,
1808,ganitong,FIL,29197,
1808,halaman,FIL,29198,
1808,kaya,FIL,29199,
1808,bawal,FIL,29200,
1808,itong,FIL,29201,
1808,kunin,FIL,29202,
1808,mula,FIL,29203,
1808,sa,FIL,29204,
1808,mga,FIL,29205,
1808,kagubatan,FIL,29206,
1808,.,SYM,29207,
1809,Ayon,FIL,29208,
1809,kay,FIL,29209,
1809,Dr,ENG,29210,"ABB,NE"
1809,Noel,UNK,29211,NE
1809,Bueno,UNK,29212,NE
1809,",",SYM,29213,
1809,Director,ENG,29214,
1809,ng,FIL,29215,
1809,Zambales,UNK,29216,NE
1809,Provincial,ENG,29217,
1809,Health,ENG,29218,
1809,",",SYM,29219,
1809,nasa,FIL,29220,
1809,kabuuang,FIL,29221,
1809,337,NUM,29222,
1809,mga,FIL,29223,
1809,kadete,FIL,29224,
1809,ng,FIL,29225,
1809,PMMA,ENG,29226,"ABB,NE"
1809,sa,FIL,29227,
1809,nasabing,FIL,29228,
1809,bayan,FIL,29229,
1809,ang,FIL,29230,
1809,sumailalim,FIL,29231,
1809,na,FIL,29232,
1809,sa,FIL,29233,
1809,isinagawang,FIL,29234,
1809,testing,ENG,29235,
1809,ng,FIL,29236,
1809,probinsyta,FIL,29237,
1809,at,FIL,29238,
1809,dito,FIL,29239,
1809,nga,FIL,29240,
1809,may,FIL,29241,
1809,lumabas,FIL,29242,
1809,na,FIL,29243,
1809,14,NUM,29244,
1809,ang,FIL,29245,
1809,nagpositibo,FIL,29246,
1809,.,SYM,29247,
1810,Ano,FIL,29248,
1810,sabi,FIL,29249,
1810,mo,FIL,29250,
1810,nakakahiya,FIL,29251,
1810,siya,FIL,29252,
1810,?,SYM,29253,
1812,Hirap,FIL,29254,
1812,talaga,FIL,29255,
1812,magtagal,FIL,29256,
1812,sa,FIL,29257,
1812,isang,FIL,29258,
1812,relasyon,FIL,29259,
1813,Bitin,FIL,29260,
1813,ako,FIL,29261,
1813,sa,FIL,29262,
1813,episode,ENG,29263,
1813,n,FIL,29264,
1813,to,FIL,29265,
1814,Kayo,FIL,29266,
1814,rin,FIL,29267,
1814,ang,FIL,29268,
1814,gumawa,FIL,29269,
1814,nyan,FIL,29270,
1814,at,FIL,29271,
1814,isisi,FIL,29272,
1814,kay,FIL,29273,
1814,BBM,UNK,29274,"ABB,NE"
1814,?,SYM,29275,
1815,ito,FIL,29276,
1815,pa,FIL,29277,
1815,tinanong,FIL,29278,
1815,nyo,FIL,29279,
1815,eh,FIL,29280,
1815,nung,FIL,29281,
1815,candidacy,ENG,29282,
1815,pa,FIL,29283,
1815,ni,FIL,29284,
1815,Digong,UNK,29285,NE
1815,may,FIL,29286,
1815,pagka,FIL,29287,
1815,against,ENG,29288,
1815,na,FIL,29289,
1815,ito,FIL,29290,
1815,sa,FIL,29291,
1815,mga,FIL,29292,
1815,Duterte,UNK,29293,NE
1815,.,SYM,29294,
1816,Samantala,FIL,29295,
1816,",",SYM,29296,
1816,nakapagtala,FIL,29297,
1816,rin,FIL,29298,
1816,ang,FIL,29299,
1816,DOH,ENG,29300,"ABB,NE"
1816,ng,FIL,29301,
1816,25,NUM,29302,
1816,",",SYM,29303,
1816,146,NUM,29304,
1816,pasyente,FIL,29305,
1816,na,FIL,29306,
1816,gumaling,FIL,29307,
1816,na,FIL,29308,
1816,mula,FIL,29309,
1816,sa,FIL,29310,
1816,virus,ENG,29311,
1816,sanhi,FIL,29312,
1816,upang,FIL,29313,
1816,umabot,FIL,29314,
1816,na,FIL,29315,
1816,sa,FIL,29316,
1816,2,NUM,29317,
1816,",",SYM,29318,
1816,561,NUM,29319,
1816,",",SYM,29320,
1816,248,NUM,29321,
1816,ang,FIL,29322,
1816,total,ENG,29323,
1816,COVID-19,ENG,29324,"ABB,NE"
1816,recoveries,ENG,29325,
1816,sa,FIL,29326,
1816,bansa,FIL,29327,
1816,o,FIL,29328,
1816,95,NUM,29329,
1816,.,SYM,29330,
1816,4,NUM,29331,
1816,%,SYM,29332,
1816,ng,FIL,29333,
1816,total,ENG,29334,
1816,cases,ENG,29335,
1816,.,SYM,29336,
1817,until,ENG,29337,
1817,now,ENG,29338,
1817,nga,FIL,29339,
1817,naiiyak,FIL,29340,
1817,parin,FIL,29341,
1817,ako,FIL,29342,
1817,kahit,FIL,29343,
1817,mag,FIL,29344,
1817,7,NUM,29345,
1817,yrs,ENG,29346,ABB
1817,na,FIL,29347,
1817,ngayong,FIL,29348,
1817,taon,FIL,29349,
1817,.,SYM,29350,
1818,Bat,FIL,29351,
1818,ang,FIL,29352,
1818,bobo,FIL,29353,
1818,mangatwiran,FIL,29354,
1818,ng,FIL,29355,
1818,mga,FIL,29356,
1818,inerereklamo,FIL,29357,
1818,nakakapikon,FIL,29358,
1818,yung,FIL,29359,
1818,mga,FIL,29360,
1818,sinasagot,FIL,29361,
1819,Mas,FIL,29362,
1819,madalas,FIL,29363,
1819,ring,FIL,29364,
1819,mamataan,FIL,29365,
1819,si,FIL,29366,
1819,KC,UNK,29367,NE
1819,kasama,FIL,29368,
1819,ang,FIL,29369,
1819,mga,FIL,29370,
1819,kapatid,FIL,29371,
1819,nito,FIL,29372,
1819,sa,FIL,29373,
1819,side,ENG,29374,
1819,ng,FIL,29375,
1819,kanyang,FIL,29376,
1819,ama,FIL,29377,
1819,na,FIL,29378,
1819,si,FIL,29379,
1819,Gabby,UNK,29380,NE
1819,Concepcion,UNK,29381,NE
1819,base,FIL,29382,
1819,sa,FIL,29383,
1819,mga,FIL,29384,
1819,nagdaang,FIL,29385,
1819,vlogs,ENG,29386,
1819,nito,FIL,29387,
1819,.,SYM,29388,
1821,Ang,FIL,29389,
1821,ba,FIL,29390,
1821,yan,FIL,29391,
1821,",",SYM,29392,
1821,pakasalan,FIL,29393,
1821,mo,FIL,29394,
1821,na,FIL,29395,
1821,Air,ENG,29396,
1821,fryer,ENG,29397,
1821,mo,FIL,29398,
1822,Ikinuwento,FIL,29399,
1822,rin,FIL,29400,
1822,ng,FIL,29401,
1822,OPM,FIL,29402,ABB
1822,artist,ENG,29403,
1822,na,FIL,29404,
1822,nag-propose,FIL,29405,
1822,siya,FIL,29406,
1822,sa,FIL,29407,
1822,kanyang,FIL,29408,
1822,partner,ENG,29409,
1822,nung,FIL,29410,
1822,taon,FIL,29411,
1822,ding,FIL,29412,
1822,iyon,FIL,29413,
1822,nang,FIL,29414,
1822,magbakasyon,FIL,29415,
1822,sila,FIL,29416,
1822,sa,FIL,29417,
1822,isla,FIL,29418,
1822,ng,FIL,29419,
1822,Siargao,UNK,29420,NE
1822,.,SYM,29421,
1823,Sana,FIL,29422,
1823,taung,FIL,29423,
1823,mga,FIL,29424,
1823,legal,ENG,29425,
1823,wife,ENG,29426,
1823,wag,FIL,29427,
1823,tau,FIL,29428,
1823,basta,FIL,29429,
1823,basta,FIL,29430,
1823,magagalit,FIL,29431,
1823,sa,FIL,29432,
1823,pinalit,FIL,29433,
1823,ng,FIL,29434,
1823,asawa,FIL,29435,
1823,natin,FIL,29436,
1823,kasi,FIL,29437,
1823,minsan,FIL,29438,
1823,lalaki,FIL,29439,
1823,nmn,FIL,29440,
1823,talaga,FIL,29441,
1823,ang,FIL,29442,
1823,may,FIL,29443,
1823,mali,FIL,29444,
1823,kadalasan,FIL,29445,
1823,nasasabi,FIL,29446,
1823,nlng,FIL,29447,
1823,wala,FIL,29448,
1823,silang,FIL,29449,
1823,asawa,FIL,29450,
1823,o,FIL,29451,
1823,wala,FIL,29452,
1823,silng,FIL,29453,
1823,pamilya,FIL,29454,
1824,Ikatlong,FIL,29455,
1824,kuweba,FIL,29456,
1824,Ang,FIL,29457,
1824,ikatlong,FIL,29458,
1824,kuweba,FIL,29459,
1824,ay,FIL,29460,
1824,natuklasan,FIL,29461,
1824,noong,FIL,29462,
1824,Marso,FIL,29463,NE
1824,.,SYM,29464,
1825,Kumpara,FIL,29465,
1825,sa,FIL,29466,
1825,impiyerno,FIL,29467,
1825,",",SYM,29468,
1825,mas,FIL,29469,
1825,matinding,FIL,29470,
1825,ginagawang,FIL,29471,
1825,tiwali,FIL,29472,
1825,ni,FIL,29473,
1825,Satanas,UNK,29474,NE
1825,ang,FIL,29475,
1825,Hades,UNK,29476,NE
1825,.,SYM,29477,
1826,ingat,FIL,29478,
1826,kayo,FIL,29479,
1826,dyan,FIL,29480,
1826,sa,FIL,29481,
1826,mga,FIL,29482,
1826,scam,ENG,29483,
1827,Para,FIL,29484,
1827,kay,FIL,29485,
1827,Vice,UNK,29486,NE
1827,",",SYM,29487,
1827,mas,FIL,29488,
1827,malandi,FIL,29489,
1827,ang,FIL,29490,
1827,mga,FIL,29491,
1827,lalake,FIL,29492,
1827,.,SYM,29493,
1829,Sa,FIL,29494,
1829,loob,FIL,29495,
1829,ng,FIL,29496,
1829,ilang,FIL,29497,
1829,tanan,FIL,29498,
1829,n,FIL,29499,
1829,pangyayari,FIL,29500,
1829,sa,FIL,29501,
1829,pulit,FIL,29502,
1829,ulit,FIL,29503,
1829,n,FIL,29504,
1829,ginawa,FIL,29505,
1829,di,FIL,29506,
1829,un,FIL,29507,
1829,rape,ENG,29508,
1829,kagustohan,FIL,29509,
1829,nang,FIL,29510,
1829,pariho,FIL,29511,
1829,nila,FIL,29512,
1829,.,SYM,29513,
1830,Syet,FIL,29514,
1830,feeling,ENG,29515,
1830,ko,FIL,29516,
1830,papabilikin,FIL,29517,
1830,ako,FIL,29518,
1830,sa,FIL,29519,
1830,site,ENG,29520,
1830,diko,FIL,29521,
1830,sadya,FIL,29522,
1830,na,FIL,29523,
1830,mawalan,FIL,29524,
1830,ng,FIL,29525,
1830,kuryente,FIL,29526,
1830,today,ENG,29527,
1830,depungal,FIL,29528,
1830,!,SYM,29529,
1831,Ang,FIL,29530,
1831,namayapang,FIL,29531,
1831,asawa,FIL,29532,
1831,ni,FIL,29533,
1831,Robredo,UNK,29534,NE
1831,",",SYM,29535,
1831,si,FIL,29536,
1831,Jesse,UNK,29537,NE
1831,Robredo,UNK,29538,NE
1831,",",SYM,29539,
1831,ang,FIL,29540,
1831,isa,FIL,29541,
1831,sa,FIL,29542,
1831,mga,FIL,29543,
1831,unang,FIL,29544,
1831,itinalaga,FIL,29545,
1831,ni,FIL,29546,
1831,Aquino,UNK,29547,NE
1831,sa,FIL,29548,
1831,kanyang,FIL,29549,
1831,gabinete,FIL,29550,
1831,pag-upo,FIL,29551,
1831,niya,FIL,29552,
1831,sa,FIL,29553,
1831,Malakanyang,FIL,29554,NE
1831,noong,FIL,29555,
1831,2010,NUM,29556,
1831,bilang,FIL,29557,
1831,kalihim,FIL,29558,
1831,ng,FIL,29559,
1831,Department,ENG,29560,NE
1831,of,ENG,29561,NE
1831,the,ENG,29562,NE
1831,Interior,ENG,29563,NE
1831,and,ENG,29564,NE
1831,Local,ENG,29565,NE
1831,Government,ENG,29566,NE
1832,pati,FIL,29567,
1832,mga,FIL,29568,
1832,bata,FIL,29569,
1832,nalason,FIL,29570,
1832,ang,FIL,29571,
1832,mga,FIL,29572,
1832,isip,FIL,29573,
1832,.,SYM,29574,
1834,Itutuloy,FIL,29575,
1834,ko,FIL,29576,
1834,paghahanap,FIL,29577,
1834,ng,FIL,29578,
1834,mga,FIL,29579,
1834,authors,ENG,29580,
1834,mamaya,FIL,29581,
1834,.,SYM,29582,
1836,May,FIL,29583,
1836,ibat,FIL,29584,
1836,ibang,FIL,29585,
1836,mga,FIL,29586,
1836,nota,FIL,29587,
1836,ang,FIL,29588,
1836,bawat,FIL,29589,
1836,butas,FIL,29590,
1836,.,SYM,29591,
1837,woaaa,UNK,29592,EXPR
1837,sige,FIL,29593,
1837,di,FIL,29594,
1837,na,FIL,29595,
1837,ko,FIL,29596,
1837,maaadik,FIL,29597,
1837,sa,FIL,29598,
1837,kape,FIL,29599,
1837,kaya,FIL,29600,
1837,talaga,FIL,29601,
1837,ako,FIL,29602,
1837,hirap,FIL,29603,
1837,matulog,FIL,29604,
1837,sa,FIL,29605,
1837,gabi,FIL,29606,
1837,lol,ENG,29607,ABB
1837,kahit,FIL,29608,
1837,umaga,FIL,29609,
1837,ko,FIL,29610,
1837,sya,FIL,29611,
1837,inumin,FIL,29612,
1837,haha,UNK,29613,EXPR
1838,Sabihin,FIL,29614,
1838,mo,FIL,29615,
1838,sa,FIL,29616,
1838,amo,FIL,29617,
1838,mong,FIL,29618,
1838,si,FIL,29619,
1838,Edge,UNK,29620,NE
1838,na,FIL,29621,
1838,huwag,FIL,29622,
1838,harangin,FIL,29623,
1838,ang,FIL,29624,
1838,mga,FIL,29625,
1838,exINC,UNK,29626,
1838,na,FIL,29627,
1838,dumadalaw,FIL,29628,
1838,sa,FIL,29629,
1838,blog,ENG,29630,
1838,niya,FIL,29631,
1838,.,SYM,29632,
1839,Nagbigay,FIL,29633,
1839,naman,FIL,29634,
1839,ng,FIL,29635,
1839,mensahe,FIL,29636,
1839,si,FIL,29637,
1839,Mygz,UNK,29638,NE
1839,sa,FIL,29639,
1839,pamilya,FIL,29640,
1839,ni,FIL,29641,
1839,Mahal,UNK,29642,NE
1839,.,SYM,29643,
1841,Nag,FIL,29644,
1841,bakasion,FIL,29645,
1841,po,FIL,29646,
1841,siya,FIL,29647,
1841,nakita,FIL,29648,
1841,ko,FIL,29649,
1841,po,FIL,29650,
1841,sa,FIL,29651,
1841,video,ENG,29652,
1841,ni,FIL,29653,
1841,ate,FIL,29654,
1841,esweet,UNK,29655,NE
1842,Pero,FIL,29656,
1842,totoo,FIL,29657,
1842,sobrAng,FIL,29658,
1842,ganda,FIL,29659,
1842,ng,FIL,29660,
1842,Kundiman,FIL,29661,NE
1842,.,SYM,29662,
1843,Bukod,FIL,29663,
1843,pa,FIL,29664,
1843,ito,FIL,29665,
1843,sa,FIL,29666,
1843,naunang,FIL,29667,
1843,P600,NUM,29668,
1843,",",SYM,29669,
1843,000,NUM,29670,
1843,patong,FIL,29671,
1843,sa,FIL,29672,
1843,ulo,FIL,29673,
1843,ng,FIL,29674,
1843,mga,FIL,29675,
1843,gun,ENG,29676,
1843,men,ENG,29677,
1843,na,FIL,29678,
1843,sina,FIL,29679,
1843,Rico,UNK,29680,NE
1843,Reyes,UNK,29681,NE
1843,at,FIL,29682,
1843,Narciso,UNK,29683,NE
1843,Santiago,UNK,29684,NE
1843,.,SYM,29685,
1844,Gagi,FIL,29686,
1844,nakalaru,FIL,29687,
1844,ko,FIL,29688,
1844,kaya,FIL,29689,
1844,ako,FIL,29690,
1844,yung,FIL,29691,
1844,lumabas,FIL,29692,
1844,sa,FIL,29693,
1844,Gabi,FIL,29694,
1844,na,FIL,29695,
1844,umulan,FIL,29696,
1846,Luluwas,FIL,29697,
1846,po,FIL,29698,
1846,sana,FIL,29699,
1846,ako,FIL,29700,
1846,ngayon,FIL,29701,
1846,di,FIL,29702,
1846,po,FIL,29703,
1846,kami,FIL,29704,
1846,natuloy,FIL,29705,
1846,.,SYM,29706,
1848,Sinong,FIL,29707,
1848,gustong,FIL,29708,
1848,ibalik,FIL,29709,
1848,ang,FIL,29710,
1848,martial,ENG,29711,
1848,law,ENG,29712,
1848,para,FIL,29713,
1848,maging,FIL,29714,
1848,mas,FIL,29715,
1848,happy,ENG,29716,
1848,ang,FIL,29717,
1848,mga,FIL,29718,
1848,pulis,FIL,29719,
1848,?,SYM,29720,
1850,dapat,FIL,29721,
1850,ibagsak,FIL,29722,
1850,din,FIL,29723,
1850,presyo,FIL,29724,
1850,ng,FIL,29725,
1850,axie,UNK,29726,NE
1850,eh,FIL,29727,
1850,.,SYM,29728,
1850,10k,NUM,29729,
1850,dapat,FIL,29730,
1850,my,ENG,29731,
1850,team,ENG,29732,
1850,kn,FIL,29733,ABB
1850,sa,FIL,29734,
1850,baba,FIL,29735,
1850,ng,FIL,29736,
1850,slp,ENG,29737,"ABB,NE"
1851,ay,FIL,29738,
1851,hindi,FIL,29739,
1851,ka,FIL,29740,
1851,nag,FIL,29741,
1851,iisa,FIL,29742,
1852,Well,UNK,29743,EXPR
1852,kung,FIL,29744,
1852,ako,FIL,29745,
1852,naman,FIL,29746,
1852,sasagot,FIL,29747,
1852,dyan,FIL,29748,
1852,sa,FIL,29749,
1852,Biblia,FIL,29750,NE
1852,na,FIL,29751,
1852,mismo,FIL,29752,
1852,at,FIL,29753,
1852,kayo,FIL,29754,
1852,nang,FIL,29755,
1852,bahalang,FIL,29756,
1852,umintindi,FIL,29757,
1852,.,SYM,29758,
1853,In,ENG,29759,
1853,fairness,ENG,29760,
1853,",",SYM,29761,
1853,ang,FIL,29762,
1853,daming,FIL,29763,
1853,kinilig,FIL,29764,
1853,sa,FIL,29765,
1853,challenge,ENG,29766,
1853,na,FIL,29767,
1853,ito,FIL,29768,
1853,na,FIL,29769,
1853,nagsasalamin,FIL,29770,
1853,sa,FIL,29771,
1853,masayang,FIL,29772,
1853,lovelife,ENG,29773,
1853,ng,FIL,29774,
1853,dalawa,FIL,29775,
1853,.,SYM,29776,
1854,Kaso,FIL,29777,
1854,ipaglalaban,FIL,29778,
1854,ko,FIL,29779,
1854,kung,FIL,29780,
1854,ano,FIL,29781,
1854,ang,FIL,29782,
1854,tama,FIL,29783,
1854,.,SYM,29784,
1855,Ayon,FIL,29785,
1855,naman,FIL,29786,
1855,kay,FIL,29787,
1855,",",SYM,29788,
1855,we,ENG,29789,
1855,love,ENG,29790,
1855,chin,UNK,29791,NE
1855,po,FIL,29792,
1855,sobra,FIL,29793,
1855,kaya,FIL,29794,
1855,ipagtanggol,FIL,29795,
1855,po,FIL,29796,
1855,namin,FIL,29797,
1855,siya,FIL,29798,
1855,sa,FIL,29799,
1855,mga,FIL,29800,
1855,bashers,ENG,29801,
1855,niya,FIL,29802,
1855,na,FIL,29803,
1855,Marites,FIL,29804,NE
1855,lang,FIL,29805,
1855,.,SYM,29806,
1856,Mga,FIL,29807,
1856,basic,ENG,29808,
1856,lamang,FIL,29809,
1856,itong,FIL,29810,
1856,mga,FIL,29811,
1856,light,ENG,29812,
1856,armored,ENG,29813,
1856,tank,ENG,29814,
1856,sa,FIL,29815,
1856,digmaan,FIL,29816,
1856,",",SYM,29817,
1856,ang,FIL,29818,
1856,pinakamalakas,FIL,29819,
1856,na,FIL,29820,
1856,armas,FIL,29821,
1856,ay,FIL,29822,
1856,yung,FIL,29823,
1856,missile,ENG,29824,
1856,at,FIL,29825,
1856,drones,ENG,29826,
1856,at,FIL,29827,
1856,mataas,FIL,29828,
1856,na,FIL,29829,
1856,uri,FIL,29830,
1856,ng,FIL,29831,
1856,fighter,ENG,29832,
1856,plane,ENG,29833,
1856,",",SYM,29834,
1856,at,FIL,29835,
1856,higit,FIL,29836,
1856,salahat,FIL,29837,
1856,pag,FIL,29838,
1856,may,FIL,29839,
1856,sariling,FIL,29840,
1856,satellite,ENG,29841,
1856,ang,FIL,29842,
1856,bansa,FIL,29843,
1856,namay,FIL,29844,
1856,kakayahang,FIL,29845,
1856,mag,FIL,29846,
1856,detect,ENG,29847,
1856,ng,FIL,29848,
1856,mga,FIL,29849,
1856,galaw,FIL,29850,
1856,sa,FIL,29851,
1856,lupa,FIL,29852,
1857,Iba,FIL,29853,
1857,pang,FIL,29854,
1857,Chika,FIL,29855,
1857,:,SYM,29856,
1857,AJ,UNK,29857,NE
1857,Raval,UNK,29858,NE
1857,nagbabalik,FIL,29859,
1857,social,ENG,29860,
1857,media,ENG,29861,
1857,matapos,FIL,29862,
1857,magtanggal,FIL,29863,
1857,ng,FIL,29864,
1857,posts,ENG,29865,
1857,sa,FIL,29866,
1857,Instagram,ENG,29867,NE
1857,Dingdong,UNK,29868,NE
1857,hindi,FIL,29869,
1857,basta-basta,FIL,29870,
1857,tumatanggap,FIL,29871,
1857,ng,FIL,29872,
1857,trabaho,FIL,29873,
1857,sa,FIL,29874,
1857,labas,FIL,29875,
1857,:,SYM,29876,
1857,Safety,ENG,29877,
1857,first,ENG,29878,
1857,pa,FIL,29879,
1857,rin,FIL,29880,
1857,ng,FIL,29881,
1857,pamilya,FIL,29882,
1857,!,SYM,29883,
1858,Isang,FIL,29884,
1858,30-anyos,UNK,29885,
1858,na,FIL,29886,
1858,buntis,FIL,29887,
1858,ang,FIL,29888,
1858,nasawi,FIL,29889,
1858,makaraang,FIL,29890,
1858,sumemplang,FIL,29891,
1858,ang,FIL,29892,
1858,sinasakyang,FIL,29893,
1858,motorsiklo,FIL,29894,
1858,dahil,FIL,29895,
1858,sa,FIL,29896,
1858,gulong,FIL,29897,
1858,na,FIL,29898,
1858,iniwan,FIL,29899,
1858,sa,FIL,29900,
1858,kalye,FIL,29901,
1858,ng,FIL,29902,
1858,isang,FIL,29903,
1858,lasing,FIL,29904,
1858,sa,FIL,29905,
1858,Pasuquin,UNK,29906,NE
1858,",",SYM,29907,
1858,Ilocos,UNK,29908,NE
1858,Norte,UNK,29909,NE
1858,.,SYM,29910,
1859,Sa,FIL,29911,
1859,nasabing,FIL,29912,
1859,bilang,FIL,29913,
1859,",",SYM,29914,
1859,1,NUM,29915,
1859,",",SYM,29916,
1859,722,NUM,29917,
1859,ang,FIL,29918,
1859,aktibo,FIL,29919,
1859,pang,FIL,29920,
1859,kaso,FIL,29921,
1859,.,SYM,29922,
1860,bahala,FIL,29923,
1860,ka,FIL,29924,
1860,sa,FIL,29925,
1860,buhay,FIL,29926,
1860,mo,FIL,29927,
1860,math,ENG,29928,
1860,",",SYM,29929,
1860,baket,FIL,29930,
1860,ako,FIL,29931,
1860,pa,FIL,29932,
1860,nagaayos,FIL,29933,
1860,ng,FIL,29934,
1860,problema,FIL,29935,
1860,mo,FIL,29936,
1861,Wag,FIL,29937,
1861,na,FIL,29938,
1861,pala,FIL,29939,
1861,ok,ENG,29940,
1861,na,FIL,29941,
1861,ako,FIL,29942,
1861,masaya,FIL,29943,
1861,na,FIL,29944,
1861,ako,FIL,29945,
1861,ket,FIL,29946,ABB
1861,Wala,FIL,29947,
1861,ako,FIL,29948,
1861,nyan,FIL,29949,
1861,HAHAHA,UNK,29950,EXPR
1862,ilang,FIL,29951,
1862,days,ENG,29952,
1862,na,FIL,29953,
1862,akong,FIL,29954,
1862,na-lss,UNK,29955,
1862,sa,FIL,29956,
1862,Christmas,ENG,29957,NE
1862,in,ENG,29958,
1862,my,ENG,29959,
1862,heart,ENG,29960,
1862,",",SYM,29961,
1862,and,ENG,29962,
1862,naghihintay,FIL,29963,
1862,ako,FIL,29964,
1862,ng,FIL,29965,
1862,cover,ENG,29966,
1862,mo,FIL,29967,
1862,Miss,ENG,29968,NE
1862,Clauds,UNK,29969,NE
1862,kasi,FIL,29970,
1862,same,ENG,29971,
1862,kayo,FIL,29972,
1862,ng,FIL,29973,
1862,voice,ENG,29974,
1862,.,SYM,29975,
1863,Josh,UNK,29976,NE
1863,sorry,ENG,29977,
1863,pero,FIL,29978,
1863,ang,FIL,29979,
1863,tagal,FIL,29980,
1863,mo,FIL,29981,
1863,na,FIL,29982,
1863,jan,FIL,29983,
1863,sa,FIL,29984,
1863,mavs,ENG,29985,NE
1863,",",SYM,29986,
1863,makita,FIL,29987,
1863,mo,FIL,29988,
1863,naman,FIL,29989,
1863,kahit,FIL,29990,
1863,konting,FIL,29991,
1863,ang,FIL,29992,
1863,improvement,ENG,29993,
1863,mo,FIL,29994,
1863,.,SYM,29995,
1865,Nabanggit,FIL,29996,
1865,ng,FIL,29997,
1865,senadora,FIL,29998,
1865,na,FIL,29999,
1865,ang,FIL,30000,
1865,kinikilalang,FIL,30001,
1865,real,ENG,30002,
1865,estate,ENG,30003,
1865,business,ENG,30004,
1865,ng,FIL,30005,
1865,kanilang,FIL,30006,
1865,pamilya,FIL,30007,
1865,ay,FIL,30008,
1865,nagsimula,FIL,30009,
1865,lamang,FIL,30010,
1865,sa,FIL,30011,
1865,maliit,FIL,30012,
1865,na,FIL,30013,
1865,sand,ENG,30014,
1865,and,ENG,30015,
1865,gravel,ENG,30016,
1865,company,ENG,30017,
1865,",",SYM,30018,
1865,kayat,FIL,30019,
1865,batid,FIL,30020,
1865,niya,FIL,30021,
1865,ang,FIL,30022,
1865,potensyal,FIL,30023,
1865,ng,FIL,30024,
1865,mga,FIL,30025,
1865,maliliit,FIL,30026,
1865,na,FIL,30027,
1865,negosyo,FIL,30028,
1866,Nakakainggit,FIL,30029,
1866,maging,FIL,30030,
1866,bata,FIL,30031,
1866,",",SYM,30032,
1866,ako,FIL,30033,
1866,ngayon,FIL,30034,
1866,malapit,FIL,30035,
1866,na,FIL,30036,
1866,gumraduate,FIL,30037,
1866,ng,FIL,30038,
1866,SHS,ENG,30039,ABB
1866,hindi,FIL,30040,
1866,pa,FIL,30041,
1866,rin,FIL,30042,
1866,alam,FIL,30043,
1866,ang,FIL,30044,
1866,balak,FIL,30045,
1866,sa,FIL,30046,
1866,buhay,FIL,30047,
1866,.,SYM,30048,
1867,Hindi,FIL,30049,
1867,na,FIL,30050,
1867,mabilang,FIL,30051,
1867,sa,FIL,30052,
1867,daliri,FIL,30053,
1867,ang,FIL,30054,
1867,mga,FIL,30055,
1867,parangal,FIL,30056,
1867,na,FIL,30057,
1867,natanggap,FIL,30058,
1867,niya,FIL,30059,
1867,",",SYM,30060,
1867,kabilang,FIL,30061,
1867,ang,FIL,30062,
1867,National,ENG,30063,NE
1867,Book,ENG,30064,NE
1867,Awards,ENG,30065,NE
1867,mula,FIL,30066,
1867,sa,FIL,30067,
1867,National,ENG,30068,NE
1867,Book,ENG,30069,NE
1867,Foundation,ENG,30070,NE
1867,",",SYM,30071,
1867,at,FIL,30072,
1867,ang,FIL,30073,
1867,prestihiyosong,FIL,30074,
1867,Carlos,UNK,30075,NE
1867,Palanca,UNK,30076,NE
1867,Memorial,ENG,30077,NE
1867,Awards,ENG,30078,NE
1867,.,SYM,30079,
1870,nawala,FIL,30080,
1870,ang,FIL,30081,
1870,kaluluwa,FIL,30082,
1870,ko,FIL,30083,
1870,sa,FIL,30084,
1870,joshtin,UNK,30085,NE
1870,lagayan,FIL,30086,
1870,ng,FIL,30087,
1870,sunblock,ENG,30088,
1870,!,SYM,30089,
1871,Nakakaawa,FIL,30090,
1871,nmn,FIL,30091,ABB
1871,yung,FIL,30092,
1871,mga,FIL,30093,
1871,mukha,FIL,30094,
1871,nila,FIL,30095,
1871,lalo,FIL,30096,
1871,na,FIL,30097,
1871,si,FIL,30098,
1871,rommel,UNK,30099,NE
1871,.,SYM,30100,
1872,Ang,FIL,30101,
1872,profile,ENG,30102,
1872,ko,FIL,30103,
1872,ay,FIL,30104,
1872,para,FIL,30105,
1872,lang,FIL,30106,
1872,po,FIL,30107,
1872,sa,FIL,30108,
1872,naniniwalang,FIL,30109,
1872,scanner,ENG,30110,
1872,ako,FIL,30111,
1872,at,FIL,30112,
1872,nakikipagbardahan,FIL,30113,
1872,with,ENG,30114,
1872,respect,ENG,30115,
1872,.,SYM,30116,
1873,Si,FIL,30117,
1873,elias,UNK,30118,NE
1873,ay,FIL,30119,
1873,si,FIL,30120,
1873,bro,ENG,30121,
1873,nagkathang,FIL,30122,
1873,tao,FIL,30123,
1873,dahil,FIL,30124,
1873,hindi,FIL,30125,
1873,nila,FIL,30126,
1873,nakuha,FIL,30127,
1873,ang,FIL,30128,
1873,kanilang,FIL,30129,
1873,mission,ENG,30130,
1873,noon,FIL,30131,
1873,at,FIL,30132,
1873,nawala,FIL,30133,
1873,ang,FIL,30134,
1873,rebolto,FIL,30135,
1873,ni,FIL,30136,
1873,bro,ENG,30137,
1873,sa,FIL,30138,
1873,simbahan,FIL,30139,
1873,kaya,FIL,30140,
1873,nagkathang,FIL,30141,
1873,tao,FIL,30142,
1873,sya,FIL,30143,
1873,yun,FIL,30144,
1873,ang,FIL,30145,
1873,kanyang,FIL,30146,
1873,mission,ENG,30147,
1873,para,FIL,30148,
1873,masubaybayan,FIL,30149,
1873,nya,FIL,30150,
1873,si,FIL,30151,
1873,mira,UNK,30152,NE
1874,Congrats,ENG,30153,
1874,po,FIL,30154,
1874,at,FIL,30155,
1874,mas,FIL,30156,
1874,maraming,FIL,30157,
1874,pagpapala,FIL,30158,
1874,ang,FIL,30159,
1874,ibigay,FIL,30160,
1874,sa,FIL,30161,
1874,inyo,FIL,30162,
1874,ni,FIL,30163,
1874,god,ENG,30164,
1874,.,SYM,30165,
1875,Last,ENG,30166,
1875,gifts,ENG,30167,
1875,na,FIL,30168,
1875,natanggap,FIL,30169,
1875,ko,FIL,30170,
1875,sa,FIL,30171,
1875,kanya,FIL,30172,
1875,kasi,FIL,30173,
1875,nga,FIL,30174,
1875,alam,FIL,30175,
1875,niya,FIL,30176,
1875,"""",SYM,30177,
1875,kulambo,UNK,30178,
1875,is,ENG,30179,
1875,life,UNK,30180,
1875,"""",SYM,30181,
1875,HAHHAHAHAHA,UNK,30182,EXPR
1876,Sinuportahan,FIL,30183,
1876,nya,FIL,30184,
1876,ang,FIL,30185,
1876,mga,FIL,30186,
1876,maling,FIL,30187,
1876,pamamalakad,FIL,30188,
1876,ng,FIL,30189,
1876,gobyerno,FIL,30190,
1876,.,SYM,30191,
1877,Pero,FIL,30192,
1877,kung,FIL,30193,
1877,tutuusin,FIL,30194,
1877,",",SYM,30195,
1877,tatlong,FIL,30196,
1877,beses,FIL,30197,
1877,dapat,FIL,30198,
1877,sa,FIL,30199,
1877,isang,FIL,30200,
1877,linggo,FIL,30201,
1877,ang,FIL,30202,
1877,pagpapa-dialysis,FIL,30203,
1877,ng,FIL,30204,
1877,asawa,FIL,30205,
1877,ni,FIL,30206,
1877,Mang,FIL,30207,NE
1877,Larry,UNK,30208,NE
1877,",",SYM,30209,
1877,ngunit,FIL,30210,
1877,hindi,FIL,30211,
1877,rin,FIL,30212,
1877,nila,FIL,30213,
1877,kayang,FIL,30214,
1877,tustusin,FIL,30215,
1877,ang,FIL,30216,
1877,ganito,FIL,30217,
1877,kadalasan,FIL,30218,
1877,na,FIL,30219,
1877,proseso,FIL,30220,
1877,.,SYM,30221,
1878,ito,FIL,30222,
1878,na,FIL,30223,
1878,ba,FIL,30224,
1878,ang,FIL,30225,
1878,twitter,ENG,30226,NE
1878,bardugalan,FIL,30227,
1879,Dapat,FIL,30228,
1879,lahat,FIL,30229,
1879,tayo,FIL,30230,
1879,iisa,FIL,30231,
1879,ang,FIL,30232,
1879,layunin,FIL,30233,
1879,.,SYM,30234,
1881,Samantalang,FIL,30235,
1881,ginawang,FIL,30236,
1881,circus,ENG,30237,
1881,ang,FIL,30238,
1881,pag-file,UNK,30239,
1881,ng,FIL,30240,
1881,CoC,ENG,30241,ABB
1881,at,FIL,30242,
1881,idadaan,FIL,30243,
1881,na,FIL,30244,
1881,naman,FIL,30245,
1881,sa,FIL,30246,
1881,last-minute,ENG,30247,
1881,replacement,ENG,30248,
1881,.,SYM,30249,
1882,I'm,ENG,30250,
1882,not,ENG,30251,
1882,joking,ENG,30252,
1882,nawawalan,FIL,30253,
1882,ako,FIL,30254,
1882,ng,FIL,30255,
1882,gana,FIL,30256,
1882,sa,FIL,30257,
1882,lahat,FIL,30258,
1882,HAHAHA,UNK,30259,EXPR
1883,Grabe,FIL,30260,
1883,pang,FIL,30261,
1883,teleserye,FIL,30262,
1883,sa,FIL,30263,
1883,teleserye,FIL,30264,
1883,ko,FIL,30265,
1883,lang,FIL,30266,
1883,napanood,FIL,30267,
1883,ang,FIL,30268,
1883,ganito,FIL,30269,
1884,Buesit,FIL,30270,
1884,ang,FIL,30271,
1884,lalaki,FIL,30272,
1884,na,FIL,30273,
1884,ganyan,FIL,30274,
1884,!,SYM,30275,
1885,kakaumay,FIL,30276,
1885,pati,FIL,30277,
1885,naman,FIL,30278,
1885,ako,FIL,30279,
1885,ay,FIL,30280,
1885,nadamay,FIL,30281,
1885,sa,FIL,30282,
1885,mga,FIL,30283,
1885,kaulagaan,FIL,30284,
1885,ni,FIL,30285,
1885,tita,FIL,30286,
1885,delot,UNK,30287,NE
1885,e,FIL,30288,
1885,kakaumayy,FIL,30289,
1886,Tama,FIL,30290,
1886,ang,FIL,30291,
1886,ginagawa,FIL,30292,
1886,ng,FIL,30293,
1886,magkakapatid,FIL,30294,
1886,.,SYM,30295,
1887,Ako,FIL,30296,
1887,lg,FIL,30297,ABB
1887,ba,FIL,30298,
1887,ang,FIL,30299,
1887,naniwalang,FIL,30300,
1887,si,FIL,30301,
1887,Cnine,UNK,30302,NE
1887,panalo,FIL,30303,
1887,dito,FIL,30304,
1887,?,SYM,30305,
1888,Ngunit,FIL,30306,
1888,ito,FIL,30307,
1888,ay,FIL,30308,
1888,mula,FIL,30309,
1888,sa,FIL,30310,
1888,Israel,UNK,30311,NE
1888,na,FIL,30312,
1888,Aking,FIL,30313,
1888,nilisan,FIL,30314,
1888,at,FIL,30315,
1888,mula,FIL,30316,
1888,roon,FIL,30317,
1888,na,FIL,30318,
1888,Ako,FIL,30319,
1888,ay,FIL,30320,
1888,dumating,FIL,30321,
1888,sa,FIL,30322,
1888,Silangan,FIL,30323,NE
1888,.,SYM,30324,
1889,Tuwang,FIL,30325,
1889,tuwa,FIL,30326,
1889,kayo,FIL,30327,
1889,na,FIL,30328,
1889,pinapahiya,FIL,30329,
1889,ang,FIL,30330,
1889,iba,FIL,30331,
1889,",",SYM,30332,
1889,pero,FIL,30333,
1889,kayo,FIL,30334,
1889,rin,FIL,30335,
1889,naman,FIL,30336,
1889,gumagawa,FIL,30337,
1889,.,SYM,30338,
1890,Unang,FIL,30339,
1890,panood,FIL,30340,
1890,ko,FIL,30341,
1890,iyak,FIL,30342,
1890,ako,FIL,30343,
1890,sa,FIL,30344,
1890,tuwa,FIL,30345,
1890,",",SYM,30346,
1890,habang,FIL,30347,
1890,tumatagal,FIL,30348,
1890,iyak,FIL,30349,
1890,sa,FIL,30350,
1890,lungkot,FIL,30351,
1890,na,FIL,30352,
1890,hindi,FIL,30353,
1890,ako,FIL,30354,
1890,sanay,FIL,30355,
1890,na,FIL,30356,
1890,may,FIL,30357,
1890,vlog,ENG,30358,
1890,kang,FIL,30359,
1890,malungkot,FIL,30360,
1890,pero,FIL,30361,
1890,ganun,FIL,30362,
1890,tlaga,FIL,30363,ABB
1890,ang,FIL,30364,
1890,buhay,FIL,30365,
1890,tiwala,FIL,30366,
1890,lang,FIL,30367,
1890,sa,FIL,30368,
1890,dios,FIL,30369,NE
1890,makakamtam,FIL,30370,
1890,nio,FIL,30371,ABB
1890,dn,FIL,30372,ABB
1890,yan,FIL,30373,ABB
1890,love,ENG,30374,
1890,you,ENG,30375,
1890,alex,UNK,30376,NE
1890,and,ENG,30377,
1890,mikie,UNK,30378,NE
1890,pasayahin,FIL,30379,
1890,mo,FIL,30380,
1890,ulit,FIL,30381,
1890,ako,FIL,30382,
1890,alex,UNK,30383,NE
1890,sa,FIL,30384,
1890,mga,FIL,30385,
1890,vlog,ENG,30386,
1890,mo,FIL,30387,
1891,tumatanggap,FIL,30388,
1891,ba,FIL,30389,
1891,kayo,FIL,30390,
1891,ng,FIL,30391,
1891,sama,FIL,30392,
1891,ng,FIL,30393,
1891,loob,FIL,30394,
1891,pambayad,FIL,30395,
1891,?,SYM,30396,
1892,Nakakadalawa,FIL,30397,
1892,pa,FIL,30398,
1892,lang,FIL,30399,
1892,si,FIL,30400,
1892,Erwan,UNK,30401,NE
1892,sa,FIL,30402,
1892,pagbubuhat,FIL,30403,
1892,ay,FIL,30404,
1892,nanginig,FIL,30405,
1892,na,FIL,30406,
1892,ang,FIL,30407,
1892,braso,FIL,30408,
1892,niya,FIL,30409,
1892,at,FIL,30410,
1892,hindi,FIL,30411,
1892,na,FIL,30412,
1892,nakayang,FIL,30413,
1892,itaas,FIL,30414,
1892,ang,FIL,30415,
1892,pangatlo,FIL,30416,
1892,.,SYM,30417,
1893,Kung,FIL,30418,
1893,nakatamo,FIL,30419,
1893,ka,FIL,30420,
1893,na,FIL,30421,
1893,ng,FIL,30422,
1893,kaunting,FIL,30423,
1893,liwanag,FIL,30424,
1893,mula,FIL,30425,
1893,sa,FIL,30426,
1893,nakapaloob,FIL,30427,
1893,sa,FIL,30428,
1893,salita,FIL,30429,
1893,ng,FIL,30430,
1893,Diyos,FIL,30431,NE
1893,at,FIL,30432,
1893,nadarama,FIL,30433,
1893,mo,FIL,30434,
1893,na,FIL,30435,
1893,ang,FIL,30436,
1893,tunay,FIL,30437,
1893,na,FIL,30438,
1893,kabuluhan,FIL,30439,
1893,ng,FIL,30440,
1893,salita,FIL,30441,
1893,ng,FIL,30442,
1893,Diyos,FIL,30443,NE
1893,",",SYM,30444,
1893,kung,FIL,30445,
1893,maipapahayag,FIL,30446,
1893,mo,FIL,30447,
1893,kung,FIL,30448,
1893,ano,FIL,30449,
1893,ang,FIL,30450,
1893,kalooban,FIL,30451,
1893,ng,FIL,30452,
1893,Diyos,FIL,30453,NE
1893,na,FIL,30454,
1893,nasa,FIL,30455,
1893,mga,FIL,30456,
1893,salitang,FIL,30457,
1893,iyon,FIL,30458,
1893,at,FIL,30459,
1893,kung,FIL,30460,
1893,ano,FIL,30461,
1893,ang,FIL,30462,
1893,sukdulang,FIL,30463,
1893,makakamit,FIL,30464,
1893,ng,FIL,30465,
1893,mga,FIL,30466,
1893,ito,FIL,30467,
1893,",",SYM,30468,
1893,sa,FIL,30469,
1893,sandaling,FIL,30470,
1893,malinaw,FIL,30471,
1893,na,FIL,30472,
1893,ang,FIL,30473,
1893,lahat,FIL,30474,
1893,ng,FIL,30475,
1893,ito,FIL,30476,
1893,bilang,FIL,30477,
1893,pagkakaroon,FIL,30478,
1893,ng,FIL,30479,
1893,kahit,FIL,30480,
1893,paanoy,FIL,30481,
1893,pagkaunawa,FIL,30482,
1893,sa,FIL,30483,
1893,salita,FIL,30484,
1893,ng,FIL,30485,
1893,Diyos,FIL,30486,NE
1893,.,SYM,30487,
1894,Marami,FIL,30488,
1894,cases,ENG,30489,
1894,sa,FIL,30490,
1894,babae,FIL,30491,
1894,ang,FIL,30492,
1894,ganyan,FIL,30493,
1894,di,FIL,30494,
1894,ka,FIL,30495,
1894,nagiisa,FIL,30496,
1894,.,SYM,30497,
1895,Una,FIL,30498,
1895,umanong,FIL,30499,
1895,kinabahan,FIL,30500,
1895,ang,FIL,30501,
1895,bilang,FIL,30502,
1895,mangingisda,FIL,30503,
1895,na,FIL,30504,
1895,nag,FIL,30505,
1895,-,SYM,30506,
1895,akalang,FIL,30507,
1895,sisitahin,FIL,30508,
1895,at,FIL,30509,
1895,huhulihin,FIL,30510,
1895,sila,FIL,30511,
1895,ng,FIL,30512,
1895,mga,FIL,30513,
1895,tauhan,FIL,30514,
1895,ng,FIL,30515,
1895,PCG,FIL,30516,"ABB,NE"
1895,Gayunman,FIL,30517,
1895,ay,FIL,30518,
1895,napalitan,FIL,30519,
1895,ng,FIL,30520,
1895,ngiti,FIL,30521,
1895,ang,FIL,30522,
1895,pagtataka,FIL,30523,
1895,ang,FIL,30524,
1895,mga,FIL,30525,
1895,mangingisda,FIL,30526,
1895,at,FIL,30527,
1895,residente,FIL,30528,
1895,nang,FIL,30529,
1895,abutan,FIL,30530,
1895,sila,FIL,30531,
1895,ng,FIL,30532,
1895,grocery,ENG,30533,
1895,at,FIL,30534,
1895,P100,UNK,30535,
1895,ng,FIL,30536,
1895,mga,FIL,30537,
1895,tauhan,FIL,30538,
1895,ng,FIL,30539,
1895,PCG,FIL,30540,"ABB,NE"
1895,Ang,FIL,30541,
1895,nabanggit,FIL,30542,
1895,na,FIL,30543,
1895,inisyatibo,FIL,30544,
1895,ng,FIL,30545,
1895,PCG,FIL,30546,"ABB,NE"
1895,ay,FIL,30547,
1895,naging,FIL,30548,
1895,matagumpay,FIL,30549,
1895,sa,FIL,30550,
1895,pakikipagtulungan,FIL,30551,
1895,ng,FIL,30552,
1895,907th,NUM,30553,
1895,PCG,FIL,30554,"ABB,NE"
1895,Auxiliary,ENG,30555,
1895,(,SYM,30556,
1895,PCGA,FIL,30557,"ABB,NE"
1895,),SYM,30558,
1895,Flotilla,ENG,30559,
1895,Squadron,ENG,30560,
1895,.,SYM,30561,
1896,wag,FIL,30562,
1896,po,FIL,30563,
1896,kayong,FIL,30564,
1896,huminto,FIL,30565,
1896,sayang,FIL,30566,
1896,lahat,FIL,30567,
1896,ng,FIL,30568,
1896,pinagpaguran,FIL,30569,
1896,nyo,FIL,30570,
1896,ng,FIL,30571,
1896,dahil,FIL,30572,
1896,lang,FIL,30573,
1896,sa,FIL,30574,
1896,ibang,FIL,30575,
1896,tao,FIL,30576,
1896,na,FIL,30577,
1896,mga,FIL,30578,
1896,walang,FIL,30579,
1896,namang,FIL,30580,
1896,bilang,FIL,30581,
1896,at,FIL,30582,
1896,ambag,FIL,30583,
1896,sa,FIL,30584,
1896,buhay,FIL,30585,
1896,nyo,FIL,30586,
1896,.,SYM,30587,
1898,ng,FIL,30588,
1898,maayos,FIL,30589,
1898,ulitin,FIL,30590,
1898,mo,FIL,30591,
1898,pa,FIL,30592,
1898,nawawalan,FIL,30593,
1898,nako,FIL,30594,
1898,ng,FIL,30595,
1898,respeto,FIL,30596,
1898,sayo,FIL,30597,
1898,.,SYM,30598,
1899,Makikita,FIL,30599,
1899,rin,FIL,30600,
1899,kasi,FIL,30601,
1899,sa,FIL,30602,
1899,mga,FIL,30603,
1899,litratong,FIL,30604,
1899,ibinahagi,FIL,30605,
1899,ni,FIL,30606,
1899,Andrea,UNK,30607,NE
1899,na,FIL,30608,
1899,kasama,FIL,30609,
1899,niya,FIL,30610,
1899,ang,FIL,30611,
1899,mga,FIL,30612,
1899,kaibigan,FIL,30613,
1899,sa,FIL,30614,
1899,showbiz,ENG,30615,
1899,na,FIL,30616,
1899,sina,FIL,30617,
1899,AC,UNK,30618,"ABB,NE"
1899,Bonifacio,UNK,30619,NE
1899,",",SYM,30620,
1899,Jeremy,UNK,30621,NE
1899,Glinoga,UNK,30622,NE
1899,",",SYM,30623,
1899,Awra,UNK,30624,NE
1899,Briguela,UNK,30625,NE
1899,",",SYM,30626,
1899,Darren,UNK,30627,NE
1899,Espanto,UNK,30628,NE
1899,",",SYM,30629,
1899,at,FIL,30630,
1899,iba,FIL,30631,
1899,pa,FIL,30632,
1899,.,SYM,30633,
1899,Sa,FIL,30634,
1899,19th,NUM,30635,
1899,birthday,ENG,30636,
1899,naman,FIL,30637,
1899,ni,FIL,30638,
1899,Andrea,UNK,30639,NE
1899,",",SYM,30640,
1899,pinutakti,FIL,30641,
1899,ng,FIL,30642,
1899,mga,FIL,30643,
1899,netizen,ENG,30644,
1899,ang,FIL,30645,
1899,birthday,ENG,30646,
1899,message,ENG,30647,
1899,ni,FIL,30648,
1899,Ricci,UNK,30649,NE
1899,para,FIL,30650,
1899,kay,FIL,30651,
1899,Blythe,UNK,30652,NE
1899,.,SYM,30653,
1900,Grabe,FIL,30654,
1900,yung,FIL,30655,
1900,kalaban,FIL,30656,
1900,nyo,FIL,30657,
1900,coach,ENG,30658,
1900,boxing,ENG,30659,
1900,ata,FIL,30660,
1900,laro,FIL,30661,
1900,hindi,FIL,30662,
1900,mo,FIL,30663,
1900,din,FIL,30664,
1900,masisi,FIL,30665,
1900,si,FIL,30666,
1900,uy,UNK,30667,EXPR
1900,kitang,FIL,30668,
1900,kita,FIL,30669,
1900,naman,FIL,30670,
1900,kasi,FIL,30671,
1900,lahat,FIL,30672,
1900,coach,ENG,30673,
1900,sa,FIL,30674,
1900,lahat,FIL,30675,
1900,ng,FIL,30676,
1900,laro,FIL,30677,
1900,nyo,FIL,30678,
1900,eto,FIL,30679,
1900,yung,FIL,30680,
1900,pinaka,FIL,30681,
1900,hindi,FIL,30682,
1900,ko,FIL,30683,
1900,nagustohan,FIL,30684,
1900,sa,FIL,30685,
1900,mga,FIL,30686,
1900,lalaban,FIL,30687,
1900,nyo,FIL,30688,
1900,yung,FIL,30689,
1900,mga,FIL,30690,
1900,ref,ENG,30691,ABB
1900,parang,FIL,30692,
1900,di,FIL,30693,
1900,marunong,FIL,30694,
1900,mag,FIL,30695,
1900,basketball,ENG,30696,
1900,e,FIL,30697,
1900,harap,FIL,30698,
1900,na,FIL,30699,
1900,nya,FIL,30700,
1900,si,FIL,30701,
1900,nem,UNK,30702,NE
1900,kitang,FIL,30703,
1900,kita,FIL,30704,
1900,bulag,FIL,30705,
1900,bulagan,FIL,30706,
1900,e,FIL,30707,
1900,mga,FIL,30708,
1900,lapuk,FIL,30709,
1900,e,FIL,30710,
1900,sobrang,FIL,30711,
1900,disiplina,FIL,30712,
1900,ng,FIL,30713,
1900,mga,FIL,30714,
1900,player,ENG,30715,
1900,ng,FIL,30716,
1900,mavs,ENG,30717,NE
1900,grabe,FIL,30718,
1900,sobra,FIL,30719,
1900,samantalang,FIL,30720,
1900,eto,FIL,30721,
1900,san,FIL,30722,NE
1900,isidro,FIL,30723,NE
1900,hay,UNK,30724,EXPR
1900,nako,FIL,30725,
1900,ayaw,FIL,30726,
1900,kona,FIL,30727,
1900,lang,FIL,30728,
1900,mag,FIL,30729,
1900,salita,FIL,30730,
1900,kitang,FIL,30731,
1900,kita,FIL,30732,
1900,naman,FIL,30733,
1901,Nitong,FIL,30734,
1901,Martes,FIL,30735,
1901,ng,FIL,30736,
1901,madaling,FIL,30737,
1901,araw,FIL,30738,
1901,",",SYM,30739,
1901,kinumbinsi,FIL,30740,
1901,ni,FIL,30741,
1901,Robredo,UNK,30742,NE
1901,ang,FIL,30743,
1901,mga,FIL,30744,
1901,tagasuporta,FIL,30745,
1901,nito,FIL,30746,
1901,na,FIL,30747,
1901,kumalma,FIL,30748,
1901,lang,FIL,30749,
1901,kasabay,FIL,30750,
1901,ng,FIL,30751,
1901,pagpapasalamat,FIL,30752,
1901,sa,FIL,30753,
1901,naging,FIL,30754,
1901,kontribusyon,FIL,30755,
1901,ng,FIL,30756,
1901,mga,FIL,30757,
1901,ito,FIL,30758,
1901,sa,FIL,30759,
1901,kanyang,FIL,30760,
1901,kampanya,FIL,30761,
1901,.,SYM,30762,
1902,HAHAHAHAHAHAH,UNK,30763,EXPR
1902,natakot,FIL,30764,
1902,talaga,FIL,30765,
1902,ako,FIL,30766,
1902,di,FIL,30767,
1902,ko,FIL,30768,
1902,alam,FIL,30769,
1902,nay,FIL,30770,
1902,mga,FIL,30771,
1902,rp,ENG,30772,ABB
1902,acca,UNK,30773,
1902,pala,FIL,30774,
1902,sila,FIL,30775,
1903,Nagsalita,FIL,30776,
1903,ang,FIL,30777,
1903,Diyos,FIL,30778,NE
1903,",",SYM,30779,
1903,Nagdadala,FIL,30780,
1903,Ako,FIL,30781,
1903,ng,FIL,30782,
1903,pagsunog,FIL,30783,
1903,",",SYM,30784,
1903,nagdadala,FIL,30785,
1903,ng,FIL,30786,
1903,poot,FIL,30787,
1903,",",SYM,30788,
1903,nagdadala,FIL,30789,
1903,ng,FIL,30790,
1903,lahat,FIL,30791,
1903,ng,FIL,30792,
1903,sakuna,FIL,30793,
1903,.,SYM,30794,
1904,Keber,FIL,30795,
1904,na,FIL,30796,
1904,rin,FIL,30797,
1904,sila,FIL,30798,
1904,sa,FIL,30799,
1904,mga,FIL,30800,
1904,naninirang-puri,FIL,30801,
1904,",",SYM,30802,
1904,pero,FIL,30803,
1904,hindi,FIL,30804,
1904,rin,FIL,30805,
1904,nila,FIL,30806,
1904,gagawin,FIL,30807,
1904,ito,FIL,30808,
1904,.,SYM,30809,
1905,be,ENG,30810,
1905,yung,FIL,30811,
1905,kaba,FIL,30812,
1905,ko,FIL,30813,
1905,ngayon,FIL,30814,
1905,lagpas,FIL,30815,
1905,height,ENG,30816,
1905,ko,FIL,30817,
1905,buseeeet,FIL,30818,
1905,kinakabahan,FIL,30819,
1905,na,FIL,30820,
1905,ako,FIL,30821,
1905,magpresent,UNK,30822,
1905,ng,FIL,30823,
1905,renal,ENG,30824,
1905,physio,ENG,30825,ABB
1905,!,SYM,30826,
1906,Tama,FIL,30827,
1906,hwag,FIL,30828,
1906,isiksik,FIL,30829,
1906,ang,FIL,30830,
1906,sarili,FIL,30831,
1906,sa,FIL,30832,
1906,taong,FIL,30833,
1906,ayaw,FIL,30834,
1906,saiyo,FIL,30835,
1906,dahil,FIL,30836,
1906,walang,FIL,30837,
1906,tahimik,FIL,30838,
1906,na,FIL,30839,
1906,buhay,FIL,30840,
1906,pagganyan,FIL,30841,
1907,Sa,FIL,30842,
1907,mga,FIL,30843,
1907,namumuno,FIL,30844,
1907,talaga,FIL,30845,
1907,ako,FIL,30846,
1907,may,FIL,30847,
1907,problema,FIL,30848,
1907,.,SYM,30849,
1908,Sa,FIL,30850,
1908,mga,FIL,30851,
1908,videos,ENG,30852,
1908,nyo,FIL,30853,
1908,natuto,FIL,30854,
1908,akong,FIL,30855,
1908,mgluto,FIL,30856,
1908,.,SYM,30857,
1909,Sana,FIL,30858,
1909,hindi,FIL,30859,
1909,maging,FIL,30860,
1909,madamot,FIL,30861,
1909,ang,FIL,30862,
1909,pagkakataon,FIL,30863,
1909,sa,FIL,30864,
1909,akin,FIL,30865,
1909,.,SYM,30866,
1910,Lord,ENG,30867,NE
1910,",",SYM,30868,
1910,kahit,FIL,30869,
1910,di,FIL,30870,
1910,na,FIL,30871,
1910,ko,FIL,30872,
1910,manalo,FIL,30873,
1910,basta,FIL,30874,
1910,kasama,FIL,30875,
1910,ako,FIL,30876,
1910,sa,FIL,30877,
1910,five,ENG,30878,
1910,persons,ENG,30879,
1910,na,FIL,30880,
1910,mananalo,FIL,30881,
1910,ng,FIL,30882,
1910,$10k,NUM,30883,
1910,!,SYM,30884,
1911,Kahit,FIL,30885,
1911,na,FIL,30886,
1911,Siya,FIL,30887,
1911,man,FIL,30888,
1911,ay,FIL,30889,
1911,gumagawa,FIL,30890,
1911,sa,FIL,30891,
1911,Israel,UNK,30892,NE
1911,o,FIL,30893,
1911,sa,FIL,30894,
1911,Tsina,FIL,30895,NE
1911,",",SYM,30896,
1911,kahit,FIL,30897,
1911,na,FIL,30898,
1911,ang,FIL,30899,
1911,gawain,FIL,30900,
1911,man,FIL,30901,
1911,ay,FIL,30902,
1911,isinasakatuparan,FIL,30903,
1911,ng,FIL,30904,
1911,Espiritu,FIL,30905,NE
1911,o,FIL,30906,
1911,ng,FIL,30907,
1911,katawang,FIL,30908,
1911,tao,FIL,30909,
1911,",",SYM,30910,
1911,ang,FIL,30911,
1911,lahat,FIL,30912,
1911,ay,FIL,30913,
1911,ginagawa,FIL,30914,
1911,ng,FIL,30915,
1911,Diyos,FIL,30916,NE
1911,Mismo,FIL,30917,
1911,",",SYM,30918,
1911,at,FIL,30919,
1911,hindi,FIL,30920,
1911,magagawa,FIL,30921,
1911,ng,FIL,30922,
1911,kahit,FIL,30923,
1911,na,FIL,30924,
1911,sino,FIL,30925,
1911,.,SYM,30926,
1912,Sana,FIL,30927,
1912,magkita,FIL,30928,
1912,tayo,FIL,30929,
1912,sa,FIL,30930,
1912,personal,ENG,30931,
1912,gusto,FIL,30932,
1912,kopo,FIL,30933,
1912,kayo,FIL,30934,
1912,makita,FIL,30935,
1912,support,ENG,30936,
1912,po,FIL,30937,
1912,ako,FIL,30938,
1912,sa,FIL,30939,
1912,mga,FIL,30940,
1912,vlog,ENG,30941,
1912,mo,FIL,30942,
1912,palagi,FIL,30943,
1912,po,FIL,30944,
1912,ako,FIL,30945,
1912,nano,FIL,30946,
1912,nood,FIL,30947,
1912,ako,FIL,30948,
1912,sa,FIL,30949,
1912,vlog,ENG,30950,
1912,mo,FIL,30951,
1912,sana,FIL,30952,
1912,mapansin,FIL,30953,
1912,moto,FIL,30954,
1913,Pero,FIL,30955,
1913,over,ENG,30956,
1913,all,ENG,30957,
1913,kahit,FIL,30958,
1913,maliit,FIL,30959,
1913,lang,FIL,30960,
1913,ang,FIL,30961,
1913,venue,ENG,30962,
1913,ng,FIL,30963,
1913,bahay,FIL,30964,
1913,ninyo,FIL,30965,
1913,naging,FIL,30966,
1913,maganda,FIL,30967,
1913,ang,FIL,30968,
1913,outcome,ENG,30969,
1913,ng,FIL,30970,
1913,wedding,ENG,30971,
1913,.,SYM,30972,
1914,Mother,ENG,30973,NE
1914,",",SYM,30974,
1914,hindi,FIL,30975,
1914,na,FIL,30976,
1914,naman,FIL,30977,
1914,nila,FIL,30978,
1914,bobonggahan,FIL,30979,
1914,ang,FIL,30980,
1914,support,ENG,30981,
1914,diyan,FIL,30982,
1914,.,SYM,30983,
1915,Pangalawa,FIL,30984,
1915,naman,FIL,30985,
1915,si,FIL,30986,
1915,Moreno,UNK,30987,NE
1915,na,FIL,30988,
1915,pinili,FIL,30989,
1915,ng,FIL,30990,
1915,14,NUM,30991,
1915,%,SYM,30992,
1915,ng,FIL,30993,
1915,respondents,ENG,30994,
1915,.,SYM,30995,
1916,Nagmanifest,UNK,30996,
1916,pa,FIL,30997,
1916,ako,FIL,30998,
1916,ng,FIL,30999,
1916,birthday,ENG,31000,
1916,dilig,FIL,31001,
1916,pero,FIL,31002,
1916,vaccine,ENG,31003,
1916,yung,FIL,31004,
1916,nakuha,FIL,31005,
1916,ko,FIL,31006,
1916,ang,FIL,31007,
1916,saya,FIL,31008,
1917,Wag,FIL,31009,
1917,maingay,FIL,31010,
1917,mga,FIL,31011,
1917,ginawang,FIL,31012,
1917,AI,ENG,31013,ABB
1917,ng,FIL,31014,
1917,bren,UNK,31015,NE
1917,.,SYM,31016,
1918,Nakalikom,FIL,31017,
1918,si,FIL,31018,
1918,Gomez,UNK,31019,NE
1918,ng,FIL,31020,
1918,two,ENG,31021,
1918,points,ENG,31022,
1918,",",SYM,31023,
1918,kasalo,FIL,31024,
1918,niya,FIL,31025,
1918,sa,FIL,31026,
1918,No,ENG,31027,ABB
1918,.,SYM,31028,
1919,Naawa,FIL,31029,
1919,ako,FIL,31030,
1919,kay,FIL,31031,
1919,nic,UNK,31032,NE
1919,pero,FIL,31033,
1919,at,ENG,31034,
1919,the,ENG,31035,
1919,same,ENG,31036,
1919,time,ENG,31037,
1919,natatawa,FIL,31038,
1919,ako,FIL,31039,
1919,hahahahha,UNK,31040,EXPR
1919,ang,FIL,31041,
1919,demonyo,FIL,31042,
1919,ko,FIL,31043,
1919,namang,FIL,31044,
1919,friend,ENG,31045,
1920,Walang-pangingimi,FIL,31046,
1920,niyang,FIL,31047,
1920,isinantabi,FIL,31048,
1920,ang,FIL,31049,
1920,Diyos,FIL,31050,NE
1920,",",SYM,31051,
1920,at,FIL,31052,
1920,inilalayo,FIL,31053,
1920,Siya,FIL,31054,
1920,",",SYM,31055,
1920,kung,FIL,31056,
1920,saan,FIL,31057,
1920,hindi,FIL,31058,
1920,Siya,FIL,31059,
1920,papansinin,FIL,31060,
1920,ng,FIL,31061,
1920,tao,FIL,31062,
1920,",",SYM,31063,
1920,lubhang,FIL,31064,
1920,natatakot,FIL,31065,
1920,na,FIL,31066,
1920,kukunin,FIL,31067,
1920,Niya,FIL,31068,
1920,ang,FIL,31069,
1920,kanilang,FIL,31070,
1920,pansin,FIL,31071,
1920,",",SYM,31072,
1920,at,FIL,31073,
1920,takot,FIL,31074,
1920,na,FIL,31075,
1920,takot,FIL,31076,
1920,na,FIL,31077,
1920,ang,FIL,31078,
1920,bukal,FIL,31079,
1920,ng,FIL,31080,
1920,buhay,FIL,31081,
1920,na,FIL,31082,
1920,tubig,FIL,31083,
1920,ng,FIL,31084,
1920,Diyos,FIL,31085,NE
1920,ay,FIL,31086,
1920,makakaakit,FIL,31087,
1920,sa,FIL,31088,
1920,tao,FIL,31089,
1920,",",SYM,31090,
1920,at,FIL,31091,
1920,makakamit,FIL,31092,
1920,ang,FIL,31093,
1920,tao,FIL,31094,
1920,.,SYM,31095,
1921,Sana,FIL,31096,
1921,Pahintulot,FIL,31097,
1921,ng,FIL,31098,
1921,Panginoong,FIL,31099,NE
1921,Diyos,FIL,31100,NE
1921,Na,FIL,31101,
1921,Manalo,FIL,31102,
1921,sa,FIL,31103,
1921,pagka,FIL,31104,
1921,presidente,FIL,31105,
1921,si,FIL,31106,
1921,Bong,UNK,31107,NE
1921,bong,UNK,31108,NE
1921,Marcos,UNK,31109,NE
1921,sobrang,FIL,31110,
1921,Hirap,FIL,31111,
1921,na,FIL,31112,
1921,kc,FIL,31113,ABB
1921,ng,FIL,31114,
1921,panahon,FIL,31115,
1921,ngayon,FIL,31116,
1921,Lahat,FIL,31117,
1921,ng,FIL,31118,
1921,bilihin,FIL,31119,
1921,pataas,FIL,31120,
1921,tapos,FIL,31121,
1921,yung,FIL,31122,
1921,sahod,FIL,31123,
1921,kulang,FIL,31124,
1921,na,FIL,31125,
1921,kulang,FIL,31126,
1921,sa,FIL,31127,
1921,pamilya,FIL,31128,
1922,gusto,FIL,31129,
1922,ko,FIL,31130,
1922,na,FIL,31131,
1922,po,FIL,31132,
1922,ng,FIL,31133,
1922,bagong,FIL,31134,
1922,phone,ENG,31135,
1922,kasi,FIL,31136,
1922,baka,FIL,31137,
1922,isipin,FIL,31138,
1922,nila,FIL,31139,
1922,pinagmamalaki,FIL,31140,
1922,ko,FIL,31141,
1922,na,FIL,31142,
1922,naka,FIL,31143,
1922,ip,ENG,31144,
1922,ako,FIL,31145,
1922,",",SYM,31146,
1922,dahil,FIL,31147,
1922,panay,FIL,31148,
1922,mirror,ENG,31149,
1922,shot,ENG,31150,
1922,mga,FIL,31151,
1922,mare,FIL,31152,
1922,sila,FIL,31153,
1922,front,ENG,31154,
1922,cam,ENG,31155,
1922,ko,FIL,31156,
1922,pls,ENG,31157,ABB
1922,lang,FIL,31158,
1923,Wala,FIL,31159,
1923,kayo,FIL,31160,
1923,talagang,FIL,31161,
1923,kakayahang,FIL,31162,
1923,kontrolin,FIL,31163,
1923,at,FIL,31164,
1923,pagbulay-bulayin,FIL,31165,
1923,ang,FIL,31166,
1923,inyong,FIL,31167,
1923,sarili,FIL,31168,
1923,.,SYM,31169,
1924,Naaliw,FIL,31170,
1924,ako,FIL,31171,
1924,",",SYM,31172,
1924,nakakatawa,FIL,31173,
1924,kayong,FIL,31174,
1924,4,NUM,31175,
1924,",",SYM,31176,
1924,Gv,ENG,31177,ABB
1924,talaga,FIL,31178,
1925,CROSS,ENG,31179,
1925,MY,ENG,31180,
1925,HEART,ENG,31181,
1925,*kahit,UNK,31182,
1925,kumain,FIL,31183,
1925,pa,FIL,31184,
1925,ako,FIL,31185,
1925,ng,FIL,31186,
1925,damo,FIL,31187,
1927,Binigyan,FIL,31188,
1927,napo,FIL,31189,
1927,kami,FIL,31190,
1927,ng,FIL,31191,
1927,palugit,FIL,31192,
1927,ng,FIL,31193,
1927,inuupahan,FIL,31194,
1927,namin,FIL,31195,
1927,.,SYM,31196,
1929,Kung,FIL,31197,
1929,hindi,FIL,31198,
1929,kami,FIL,31199,
1929,nagkakamali,FIL,31200,
1929,",",SYM,31201,
1929,ito,FIL,31202,
1929,ang,FIL,31203,
1929,kauna-unahang,FIL,31204,
1929,pagkakataon,FIL,31205,
1929,na,FIL,31206,
1929,sasabak,FIL,31207,
1929,ang,FIL,31208,
1929,aktor,FIL,31209,
1929,sa,FIL,31210,
1929,isang,FIL,31211,
1929,May-December,ENG,31212,
1929,love,ENG,31213,
1929,affair,ENG,31214,
1929,kung,FIL,31215,
1929,saan,FIL,31216,
1929,ang,FIL,31217,
1929,karakter,FIL,31218,
1929,niyang,FIL,31219,
1929,si,FIL,31220,
1929,Conrado,UNK,31221,NE
1929,ay,FIL,31222,
1929,mai-involve,FIL,31223,
1929,sa,FIL,31224,
1929,babaeng,FIL,31225,
1929,kaibigan,FIL,31226,
1929,ng,FIL,31227,
1929,kanyang,FIL,31228,
1929,anak,FIL,31229,
1929,na,FIL,31230,
1929,gagampanan,FIL,31231,
1929,nga,FIL,31232,
1929,ni,FIL,31233,
1929,Ayana,UNK,31234,NE
1929,na,FIL,31235,
1929,una,FIL,31236,
1929,namang,FIL,31237,
1929,napanood,FIL,31238,
1929,sa,FIL,31239,
1929,Vivamax,ENG,31240,NE
1929,original,ENG,31241,
1929,movies,ENG,31242,
1929,na,FIL,31243,
1929,Pornstar,ENG,31244,NE
1929,2,NUM,31245,
1929,at,FIL,31246,
1929,Siklo,FIL,31247,NE
1929,.,SYM,31248,
1930,Mamatay,FIL,31249,
1930,ang,FIL,31250,
1930,lalaki,FIL,31251,
1930,na,FIL,31252,
1930,yan,FIL,31253,
1930,ng,FIL,31254,
1930,dahil,FIL,31255,
1930,sa,FIL,31256,
1930,Alak,FIL,31257,
1930,.,SYM,31258,
1931,Ang,FIL,31259,
1931,role,ENG,31260,
1931,daw,FIL,31261,
1931,niya,FIL,31262,
1931,sa,FIL,31263,
1931,kampanya,FIL,31264,
1931,ay,FIL,31265,
1931,pag-entertain,UNK,31266,
1931,sa,FIL,31267,
1931,mga,FIL,31268,
1931,tao,FIL,31269,
1931,sa,FIL,31270,
1931,pamamagitan,FIL,31271,
1931,ng,FIL,31272,
1931,pagkanta,FIL,31273,
1931,",",SYM,31274,
1931,o,FIL,31275,
1931,kaya,FIL,31276,
1931,naman,FIL,31277,
1931,ay,FIL,31278,
1931,pagsasalita,FIL,31279,
1931,at,FIL,31280,
1931,panghihikayat,FIL,31281,
1931,na,FIL,31282,
1931,iboto,FIL,31283,
1931,ang,FIL,31284,
1931,kaniyang,FIL,31285,
1931,mister,ENG,31286,
1931,sa,FIL,31287,
1931,highest,ENG,31288,
1931,position,ENG,31289,
1931,in,ENG,31290,
1931,the,ENG,31291,
1931,land,ENG,31292,
1931,.,SYM,31293,
1932,Binasag,FIL,31294,
1932,na,FIL,31295,
1932,ni,FIL,31296,
1932,Jennylyn,UNK,31297,NE
1932,Mercado,UNK,31298,NE
1932,ang,FIL,31299,
1932,kanyang,FIL,31300,
1932,pananahimik,FIL,31301,
1932,sa,FIL,31302,
1932,isyu,FIL,31303,
1932,ng,FIL,31304,
1932,health,ENG,31305,
1932,condition,ENG,31306,
1932,at,FIL,31307,
1932,pregnancy,ENG,31308,
1932,issue,ENG,31309,
1932,sa,FIL,31310,
1932,kanya,FIL,31311,
1932,.,SYM,31312,
1933,Pero,FIL,31313,
1933,nang,FIL,31314,
1933,mabanggit,FIL,31315,
1933,ang,FIL,31316,
1933,isang,FIL,31317,
1933,Korean,ENG,31318,
1933,actor,ENG,31319,
1933,ay,FIL,31320,
1933,tila,FIL,31321,
1933,nagbago,FIL,31322,
1933,ang,FIL,31323,
1933,timpla,FIL,31324,
1933,ni,FIL,31325,
1933,Luis,UNK,31326,NE
1933,.,SYM,31327,
1934,Nag,FIL,31328,
1934,iipon,FIL,31329,
1934,naman,FIL,31330,
1934,ako,FIL,31331,
1934,pang,FIL,31332,
1934,placement,ENG,31333,
1934,fee,ENG,31334,
1934,kaso,FIL,31335,
1934,wala,FIL,31336,
1934,pa,FIL,31337,
1934,sa,FIL,31338,
1934,kalahati,FIL,31339,
1934,ang,FIL,31340,
1934,naiipon,FIL,31341,
1934,ko,FIL,31342,
1934,Wala,FIL,31343,
1934,din,FIL,31344,
1934,akong,FIL,31345,
1934,family,ENG,31346,
1934,relatives,ENG,31347,
1934,na,FIL,31348,
1934,gustong,FIL,31349,
1934,tumulong,FIL,31350,
1934,sakin,FIL,31351,
1934,para,FIL,31352,
1934,mag,FIL,31353,
1934,sponsor,ENG,31354,
1934,.,SYM,31355,
1935,Kakampink,FIL,31356,NE
1935,",",SYM,31357,
1935,katropa,FIL,31358,
1935,mo,FIL,31359,
1935,ako,FIL,31360,
1935,dito,FIL,31361,
1935,sa,FIL,31362,
1935,!,SYM,31363,
1937,Bukod,FIL,31364,
1937,sa,FIL,31365,
1937,logistic,ENG,31366,
1937,cost,ENG,31367,
1937,",",SYM,31368,
1937,sinabi,FIL,31369,
1937,ni,FIL,31370,
1937,Drilon,UNK,31371,NE
1937,na,FIL,31372,
1937,maaaring,FIL,31373,
1937,magkaroon,FIL,31374,
1937,ng,FIL,31375,
1937,korapsiyon,FIL,31376,
1937,kung,FIL,31377,
1937,ibibigay,FIL,31378,
1937,ang,FIL,31379,
1937,pera,FIL,31380,
1937,nang,FIL,31381,
1937,direkta,FIL,31382,
1937,sa,FIL,31383,
1937,mga,FIL,31384,
1937,lokal,FIL,31385,
1937,na,FIL,31386,
1937,opisyal,FIL,31387,
1937,.,SYM,31388,
1938,Kung,FIL,31389,
1938,pipikit,FIL,31390,
1938,ka,FIL,31391,
1938,at,FIL,31392,
1938,pakikinggan,FIL,31393,
1938,ang,FIL,31394,
1938,kanta,FIL,31395,
1938,niya,FIL,31396,
1938,Iisipin,FIL,31397,
1938,mo,FIL,31398,
1938,Si,FIL,31399,
1938,Sarah,UNK,31400,NE
1938,Geronimo,UNK,31401,NE
1938,Galing,FIL,31402,
1939,baqt,FIL,31403,
1939,di,FIL,31404,
1939,kayo,FIL,31405,
1939,nagjjoin,UNK,31406,
1939,sa,FIL,31407,
1939,zoom,ENG,31408,NE
1939,samahan,FIL,31409,
1939,niyo,FIL,31410,
1939,kaming,FIL,31411,
1939,mawalan,FIL,31412,
1939,ng,FIL,31413,
1939,dignidad,FIL,31414,
1939,here,ENG,31415,
1940,Pano,FIL,31416,
1940,po,FIL,31417,
1940,sumali,FIL,31418,
1940,sa,FIL,31419,
1940,inyo,FIL,31420,
1940,kuya,FIL,31421,
1940,khent,UNK,31422,NE
1940,sana,FIL,31423,
1940,po,FIL,31424,
1940,makasama,FIL,31425,
1940,ako,FIL,31426,
1941,ay,FIL,31427,
1941,wag,FIL,31428,
1941,ganon,FIL,31429,
1941,",",SYM,31430,
1941,poster,ENG,31431,
1941,ako,FIL,31432,
1941,baka,FIL,31433,
1941,pagsisihan,FIL,31434,
1941,mo,FIL,31435,
1942,Ninong,FIL,31436,
1942,anong,FIL,31437,
1942,mga,FIL,31438,
1942,recipe,ENG,31439,
1942,nyo,FIL,31440,
1942,para,FIL,31441,
1942,sa,FIL,31442,
1942,tamad,FIL,31443,
1942,at,FIL,31444,
1942,ayaw,FIL,31445,
1942,maghugas,FIL,31446,
1943,Sa,FIL,31447,
1943,sinabi,FIL,31448,
1943,palang,FIL,31449,
1943,niya,FIL,31450,
1943,na,FIL,31451,
1943,"""",SYM,31452,
1943,ang,UNK,31453,
1943,administrasyon,FIL,31454,
1943,ang,FIL,31455,
1943,nag,FIL,31456,
1943,desisyon,FIL,31457,
1943,na,FIL,31458,
1943,tumakbo,FIL,31459,
1943,siya,FIL,31460,
1943,is,ENG,31461,
1943,sobrang,FIL,31462,
1943,babaw,FIL,31463,
1943,na,FIL,31464,
1943,ng,FIL,31465,
1943,rason,FIL,31466,
1943,.,SYM,31467,
1944,Yung,FIL,31468,
1944,mga,FIL,31469,
1944,pumalit,FIL,31470,
1944,kasi,FIL,31471,
1944,at,FIL,31472,
1944,nagpatanggal,FIL,31473,
1944,sa,FIL,31474,
1944,pwesto,FIL,31475,
1944,ni,FIL,31476,
1944,ExPresiidentMarcos,UNK,31477,NE
1944,puro,FIL,31478,
1944,magnanakaw,FIL,31479,
1944,at,FIL,31480,
1944,ganid,FIL,31481,
1944,sa,FIL,31482,
1944,salapi,FIL,31483,
1944,",",SYM,31484,
1944,kaya,FIL,31485,
1944,superpower,ENG,31486,
1944,ang,FIL,31487,
1944,mga,FIL,31488,
1944,oligarko,FIL,31489,
1944,dito,FIL,31490,
1944,sa,FIL,31491,
1944,.,SYM,31492,
1944,pilipinas,FIL,31493,NE
1945,Sana,FIL,31494,
1945,maupload,FIL,31495,
1945,na,FIL,31496,
1945,ibang,FIL,31497,
1945,ep,ENG,31498,ABB
1945,ang,FIL,31499,
1945,ganda,FIL,31500,
1945,talaga,FIL,31501,
1946,Instrument,ENG,31502,
1946,kayo,FIL,31503,
1946,ng,FIL,31504,
1946,Lord,UNK,31505,NE
1946,para,FIL,31506,
1946,matulungan,FIL,31507,
1946,ang,FIL,31508,
1946,mga,FIL,31509,
1946,kapwa,FIL,31510,
1946,Pilipino,FIL,31511,NE
1946,.,SYM,31512,
1947,Sinabi,FIL,31513,
1947,ni,FIL,31514,
1947,Claudine,UNK,31515,NE
1947,na,FIL,31516,
1947,mahal,FIL,31517,
1947,niya,FIL,31518,
1947,ang,FIL,31519,
1947,mga,FIL,31520,
1947,ito,FIL,31521,
1947,",",SYM,31522,
1947,at,FIL,31523,
1947,it,ENG,31524,
1947,makes,ENG,31525,
1947,her,ENG,31526,
1947,sad,ENG,31527,
1947,na,FIL,31528,
1947,naiipit,FIL,31529,
1947,ang,FIL,31530,
1947,mga,FIL,31531,
1947,bata,FIL,31532,
1947,sa,FIL,31533,
1947,kanilang,FIL,31534,
1947,away,FIL,31535,
1947,.,SYM,31536,
1948,Nakaka,FIL,31537,
1948,good,ENG,31538,
1948,vibes,ENG,31539,
1948,",",SYM,31540,
1948,ang,FIL,31541,
1948,sya,FIL,31542,
1948,.,SYM,31543,
1950,Nang,FIL,31544,
1950,bumula,FIL,31545,
1950,ang,FIL,31546,
1950,bibig,FIL,31547,
1950,ng,FIL,31548,
1950,jumping,ENG,31549,
1950,lason,FIL,31550,
1950,mah,ENG,31551,
1950,dudes,ENG,31552,
1950,!,SYM,31553,
1951,Nasa,FIL,31554,
1951,kabuoang,FIL,31555,
1951,3,NUM,31556,
1951,",",SYM,31557,
1951,924,NUM,31558,
1951,naman,FIL,31559,
1951,ang,FIL,31560,
1951,mga,FIL,31561,
1951,gumaling,FIL,31562,
1951,.,SYM,31563,
1952,sa,FIL,31564,
1952,gdm,UNK,31565,ABB
1952,namin,FIL,31566,
1952,",",SYM,31567,
1952,hindi,FIL,31568,
1952,pwedeng,FIL,31569,
1952,wala,FIL,31570,
1952,kang,FIL,31571,
1952,typo,ENG,31572,
1952,",",SYM,31573,
1952,kapag,FIL,31574,
1952,walang,FIL,31575,
1952,typo,ENG,31576,
1952,tanggal,FIL,31577,
1952,HAHAHAHA,UNK,31578,EXPR
1953,Ang,FIL,31579,
1953,RT-PCR,UNK,31580,ABB
1953,test,ENG,31581,
1953,ay,FIL,31582,
1953,gagawin,FIL,31583,
1953,sa,FIL,31584,
1953,ikalimang,FIL,31585,
1953,araw,FIL,31586,
1953,ng,FIL,31587,
1953,quarantine,ENG,31588,
1953,.,SYM,31589,
1954,Waiting,ENG,31590,
1954,parin,FIL,31591,
1954,ako,FIL,31592,
1954,kuya,FIL,31593,
1954,vins,UNK,31594,NE
1954,sa,FIL,31595,
1954,full,ENG,31596,
1954,review,ENG,31597,
1954,ng,FIL,31598,
1954,redmi,UNK,31599,NE
1954,note,UNK,31600,NE
1954,11,NUM,31601,
1954,pr0,UNK,31602,
1955,may,FIL,31603,
1955,balak,FIL,31604,
1955,ulit,FIL,31605,
1955,ako,FIL,31606,
1955,mag-drop,FIL,31607,
1955,!,SYM,31608,
1956,Ilan,FIL,31609,
1956,bang,FIL,31610,
1956,tao,FIL,31611,
1956,",",SYM,31612,
1956,sa,FIL,31613,
1956,pagkatagpo,FIL,31614,
1956,sa,FIL,31615,
1956,sarili,FIL,31616,
1956,nilang,FIL,31617,
1956,lugar,FIL,31618,
1956,sa,FIL,31619,
1956,liwanag,FIL,31620,
1956,",",SYM,31621,
1956,ang,FIL,31622,
1956,nakakadama,FIL,31623,
1956,ng,FIL,31624,
1956,biglaang,FIL,31625,
1956,matinding,FIL,31626,
1956,kirot,FIL,31627,
1956,sa,FIL,31628,
1956,puso,FIL,31629,
1956,at,FIL,31630,
1956,napapaluha,FIL,31631,
1956,dahil,FIL,31632,
1956,sa,FIL,31633,
1956,kanilang,FIL,31634,
1956,mahabang,FIL,31635,
1956,mga,FIL,31636,
1956,taon,FIL,31637,
1956,ng,FIL,31638,
1956,kalungkutan,FIL,31639,
1956,?,SYM,31640,
1957,Ang,FIL,31641,
1957,hirap,FIL,31642,
1957,",",SYM,31643,
1957,puro,FIL,31644,
1957,ka,FIL,31645,
1957,dede,FIL,31646,
1957,wala,FIL,31647,
1957,kanamang,FIL,31648,
1957,utak,FIL,31649,
1958,Nanghihingi,FIL,31650,
1958,ng,FIL,31651,
1958,kiss,ENG,31652,
1958,sa,FIL,31653,
1958,chat,ENG,31654,
1959,Ang,FIL,31655,
1959,pogi,FIL,31656,
1959,ginawa,FIL,31657,
1959,ko,FIL,31658,
1959,tong,FIL,31659,
1959,header,ENG,31660,
1959,hahaha,UNK,31661,EXPR
1959,napalayas,FIL,31662,
1959,si,FIL,31663,
1959,chanyeol,UNK,31664,NE
1959,ng,FIL,31665,
1959,de,FIL,31666,
1959,oras,FIL,31667,
1960,Ngayon,FIL,31668,
1960,na,FIL,31669,
1960,lang,FIL,31670,
1960,ulit,FIL,31671,
1960,ako,FIL,31672,
1960,nanood,FIL,31673,
1960,ng,FIL,31674,
1960,vlog,ENG,31675,
1963,Nitong,FIL,31676,
1963,Hunyo,FIL,31677,
1963,lang,FIL,31678,
1963,",",SYM,31679,
1963,P163,NUM,31680,
1963,.,SYM,31681,
1963,3,NUM,31682,
1963,bilyon,FIL,31683,
1963,ang,FIL,31684,
1963,dinagdag,FIL,31685,
1963,na,FIL,31686,
1963,utang,FIL,31687,
1963,dahil,FIL,31688,
1963,malaki,FIL,31689,
1963,ang,FIL,31690,
1963,hinina,FIL,31691,
1963,sa,FIL,31692,
1963,koleksyon,FIL,31693,
1963,ng,FIL,31694,
1963,buwis,FIL,31695,
1963,nang,FIL,31696,
1963,maraming,FIL,31697,
1963,mga,FIL,31698,
1963,negosyo,FIL,31699,
1963,ang,FIL,31700,
1963,nalugi,FIL,31701,
1963,at,FIL,31702,
1963,nagsara,FIL,31703,
1963,dala,FIL,31704,
1963,ng,FIL,31705,
1963,lockdown,ENG,31706,
1963,at,FIL,31707,
1963,quarantine,ENG,31708,
1963,na,FIL,31709,
1963,isinagawa,FIL,31710,
1963,para,FIL,31711,
1963,awatin,FIL,31712,
1963,ang,FIL,31713,
1963,pagkalat,FIL,31714,
1963,ng,FIL,31715,
1963,COVID-19,ENG,31716,"ABB,NE"
1963,sa,FIL,31717,
1963,bansa,FIL,31718,
1963,.,SYM,31719,
1966,Sa,FIL,31720,
1966,oras,FIL,31721,
1966,na,FIL,31722,
1966,ito,FIL,31723,
1966,",",SYM,31724,
1966,inilalaan,FIL,31725,
1966,sa,FIL,31726,
1966,Akin,FIL,31727,
1966,ng,FIL,31728,
1966,lahat,FIL,31729,
1966,ng,FIL,31730,
1966,tao,FIL,31731,
1966,ang,FIL,31732,
1966,pinakamainam,FIL,31733,
1966,sa,FIL,31734,
1966,kanilang,FIL,31735,
1966,mga,FIL,31736,
1966,sarili,FIL,31737,
1966,.,SYM,31738,
1967,Naglaga,FIL,31739,
1967,si,FIL,31740,
1967,Manang,FIL,31741,
1967,Delia,UNK,31742,NE
1967,ng,FIL,31743,
1967,luya,FIL,31744,
1967,at,FIL,31745,
1967,Ito,FIL,31746,
1967,ang,FIL,31747,
1967,unti-unti,FIL,31748,
1967,ininom,FIL,31749,
1967,ni,FIL,31750,
1967,Lorena,UNK,31751,NE
1967,hanggang,FIL,31752,
1967,mahimasmasan,FIL,31753,
1967,.,SYM,31754,
1968,Happy,ENG,31755,
1968,Halloween,ENG,31756,NE
1968,sa,FIL,31757,
1968,mga,FIL,31758,
1968,ghoster,UNK,31759,
1968,dyan,FIL,31760,
1968,hahaha,UNK,31761,EXPR
1968,ang,FIL,31762,
1968,hotdog,ENG,31763,
1968,nyo,FIL,31764,
1968,akala,FIL,31765,
1968,ko,FIL,31766,
1968,ba,FIL,31767,
1968,kakain,FIL,31768,
1968,ka,FIL,31769,
1968,lang,FIL,31770,
1968,mukhang,FIL,31771,
1968,gutom,FIL,31772,
1968,na,FIL,31773,
1968,gutom,FIL,31774,
1968,ka,FIL,31775,
1969,solid,ENG,31776,
1969,kanina,FIL,31777,
1969,naka,FIL,31778,
1969,13,NUM,31779,
1969,wins,ENG,31780,
1969,ako,FIL,31781,
1969,kaso,FIL,31782,
1969,mgayon,FIL,31783,
1969,maalat,FIL,31784,
1969,3-6,NUM,31785,
1969,bukas,FIL,31786,
1969,ng,FIL,31787,
1969,madaling,FIL,31788,
1969,araw,FIL,31789,
1969,na,FIL,31790,
1969,lang,FIL,31791,
1969,laro,FIL,31792,
1969,hehehe,UNK,31793,EXPR
1969,salamat,FIL,31794,
1969,sa,FIL,31795,
1969,strat,ENG,31796,ABB
1969,at,FIL,31797,
1969,tutor,ENG,31798,
1969,sa,FIL,31799,
1969,mga,FIL,31800,
1969,laro,FIL,31801,
1970,Nakakasawa,FIL,31802,
1970,na,FIL,31803,
1970,itong,FIL,31804,
1970,balita,FIL,31805,
1970,na,FIL,31806,
1970,to,FIL,31807,
1970,napakadaming,FIL,31808,
1970,problema,FIL,31809,
1970,ng,FIL,31810,
1970,bansa,FIL,31811,
1970,para,FIL,31812,
1970,ikaw,FIL,31813,
1970,ng,FIL,31814,
1970,ikaw,FIL,31815,
1970,pagtuunan,FIL,31816,
1970,pansin,FIL,31817,
1970,!,SYM,31818,
1971,Tugon,FIL,31819,
1971,ito,FIL,31820,
1971,ng,FIL,31821,
1971,Palasyo,FIL,31822,NE
1971,sa,FIL,31823,
1971,hirit,FIL,31824,
1971,ng,FIL,31825,
1971,Commission,ENG,31826,NE
1971,on,ENG,31827,NE
1971,Human,ENG,31828,NE
1971,Rights,ENG,31829,NE
1971,(,SYM,31830,
1971,CHR,ENG,31831,"ABB,NE"
1971,),SYM,31832,
1971,na,FIL,31833,
1971,itigil,FIL,31834,
1971,ang,FIL,31835,
1971,sexist,ENG,31836,
1971,at,FIL,31837,
1971,misogynistic,ENG,31838,
1971,joke,ENG,31839,
1971,nito,FIL,31840,
1971,sa,FIL,31841,
1971,mga,FIL,31842,
1971,kababaihan,FIL,31843,
1971,.,SYM,31844,
1972,O,FIL,31845,
1972,di,FIL,31846,
1972,ngayon,FIL,31847,
1972,maluwang,FIL,31848,
1972,na,FIL,31849,
1972,ang,FIL,31850,
1972,traffic,ENG,31851,
1972,ng,FIL,31852,
1972,Maynila,FIL,31853,NE
1972,.,SYM,31854,
1973,andami,FIL,31855,
1973,niyong,FIL,31856,
1973,sinirang,FIL,31857,
1973,ngipin,FIL,31858,
1973,",",SYM,31859,
1973,dahil,FIL,31860,
1973,diyan,FIL,31861,
1973,sa,FIL,31862,
1973,pag,FIL,31863,
1973,hoard,ENG,31864,
1973,niyo,FIL,31865,
1973,ng,FIL,31866,
1973,milyon-milyon,FIL,31867,
1973,na,FIL,31868,
1973,baryang,FIL,31869,
1973,iyan,FIL,31870,
1973,.,SYM,31871,
1974,nakakakilig,FIL,31872,
1974,sana,FIL,31873,
1974,kayo,FIL,31874,
1974,ang,FIL,31875,
1974,magkatuluyan,FIL,31876,
1975,Naubos,FIL,31877,
1975,ko,FIL,31878,
1975,sa,FIL,31879,
1975,isang,FIL,31880,
1975,upuan,FIL,31881,
1976,grabe,FIL,31882,
1976,ang,FIL,31883,
1976,saya,FIL,31884,
1976,ko,FIL,31885,
1976,sa,FIL,31886,
1976,panaginip,FIL,31887,
1976,ko,FIL,31888,
1976,kahit,FIL,31889,
1976,papaano,FIL,31890,
1976,nayakap,FIL,31891,
1976,kita,FIL,31892,
1977,Kung,FIL,31893,
1977,feeling,ENG,31894,
1977,niyo,FIL,31895,
1977,nagbago,FIL,31896,
1977,o,FIL,31897,
1977,lumayo,FIL,31898,
1977,man,FIL,31899,
1977,siya,FIL,31900,
1977,",",SYM,31901,
1977,part,ENG,31902,
1977,yun,FIL,31903,
1977,ng,FIL,31904,
1977,pinagdaraanan,FIL,31905,
1977,niya,FIL,31906,
1977,.,SYM,31907,
1978,Mga,FIL,31908,
1978,Marcos,UNK,31909,NE
1978,jan,FIL,31910,
1978,nkapagpagawa,FIL,31911,
1978,ba,FIL,31912,
1978,ng,FIL,31913,
1978,KHit,FIL,31914,
1978,Isang,FIL,31915,
1978,condominiums,ENG,31916,
1978,man,FIL,31917,
1978,Lang,FIL,31918,
1978,sa,FIL,31919,
1978,mga,FIL,31920,
1978,mahihirap,FIL,31921,
1978,?,SYM,31922,
1979,Ayaw,FIL,31923,
1979,mo,FIL,31924,
1979,ng,FIL,31925,
1979,broken,ENG,31926,
1979,family,ENG,31927,
1979,",",SYM,31928,
1979,ayaw,FIL,31929,
1979,mong,FIL,31930,
1979,lumaki,FIL,31931,
1979,ang,FIL,31932,
1979,mga,FIL,31933,
1979,anak,FIL,31934,
1979,mo,FIL,31935,
1979,na,FIL,31936,
1979,walang,FIL,31937,
1979,ama,FIL,31938,
1979,.,SYM,31939,
1980,Walang,FIL,31940,
1980,bibiyahe,FIL,31941,
1980,kung,FIL,31942,
1980,hindi,FIL,31943,
1980,papatulan,FIL,31944,
1980,ang,FIL,31945,
1980,sobrang,FIL,31946,
1980,mahal,FIL,31947,
1980,ng,FIL,31948,
1980,s8ngil,UNK,31949,
1980,.,SYM,31950,
1981,Sino,FIL,31951,
1981,ba,FIL,31952,
1981,yung,FIL,31953,
1981,basher,ENG,31954,
1981,ng,FIL,31955,
1981,KMJS,FIL,31956,"ABB,NE"
1981,nakita,FIL,31957,
1981,nyo,FIL,31958,
1981,maraming,FIL,31959,
1981,naitulong,FIL,31960,
1981,ang,FIL,31961,
1981,KMJS,FIL,31962,"ABB,NE"
1981,Baka,FIL,31963,
1981,ikaw,FIL,31964,
1981,na,FIL,31965,
1981,ang,FIL,31966,
1981,matulungan,FIL,31967,
1982,Parang,FIL,31968,
1982,ang,FIL,31969,
1982,saya,FIL,31970,
1982,diyan,FIL,31971,
1982,tumira,FIL,31972,
1982,hehe,UNK,31973,EXPR
1983,tsismoso,FIL,31974,
1983,talaga,FIL,31975,
1983,tong,FIL,31976,
1983,mga,FIL,31977,
1983,to,FIL,31978,
1983,",",SYM,31979,
1983,pag,FIL,31980,
1983,nag-story,FIL,31981,
1983,ako,FIL,31982,
1983,ng,FIL,31983,
1983,kung,FIL,31984,
1983,anu-ano,FIL,31985,
1983,",",SYM,31986,
1983,konti,FIL,31987,
1983,nagvi-view,FIL,31988,
1983,.,SYM,31989,
1984,2,NUM,31990,
1984,am,ENG,31991,ABB
1984,ako,FIL,31992,
1984,natulog,FIL,31993,
1984,e,FIL,31994,
1984,gising,FIL,31995,
1984,ng,FIL,31996,
1984,5am,UNK,31997,
1984,buti,FIL,31998,
1984,gumagana,FIL,31999,
1984,utak,FIL,32000,
1984,ko,FIL,32001,
1984,sa,FIL,32002,
1984,pagsasagot,FIL,32003,
1985,The,ENG,32004,
1985,fact,ENG,32005,
1985,that,ENG,32006,
1985,andami,FIL,32007,
1985,mong,FIL,32008,
1985,inuuna,FIL,32009,
1985,kesa,FIL,32010,
1985,makinig,FIL,32011,
1985,sa,FIL,32012,
1985,mga,FIL,32013,
1985,sinasabi,FIL,32014,
1985,ko,FIL,32015,
1985,tapos,FIL,32016,
1985,maya,FIL,32017,
1985,maya,FIL,32018,
1985,ako,FIL,32019,
1985,nanaman,FIL,32020,
1985,pag,FIL,32021,
1985,iinitan,FIL,32022,
1985,mo,FIL,32023,
1985,ng,FIL,32024,
1985,ulo,FIL,32025,
1986,Yung,FIL,32026,
1986,ginawa,FIL,32027,
1986,pa,FIL,32028,
1986,akong,FIL,32029,
1986,judge,ENG,32030,
1986,ng,FIL,32031,
1986,dance,ENG,32032,
1986,bago,FIL,32033,
1986,ipost,FIL,32034,
1986,sa,FIL,32035,
1986,tiktok,UNK,32036,NE
1987,Nagulat,FIL,32037,
1987,ako,FIL,32038,
1987,ron,FIL,32039,
1987,sa,FIL,32040,
1987,intro,ENG,32041,
1990,Dahil,FIL,32042,
1990,alam,FIL,32043,
1990,nila,FIL,32044,
1990,si,FIL,32045,
1990,noli,UNK,32046,NE
1990,ay,FIL,32047,
1990,isang,FIL,32048,
1990,newscaster,ENG,32049,
1990,sya,FIL,32050,
1990,po,FIL,32051,
1990,ay,FIL,32052,
1990,magbabalita,FIL,32053,
1990,habang,FIL,32054,
1990,buhay,FIL,32055,
1990,.,SYM,32056,
1992,Sinabi,FIL,32057,
1992,ni,FIL,32058,
1992,Guiagui,UNK,32059,NE
1992,na,FIL,32060,
1992,sinimulan,FIL,32061,
1992,nila,FIL,32062,
1992,ang,FIL,32063,
1992,pagsasara,FIL,32064,
1992,sa,FIL,32065,
1992,mga,FIL,32066,
1992,kalsada,FIL,32067,
1992,na,FIL,32068,
1992,maaaring,FIL,32069,
1992,daanan,FIL,32070,
1992,ng,FIL,32071,
1992,mga,FIL,32072,
1992,deboto,FIL,32073,
1992,simula,FIL,32074,
1992,pa,FIL,32075,
1992,noong,FIL,32076,
1992,Biyernes,FIL,32077,NE
1992,kaya,FIL,32078,
1992,tiyak,FIL,32079,
1992,nila,FIL,32080,
1992,na,FIL,32081,
1992,walang,FIL,32082,
1992,makakalusot,FIL,32083,
1992,.,SYM,32084,
1993,Sana,FIL,32085,
1993,sa,FIL,32086,
1993,susunod,FIL,32087,
1993,na,FIL,32088,
1993,mga,FIL,32089,
1993,taon,FIL,32090,
1993,mapanood,FIL,32091,
1993,pa,FIL,32092,
1993,kita,FIL,32093,
1993,.,SYM,32094,
1994,At,FIL,32095,
1994,opposition,ENG,32096,
1994,talaga,FIL,32097,
1994,ako,FIL,32098,
1994,sa,FIL,32099,
1994,mga,FIL,32100,
1994,taong,FIL,32101,
1994,ang,FIL,32102,
1994,kakapal,FIL,32103,
1994,ng,FIL,32104,
1994,mukha,FIL,32105,
1994,tumakbo,FIL,32106,
1994,wala,FIL,32107,
1994,namang,FIL,32108,
1994,ginawa,FIL,32109,
1994,kundi,FIL,32110,
1994,maging,FIL,32111,
1994,pulpulitiko,FIL,32112,
1994,.,SYM,32113,
1995,Instant,ENG,32114,
1995,trending,ENG,32115,
1995,sa,FIL,32116,
1995,social,ENG,32117,
1995,media,ENG,32118,
1995,ang,FIL,32119,
1995,dalawang,FIL,32120,
1995,player,ENG,32121,
1995,dahil,FIL,32122,
1995,sa,FIL,32123,
1995,kanilang,FIL,32124,
1995,vintage,ENG,32125,
1995,performance,ENG,32126,
1995,para,FIL,32127,
1995,tulungan,FIL,32128,
1995,ang,FIL,32129,
1995,Lakers,ENG,32130,NE
1995,na,FIL,32131,
1995,masungkit,FIL,32132,
1995,ang,FIL,32133,
1995,panalo,FIL,32134,
1995,sa,FIL,32135,
1995,iskor,FIL,32136,
1995,na,FIL,32137,
1995,126-114,NUM,32138,
1995,.,SYM,32139,
1996,So,ENG,32140,
1996,bakit,FIL,32141,
1996,niyo,FIL,32142,
1996,pinipilit,FIL,32143,
1996,gibain,FIL,32144,
1996,siya,FIL,32145,
1996,.,SYM,32146,
1997,Pangit,FIL,32147,
1997,lamang,FIL,32148,
1997,ang,FIL,32149,
1997,ugali,FIL,32150,
1997,ng,FIL,32151,
1997,lipunan,FIL,32152,
1997,.,SYM,32153,
1998,Dapat,FIL,32154,
1998,malaman,FIL,32155,
1998,ng,FIL,32156,
1998,mga,FIL,32157,
1998,tao,FIL,32158,
1998,",",SYM,32159,
1998,sa,FIL,32160,
1998,pamamagitan,FIL,32161,
1998,ng,FIL,32162,
1998,pagkilala,FIL,32163,
1998,sa,FIL,32164,
1998,saloobin,FIL,32165,
1998,ng,FIL,32166,
1998,Diyos,FIL,32167,NE
1998,",",SYM,32168,
1998,kung,FIL,32169,
1998,paano,FIL,32170,
1998,nilang,FIL,32171,
1998,malalaman,FIL,32172,
1998,ang,FIL,32173,
1998,disposisyon,FIL,32174,
1998,ng,FIL,32175,
1998,Diyos,FIL,32176,NE
1998,at,FIL,32177,
1998,mauunawaan,FIL,32178,
1998,nang,FIL,32179,
1998,paunti,FIL,32180,
1998,unti,FIL,32181,
1998,ang,FIL,32182,
1998,Kanyang,FIL,32183,
1998,puso,FIL,32184,
1998,.,SYM,32185,
2000,Hindi,FIL,32186,
2000,nababawasan,FIL,32187,
2000,ang,FIL,32188,
2000,sakit,FIL,32189,
2000,",",SYM,32190,
2000,mas,FIL,32191,
2000,lalo,FIL,32192,
2000,lang,FIL,32193,
2000,tumitindi,FIL,32194,
2000,sa,FIL,32195,
2000,pagdaan,FIL,32196,
2000,ng,FIL,32197,
2000,araw,FIL,32198,
2000,.,SYM,32199,
2001,Kaya,FIL,32200,
2001,",",SYM,32201,
2001,sinasabing,FIL,32202,
2001,madaling,FIL,32203,
2001,maniwala,FIL,32204,
2001,ang,FIL,32205,
2001,tao,FIL,32206,
2001,basta,FIL,32207,
2001,may,FIL,32208,
2001,bahid,FIL,32209,
2001,ng,FIL,32210,
2001,karangyaan,FIL,32211,
2001,.,SYM,32212,
2002,Ayon,FIL,32213,
2002,kay,FIL,32214,
2002,Dong,UNK,32215,NE
2002,",",SYM,32216,
2002,lilimitahan,FIL,32217,
2002,na,FIL,32218,
2002,niya,FIL,32219,
2002,ngayon,FIL,32220,
2002,ang,FIL,32221,
2002,pagbabahagi,FIL,32222,
2002,sa,FIL,32223,
2002,publiko,FIL,32224,
2002,ng,FIL,32225,
2002,mga,FIL,32226,
2002,nangyayari,FIL,32227,
2002,sa,FIL,32228,
2002,mga,FIL,32229,
2002,anak,FIL,32230,
2002,nila,FIL,32231,
2002,ni,FIL,32232,
2002,Yanyan,UNK,32233,NE
2002,na,FIL,32234,
2002,sina,FIL,32235,
2002,Zia,UNK,32236,NE
2002,at,FIL,32237,
2002,Sixto,UNK,32238,NE
2002,Dantes,UNK,32239,NE
2002,.,SYM,32240,
2004,Pass,ENG,32241,
2004,sa,FIL,32242,
2004,mga,FIL,32243,
2004,marcos,UNK,32244,NE
2004,apologists,ENG,32245,
2004,though,ENG,32246,
2004,.,SYM,32247,
2006,Kung,FIL,32248,
2006,hindi,FIL,32249,
2006,mo,FIL,32250,
2006,malinaw,FIL,32251,
2006,na,FIL,32252,
2006,nalalaman,FIL,32253,
2006,ang,FIL,32254,
2006,gawain,FIL,32255,
2006,ng,FIL,32256,
2006,Diyos,FIL,32257,NE
2006,",",SYM,32258,
2006,magiging,FIL,32259,
2006,negatibo,FIL,32260,
2006,ka,FIL,32261,
2006,;,SYM,32262,
2006,ito,FIL,32263,
2006,ay,FIL,32264,
2006,dahil,FIL,32265,
2006,ang,FIL,32266,
2006,gawain,FIL,32267,
2006,ng,FIL,32268,
2006,Diyos,FIL,32269,NE
2006,ay,FIL,32270,
2006,makikita,FIL,32271,
2006,lamang,FIL,32272,
2006,sa,FIL,32273,
2006,iilang,FIL,32274,
2006,tao,FIL,32275,
2006,.,SYM,32276,
2007,Inamin,FIL,32277,
2007,ni,FIL,32278,
2007,Health,ENG,32279,NE
2007,Undersecretary,ENG,32280,NE
2007,Rosario,UNK,32281,NE
2007,Vergeire,UNK,32282,NE
2007,na,FIL,32283,
2007,matumal,FIL,32284,
2007,pa,FIL,32285,
2007,rin,FIL,32286,
2007,ang,FIL,32287,
2007,aplikante,FIL,32288,
2007,para,FIL,32289,
2007,sa,FIL,32290,
2007,health,ENG,32291,
2007,workers,ENG,32292,
2007,sa,FIL,32293,
2007,ilalim,FIL,32294,
2007,ng,FIL,32295,
2007,emergency,ENG,32296,
2007,hiring,ENG,32297,
2007,program,ENG,32298,
2007,ng,FIL,32299,
2007,Department,ENG,32300,NE
2007,of,ENG,32301,NE
2007,Health,ENG,32302,NE
2007,(,SYM,32303,
2007,DOH,ENG,32304,"ABB,NE"
2007,),SYM,32305,
2007,para,FIL,32306,
2007,tugunan,FIL,32307,
2007,ang,FIL,32308,
2007,kakapusan,FIL,32309,
2007,sa,FIL,32310,
2007,frontliners,ENG,32311,
2007,sa,FIL,32312,
2007,panahon,FIL,32313,
2007,ng,FIL,32314,
2007,pandemya,FIL,32315,
2007,.,SYM,32316,
2008,Naniniwala,FIL,32317,
2008,si,FIL,32318,
2008,Pangulong,FIL,32319,
2008,Rodrigo,UNK,32320,NE
2008,Duterte,UNK,32321,NE
2008,na,FIL,32322,
2008,kailangan,FIL,32323,
2008,ng,FIL,32324,
2008,martial,ENG,32325,
2008,law,ENG,32326,
2008,powers,ENG,32327,
2008,para,FIL,32328,
2008,maayos,FIL,32329,
2008,ang,FIL,32330,
2008,mga,FIL,32331,
2008,estero,FIL,32332,
2008,sa,FIL,32333,
2008,bansa,FIL,32334,
2008,na,FIL,32335,
2008,aniyay,FIL,32336,
2008,dahilan,FIL,32337,
2008,kung,FIL,32338,
2008,bakit,FIL,32339,
2008,madumi,FIL,32340,
2008,pa,FIL,32341,
2008,rin,FIL,32342,
2008,ang,FIL,32343,
2008,Manila,UNK,32344,NE
2008,Bay,ENG,32345,NE
2008,.,SYM,32346,
2010,Ang,FIL,32347,
2010,layo,FIL,32348,
2010,ko,FIL,32349,
2010,na,FIL,32350,
2010,kay,FIL,32351,
2010,God,ENG,32352,NE
2010,kaya,FIL,32353,
2010,siguro,FIL,32354,
2010,hindi,FIL,32355,
2010,n,FIL,32356,
2010,ako,FIL,32357,
2010,masaya,FIL,32358,
2010,sa,FIL,32359,
2010,buhay,FIL,32360,
2010,ko,FIL,32361,
2010,.,SYM,32362,
2011,Bumalik,FIL,32363,
2011,ako,FIL,32364,
2011,sa,FIL,32365,
2011,dinaanan,FIL,32366,
2011,ko,FIL,32367,
2011,para,FIL,32368,
2011,maabot,FIL,32369,
2011,ko,FIL,32370,
2011,sa,FIL,32371,
2011,kanya,FIL,32372,
2011,yung,FIL,32373,
2011,extra,ENG,32374,
2011,payong,FIL,32375,
2011,ko,FIL,32376,
2011,at,FIL,32377,
2011,naglakad,FIL,32378,
2011,na,FIL,32379,
2011,kami,FIL,32380,
2011,nang,FIL,32381,
2011,sabay,FIL,32382,
2011,.,SYM,32383,
2012,Ang,FIL,32384,
2012,ipon,FIL,32385,
2012,",",SYM,32386,
2012,maliit,FIL,32387,
2012,man,FIL,32388,
2012,o,FIL,32389,
2012,malaki,FIL,32390,
2012,",",SYM,32391,
2012,ay,FIL,32392,
2012,siguradong,FIL,32393,
2012,makatutulong,FIL,32394,
2012,sa,FIL,32395,
2012,mga,FIL,32396,
2012,biglaan,FIL,32397,
2012,o,FIL,32398,
2012,hindi,FIL,32399,
2012,inaasahang,FIL,32400,
2012,gastusin,FIL,32401,
2012,.,SYM,32402,
2013,bitin,FIL,32403,
2013,naman,FIL,32404,
2013,po,FIL,32405,
2013,ang,FIL,32406,
2013,vlog,ENG,32407,
2013,nyo,FIL,32408,
2013,hehe,UNK,32409,EXPR
2015,Ang,FIL,32410,
2015,lakas,FIL,32411,
2015,ng,FIL,32412,
2015,loob,FIL,32413,
2015,ipasara,FIL,32414,
2015,ang,FIL,32415,
2015,abs-cbn,FIL,32416,"ABB,NE"
2015,pero,FIL,32417,
2015,mas,FIL,32418,
2015,malupit,FIL,32419,
2015,pa,FIL,32420,
2015,Pala,FIL,32421,
2015,ang,FIL,32422,
2015,ginagawa,FIL,32423,
2015,nya,FIL,32424,
2015,lalo,FIL,32425,
2015,na,FIL,32426,
2015,sa,FIL,32427,
2015,mga,FIL,32428,
2015,bata,FIL,32429,
2015,at,FIL,32430,
2015,sa,FIL,32431,
2015,diyos,FIL,32432,NE
2017,Ang,FIL,32433,
2017,dramatic,ENG,32434,
2017,ng,FIL,32435,
2017,"""",SYM,32436,
2017,OH,ENG,32437,
2017,MY,ENG,32438,
2017,GODDDD,ENG,32439,
2017,"""",SYM,32440,
2017,ko,FIL,32441,
2017,habang,FIL,32442,
2017,nagbabasa,FIL,32443,
2017,ng,FIL,32444,
2017,double,ENG,32445,
2017,rainbow,ENG,32446,
2017,tapos,FIL,32447,
2017,hindi,FIL,32448,
2017,pala,FIL,32449,
2017,ako,FIL,32450,
2017,naka,FIL,32451,
2017,mute,ENG,32452,
2017,sa,FIL,32453,
2017,zoom,ENG,32454,NE
2017,shutaaaaaaa,FIL,32455,
2017,16,NUM,32456,
2017,sections,ENG,32457,
2017,ng,FIL,32458,
2017,univ,ENG,32459,ABB
2017,yung,FIL,32460,
2017,nandito,FIL,32461,
2017,?,SYM,32462,
2018,PS,UNK,32463,ABB
2018,hindi,FIL,32464,
2018,po,FIL,32465,
2018,ako,FIL,32466,
2018,ikakasal,FIL,32467,
2018,.,SYM,32468,
2019,Ang,FIL,32469,
2019,pmmigay,FIL,32470,
2019,ni,FIL,32471,
2019,money,ENG,32472,
2019,fuck,ENG,32473,
2019,ioa,UNK,32474,
2019,ng,FIL,32475,
2019,pera,FIL,32476,
2019,ay,FIL,32477,
2019,isang,FIL,32478,
2019,platandaan,FIL,32479,
2019,ang,FIL,32480,
2019,corruptions,FIL,32481,
2019,",",SYM,32482,
2019,huag,FIL,32483,
2019,pera,FIL,32484,
2019,ang,FIL,32485,
2019,ibigay,FIL,32486,
2019,mo,FIL,32487,
2019,",",SYM,32488,
2019,mga,FIL,32489,
2019,buto,FIL,32490,
2019,binhi,FIL,32491,
2019,ang,FIL,32492,
2019,ipamodmod,FIL,32493,
2019,mo,FIL,32494,
2019,para,FIL,32495,
2019,matto,FIL,32496,
2019,clang,FIL,32497,
2019,mgtanim,FIL,32498,
2019,at,FIL,32499,
2019,mgmura,FIL,32500,
2019,ang,FIL,32501,
2019,mga,FIL,32502,
2019,gulay,FIL,32503,
2019,c,UNK,32504,
2019,plenke,UNK,32505,NE
2019,",",SYM,32506,
2019,WATCHING,ENG,32507,
2019,FROM,ENG,32508,
2019,LONDON,ENG,32509,NE
2019,England,ENG,32510,NE
2019,.,SYM,32511,
2020,Hamlimbawa,FIL,32512,
2020,",",SYM,32513,
2020,mayroong,FIL,32514,
2020,ilang,FIL,32515,
2020,paligsahan,FIL,32516,
2020,na,FIL,32517,
2020,kung,FIL,32518,
2020,saan,FIL,32519,
2020,maaaring,FIL,32520,
2020,sumali,FIL,32521,
2020,ang,FIL,32522,
2020,isang,FIL,32523,
2020,mangaka,FIL,32524,
2020,",",SYM,32525,
2020,na,FIL,32526,
2020,sinusuportahan,FIL,32527,
2020,ng,FIL,32528,
2020,mga,FIL,32529,
2020,tagabago,FIL,32530,
2020,at,FIL,32531,
2020,tagalimbag,FIL,32532,
2020,ng,FIL,32533,
2020,manga,FIL,32534,
2020,.,SYM,32535,
2021,Sa,FIL,32536,
2021,ulat,FIL,32537,
2021,ni,FIL,32538,
2021,PSSgt,ENG,32539,ABB
2021,Albert,UNK,32540,NE
2021,Badocdoc,UNK,32541,NE
2021,",",SYM,32542,
2021,ng,FIL,32543,
2021,Bacoor,FIL,32544,NE
2021,City,ENG,32545,NE
2021,Police,ENG,32546,NE
2021,Station,ENG,32547,NE
2021,",",SYM,32548,
2021,alas-3:00,FIL,32549,
2021,ng,FIL,32550,
2021,hapon,FIL,32551,
2021,nang,FIL,32552,
2021,pasukin,FIL,32553,
2021,ng,FIL,32554,
2021,mga,FIL,32555,
2021,suspek,FIL,32556,
2021,na,FIL,32557,
2021,armado,FIL,32558,
2021,ng,FIL,32559,
2021,patalim,FIL,32560,
2021,ang,FIL,32561,
2021,bahay,FIL,32562,
2021,ng,FIL,32563,
2021,biktima,FIL,32564,
2021,.,SYM,32565,
2022,Grabeng,FIL,32566,
2022,laki,FIL,32567,
2022,ng,FIL,32568,
2022,sama,FIL,32569,
2022,ng,FIL,32570,
2022,loob,FIL,32571,
2022,ko,FIL,32572,
2022,kada,FIL,32573,
2022,reply,ENG,32574,
2022,at,FIL,32575,
2022,sagutan,FIL,32576,
2022,sa,FIL,32577,
2022,mga,FIL,32578,
2022,dds,ENG,32579,"ABB,NE"
2022,at,FIL,32580,
2022,marcos,UNK,32581,NE
2022,apologist,ENG,32582,
2022,.,SYM,32583,
2023,Ang,FIL,32584,
2023,lahat,FIL,32585,
2023,ay,FIL,32586,
2023,dapat,FIL,32587,
2023,makibahagi,FIL,32588,
2023,sa,FIL,32589,
2023,Diyos,FIL,32590,NE
2023,!,SYM,32591,
2024,Tactics,ENG,32592,
2024,lang,FIL,32593,
2024,yan,FIL,32594,
2024,ng,FIL,32595,
2024,mga,FIL,32596,
2024,Dilawan,FIL,32597,NE
2024,.,SYM,32598,
2025,Sa,FIL,32599,
2025,isang,FIL,32600,
2025,memorandum,ENG,32601,
2025,",",SYM,32602,
2025,inatasan,FIL,32603,
2025,ni,FIL,32604,
2025,Olivarez,UNK,32605,NE
2025,ang,FIL,32606,
2025,mga,FIL,32607,
2025,opisyal,FIL,32608,
2025,ng,FIL,32609,
2025,barangay,FIL,32610,
2025,na,FIL,32611,
2025,bantayan,FIL,32612,
2025,ang,FIL,32613,
2025,mga,FIL,32614,
2025,balikbayan,FIL,32615,
2025,sa,FIL,32616,
2025,kanilang,FIL,32617,
2025,lugar,FIL,32618,
2025,partikular,FIL,32619,
2025,ang,FIL,32620,
2025,mga,FIL,32621,
2025,galing,FIL,32622,
2025,sa,FIL,32623,
2025,South,ENG,32624,NE
2025,Africa,ENG,32625,NE
2025,",",SYM,32626,
2025,Europe,ENG,32627,NE
2025,at,FIL,32628,
2025,UK,ENG,32629,"ABB,NE"
2025,kung,FIL,32630,
2025,saan,FIL,32631,
2025,nagmula,FIL,32632,
2025,ang,FIL,32633,
2025,bagong,FIL,32634,
2025,bersyon,FIL,32635,
2025,ng,FIL,32636,
2025,Covid,ENG,32637,NE
2025,na,FIL,32638,
2025,sinasabing,FIL,32639,
2025,mas,FIL,32640,
2025,mabilis,FIL,32641,
2025,makahawa,FIL,32642,
2025,sa,FIL,32643,
2025,tao,FIL,32644,
2025,.,SYM,32645,
2026,May,FIL,32646,
2026,pang-gastus,FIL,32647,
2026,sa,FIL,32648,
2026,billoard,ENG,32649,
2026,kay,FIL,32650,
2026,Jennie,UNK,32651,NE
2026,ng,FIL,32652,
2026,BP,ENG,32653,"ABB,NE"
2026,peti,FIL,32654,
2026,walang,FIL,32655,
2026,pang-sustento,FIL,32656,
2026,sa,FIL,32657,
2026,anak,FIL,32658,
2026,?,SYM,32659,
2027,Kayo,FIL,32660,
2027,po,FIL,32661,
2027,na,FIL,32662,
2027,mga,FIL,32663,
2027,taga,FIL,32664,
2027,eat,ENG,32665,NE
2027,bulaga,FIL,32666,NE
2027,ang,FIL,32667,
2027,nagbibigay,FIL,32668,
2027,saya,FIL,32669,
2027,sa,FIL,32670,
2027,tanghalian,FIL,32671,
2027,thankyou,ENG,32672,
2027,po,FIL,32673,
2027,na,FIL,32674,
2027,bigay,FIL,32675,
2027,na,FIL,32676,
2027,saya,FIL,32677,
2028,Base,FIL,32678,
2028,sa,FIL,32679,
2028,video,ENG,32680,
2028,post,ENG,32681,
2028,ng,FIL,32682,
2028,netizen,ENG,32683,
2028,na,FIL,32684,
2028,si,FIL,32685,
2028,na,FIL,32686,
2028,naka-tag,FIL,32687,
2028,pa,FIL,32688,
2028,si,FIL,32689,
2028,Angel,UNK,32690,NE
2028,",",SYM,32691,
2028,Yung,FIL,32692,
2028,bigla,FIL,32693,
2028,siyang,FIL,32694,
2028,lumapit,FIL,32695,
2028,sa,FIL,32696,
2028,tatay,FIL,32697,
2028,ng,FIL,32698,
2028,isang,FIL,32699,
2028,baby,ENG,32700,
2028,kasi,FIL,32701,
2028,naririnig,FIL,32702,
2028,niyang,FIL,32703,
2028,umiiyak,FIL,32704,
2028,.,SYM,32705,
2029,Paliwanag,FIL,32706,
2029,ng,FIL,32707,
2029,dating,FIL,32708,
2029,health,ENG,32709,
2029,secretary,ENG,32710,
2029,",",SYM,32711,
2029,kung,FIL,32712,
2029,matitiyak,FIL,32713,
2029,ng,FIL,32714,
2029,pamahalaan,FIL,32715,
2029,na,FIL,32716,
2029,mabibigyan,FIL,32717,
2029,ng,FIL,32718,
2029,financial,ENG,32719,
2029,assistance,ENG,32720,
2029,ang,FIL,32721,
2029,government,ENG,32722,
2029,hospitals,ENG,32723,
2029,ay,FIL,32724,
2029,maaari,FIL,32725,
2029,itong,FIL,32726,
2029,gawing,FIL,32727,
2029,pagamutan,FIL,32728,
2029,na,FIL,32729,
2029,para,FIL,32730,
2029,lamang,FIL,32731,
2029,sa,FIL,32732,
2029,mga,FIL,32733,
2029,COVID-19,ENG,32734,"ABB,NE"
2029,patients,ENG,32735,
2029,upang,FIL,32736,
2029,ma-maximize,FIL,32737,
2029,ang,FIL,32738,
2029,resources,ENG,32739,
2029,nito,FIL,32740,
2029,.,SYM,32741,
2030,Sa,FIL,32742,
2030,inisyal,FIL,32743,
2030,na,FIL,32744,
2030,imbestigasyon,FIL,32745,
2030,",",SYM,32746,
2030,madulas,FIL,32747,
2030,umano,FIL,32748,
2030,ang,FIL,32749,
2030,kalsada,FIL,32750,
2030,kaya,FIL,32751,
2030,nawalan,FIL,32752,
2030,ng,FIL,32753,
2030,kontrol,FIL,32754,
2030,sa,FIL,32755,
2030,sasakyan,FIL,32756,
2030,ang,FIL,32757,
2030,driver,ENG,32758,
2030,.,SYM,32759,
2031,Matatandaang,FIL,32760,
2031,dalawang,FIL,32761,
2031,beses,FIL,32762,
2031,na,FIL,32763,
2031,ipinagpaliban,FIL,32764,
2031,ang,FIL,32765,
2031,pagbawi,FIL,32766,
2031,sa,FIL,32767,
2031,VFA,ENG,32768,ABB
2031,matapos,FIL,32769,
2031,ihayag,FIL,32770,
2031,ng,FIL,32771,
2031,pangulo,FIL,32772,
2031,na,FIL,32773,
2031,puputulin,FIL,32774,
2031,na,FIL,32775,
2031,ang,FIL,32776,
2031,kasunduan,FIL,32777,
2031,sa,FIL,32778,
2031,Amerika,UNK,32779,NE
2031,dahil,FIL,32780,
2031,hindi,FIL,32781,
2031,umano,FIL,32782,
2031,ibinibigay,FIL,32783,
2031,ang,FIL,32784,
2031,dapat,FIL,32785,
2031,na,FIL,32786,
2031,matanggap,FIL,32787,
2031,ng,FIL,32788,
2031,Pilipinas,FIL,32789,NE
2031,batay,FIL,32790,
2031,sa,FIL,32791,
2031,nakapaloob,FIL,32792,
2031,sa,FIL,32793,
2031,Mutual,ENG,32794,NE
2031,Defense,ENG,32795,NE
2031,Treaty,ENG,32796,NE
2031,.,SYM,32797,
2032,inexpose,FIL,32798,
2032,ko,FIL,32799,
2032,ang,FIL,32800,
2032,aking,FIL,32801,
2032,sarili,FIL,32802,
2032,sa,FIL,32803,
2032,account,ENG,32804,
2032,na,FIL,32805,
2032,ito,FIL,32806,
2032,",",SYM,32807,
2032,hindi,FIL,32808,
2032,kasi,FIL,32809,
2032,nagchecheck,FIL,32810,
2033,umagang-umaga,FIL,32811,
2033,binabadtrip,FIL,32812,
2033,ako,FIL,32813,
2033,e,FIL,32814,
2033,tama,FIL,32815,
2033,bang,FIL,32816,
2033,ihulog,FIL,32817,
2033,yung,FIL,32818,
2033,cellphone,ENG,32819,
2033,ko,FIL,32820,
2033,ng,FIL,32821,
2033,sadya,FIL,32822,
2033,?,SYM,32823,
2034,Habang,FIL,32824,
2034,sinusulat,FIL,32825,
2034,ito,FIL,32826,
2034,ay,FIL,32827,
2034,mainit,FIL,32828,
2034,ang,FIL,32829,
2034,balita,FIL,32830,
2034,na,FIL,32831,
2034,gusto,FIL,32832,
2034,siyang,FIL,32833,
2034,kunin,FIL,32834,
2034,ng,FIL,32835,
2034,grupo,FIL,32836,
2034,ni,FIL,32837,
2034,Villar,UNK,32838,NE
2034,.,SYM,32839,
2035,BBmSARA,FIL,32840,"ABB,NE"
2035,sure,ENG,32841,
2035,na,FIL,32842,
2035,pagbangon,FIL,32843,
2035,ng,FIL,32844,
2035,Pilipinas,FIL,32845,NE
2035,.,SYM,32846,
2036,Ayon,FIL,32847,
2036,sa,FIL,32848,
2036,biktima,FIL,32849,
2036,",",SYM,32850,
2036,sakay,FIL,32851,
2036,siya,FIL,32852,
2036,sa,FIL,32853,
2036,kanyang,FIL,32854,
2036,motosiklo,FIL,32855,
2036,ala-1:30,UNK,32856,
2036,Huwebes,FIL,32857,
2036,ng,FIL,32858,
2036,hapon,FIL,32859,
2036,patungo,FIL,32860,
2036,sa,FIL,32861,
2036,direksyon,FIL,32862,
2036,ng,FIL,32863,
2036,Bgry,FIL,32864,ABB
2036,Niog,UNK,32865,NE
2036,nang,FIL,32866,
2036,harangin,FIL,32867,
2036,siya,FIL,32868,
2036,ng,FIL,32869,
2036,dalawang,FIL,32870,
2036,motorsiklo,FIL,32871,
2036,na,FIL,32872,
2036,may,FIL,32873,
2036,angkas,FIL,32874,
2036,at,FIL,32875,
2036,hinarang,FIL,32876,
2036,ang,FIL,32877,
2036,kanyang,FIL,32878,
2036,sasakyan,FIL,32879,
2036,.,SYM,32880,
2037,Wala,FIL,32881,
2037,na,FIL,32882,
2037,kayong,FIL,32883,
2037,magawa,FIL,32884,
2037,mga,FIL,32885,
2037,dilawan,FIL,32886,
2037,!,SYM,32887,
2038,6:18,NUM,32888,
2038,di,FIL,32889,
2038,na,FIL,32890,
2038,kinaya,FIL,32891,
2038,ang,FIL,32892,
2038,Tigil,FIL,32893,NE
2038,Tikol,FIL,32894,NE
2038,kaya,FIL,32895,
2038,pinutol,FIL,32896,
2038,nalang,FIL,32897,
2038,.,SYM,32898,
2039,Oo,FIL,32899,
2039,babagsak,FIL,32900,
2039,na,FIL,32901,
2039,ako,FIL,32902,
2039,sa,FIL,32903,
2039,sakit,FIL,32904,
2039,Ng,FIL,32905,
2039,ulo,FIL,32906,
2039,ko,FIL,32907,
2041,lagi,FIL,32908,
2041,pa,FIL,32909,
2041,naman,FIL,32910,
2041,ako,FIL,32911,
2041,lahat,FIL,32912,
2041,ng,FIL,32913,
2041,vlog,ENG,32914,
2041,nila,FIL,32915,
2041,beks,FIL,32916,NE
2041,batallion,ENG,32917,NE
2041,.likod,UNK,32918,
2041,ng,FIL,32919,
2041,pagpapatawa,FIL,32920,
2041,may,FIL,32921,
2041,kalungkutan,FIL,32922,
2041,pala,FIL,32923,
2043,magbalik,FIL,32924,
2043,loob,FIL,32925,
2043,na,FIL,32926,
2043,ata,FIL,32927,
2043,ako,FIL,32928,
2043,sa,FIL,32929,
2043,pagbike,UNK,32930,
2043,kaso,FIL,32931,
2043,wala,FIL,32932,
2043,akong,FIL,32933,
2043,kasama,FIL,32934,
2043,mabilis,FIL,32935,
2043,pa,FIL,32936,
2043,naman,FIL,32937,
2043,ako,FIL,32938,
2043,mawala,FIL,32939,
2044,sino,FIL,32940,
2044,pwede,FIL,32941,
2044,ispoil,FIL,32942,
2044,sa,FIL,32943,
2044,part,ENG,32944,
2044,101,NUM,32945,
2044,ng,FIL,32946,
2044,rtr,UNK,32947,ABB
2044,",",SYM,32948,
2044,paunahan,FIL,32949,
2044,nalang,FIL,32950,
2045,Bilang,FIL,32951,
2045,bumubuo,FIL,32952,
2045,ng,FIL,32953,
2045,iisang,FIL,32954,
2045,Katawan,FIL,32955,
2045,na,FIL,32956,
2045,ang,FIL,32957,
2045,ulo,FIL,32958,
2045,ay,FIL,32959,
2045,si,FIL,32960,
2045,Kristo,FIL,32961,NE
2045,at,FIL,32962,
2045,tayo,FIL,32963,
2045,ang,FIL,32964,
2045,mga,FIL,32965,
2045,bahagi,FIL,32966,
2045,",",SYM,32967,
2045,hinihikayat,FIL,32968,
2045,tayo,FIL,32969,
2045,na,FIL,32970,
2045,magpakabuti,FIL,32971,
2045,",",SYM,32972,
2045,magpakabanal,FIL,32973,
2045,",",SYM,32974,
2045,at,FIL,32975,
2045,kilalanin,FIL,32976,
2045,ang,FIL,32977,
2045,ating,FIL,32978,
2045,dignidad,FIL,32979,
2045,bilang,FIL,32980,
2045,mga,FIL,32981,
2045,anak,FIL,32982,
2045,ng,FIL,32983,
2045,Diyos,FIL,32984,NE
2045,",",SYM,32985,
2045,pati,FIL,32986,
2045,narin,FIL,32987,
2045,ang,FIL,32988,
2045,angking,FIL,32989,
2045,kabanalan,FIL,32990,
2045,ng,FIL,32991,
2045,ibang,FIL,32992,
2045,tao,FIL,32993,
2045,bilang,FIL,32994,
2045,mga,FIL,32995,
2045,nilalang,FIL,32996,
2045,ayon,FIL,32997,
2045,sa,FIL,32998,
2045,imahen,FIL,32999,
2045,ng,FIL,33000,
2045,Diyos,FIL,33001,NE
2045,.,SYM,33002,
2046,Mga,FIL,33003,
2046,bata,FIL,33004,
2046,for,ENG,33005,
2046,now,ENG,33006,
2046,marunong,FIL,33007,
2046,din,FIL,33008,
2046,mag,FIL,33009,
2046,gawa,FIL,33010,
2046,gawa,FIL,33011,
2046,ng,FIL,33012,
2046,salita,FIL,33013,
2046,.,SYM,33014,
2047,ano,FIL,33015,
2047,ibig,FIL,33016,
2047,sabihin,FIL,33017,
2047,ng,FIL,33018,
2047,libog,FIL,33019,
2047,in,ENG,33020,
2047,tagalog,FIL,33021,
2047,?,SYM,33022,
2049,Mainit,FIL,33023,
2049,na,FIL,33024,
2049,kape,FIL,33025,
2049,sa,FIL,33026,
2049,umaga,FIL,33027,
2050,Ig,ENG,33028,ABB
2050,:,SYM,33029,
2050,Ms,ENG,33030,ABB
2050,de_guzman,UNK,33031,NE
2050,Pinaka,FIL,33032,
2050,ayaw,FIL,33033,
2050,kong,FIL,33034,
2050,video,ENG,33035,
2050,mo,FIL,33036,
2050,:,SYM,33037,
2050,yung,FIL,33038,
2050,"""",SYM,33039,
2050,MY,ENG,33040,
2050,COVID,ENG,33041,NE
2050,JOURNEY,ENG,33042,
2050,"""",SYM,33043,
2050,because,ENG,33044,
2050,ang,FIL,33045,
2050,hirap,FIL,33046,
2050,ng,FIL,33047,
2050,pinagdaanan,FIL,33048,
2050,mo,FIL,33049,
2050,nung,FIL,33050,
2050,mga,FIL,33051,
2050,araw,FIL,33052,
2050,na,FIL,33053,
2050,yon,FIL,33054,
2050,.,SYM,33055,
2051,Sino,FIL,33056,
2051,po,FIL,33057,
2051,ang,FIL,33058,
2051,g,FIL,33059,ABB
2051,magpakain,FIL,33060,
2051,ng,FIL,33061,
2051,pepe,FIL,33062,
2051,sakin,FIL,33063,
2051,?,SYM,33064,
2052,isa,FIL,33065,
2052,lang,FIL,33066,
2052,ang,FIL,33067,
2052,masasabi,FIL,33068,
2052,ko,FIL,33069,
2052,",",SYM,33070,
2052,tangina,FIL,33071,
2052,mo,FIL,33072,
2052,hanz,UNK,33073,NE
2053,Same,ENG,33074,
2053,here,ENG,33075,
2053,pala,FIL,33076,
2053,isip,FIL,33077,
2053,din,FIL,33078,
2053,ako,FIL,33079,
2053,",",SYM,33080,
2053,diko,FIL,33081,
2053,alam,FIL,33082,
2053,ano,FIL,33083,
2053,solusyon,FIL,33084,
2053,gagawin,FIL,33085,
2053,ko,FIL,33086,
2053,sa,FIL,33087,
2053,mga,FIL,33088,
2053,nasa,FIL,33089,
2053,isip,FIL,33090,
2053,ko,FIL,33091,
2053,na,FIL,33092,
2053,gusto,FIL,33093,
2053,ko,FIL,33094,
2053,gawin,FIL,33095,
2053,",",SYM,33096,
2053,o,FIL,33097,
2053,ano,FIL,33098,
2053,mga,FIL,33099,
2053,nangyayare,FIL,33100,
2053,di,FIL,33101,
2053,ko,FIL,33102,
2053,malabanan,FIL,33103,
2053,kinikimkim,FIL,33104,
2053,ko,FIL,33105,
2053,lang,FIL,33106,
2053,",",SYM,33107,
2053,iniiyak,FIL,33108,
2053,ko,FIL,33109,
2053,din,FIL,33110,
2053,lahat,FIL,33111,
2053,para,FIL,33112,
2053,lang,FIL,33113,
2053,maibsan,FIL,33114,
2053,yong,FIL,33115,
2053,nararamdaman,FIL,33116,
2053,ko,FIL,33117,
2053,at,FIL,33118,
2053,mga,FIL,33119,
2053,naiisip,FIL,33120,
2053,ko,FIL,33121,
2053,",",SYM,33122,
2053,god,ENG,33123,
2053,bless,ENG,33124,
2053,po,FIL,33125,
2053,",",SYM,33126,
2053,i'm,ENG,33127,
2053,not,ENG,33128,
2053,sure,ENG,33129,
2053,if,ENG,33130,
2053,same,ENG,33131,
2053,po,FIL,33132,
2053,ito,FIL,33133,
2053,na,FIL,33134,
2053,may,FIL,33135,
2053,prob,ENG,33136,ABB
2053,.,SYM,33137,
2054,Naniniwala,FIL,33138,
2054,ako,FIL,33139,
2054,sa,FIL,33140,
2054,multo,FIL,33141,
2054,sa,FIL,33142,
2054,paranormal,ENG,33143,
2054,expert,ENG,33144,
2054,hindi,FIL,33145,
2055,Grabe,FIL,33146,
2055,luha,FIL,33147,
2055,ko,FIL,33148,
2055,",",SYM,33149,
2055,ramdam,FIL,33150,
2055,ko,FIL,33151,
2055,ang,FIL,33152,
2055,sobrang,FIL,33153,
2055,pagmamahal,FIL,33154,
2055,nyo,FIL,33155,
2055,sa,FIL,33156,
2055,isat,FIL,33157,
2055,isa,FIL,33158,
2056,Nalubos,FIL,33159,
2056,ang,FIL,33160,
2056,napakagandang,FIL,33161,
2056,salita,FIL,33162,
2056,ng,FIL,33163,
2056,Panginoon,FIL,33164,NE
2056,mo,FIL,33165,
2056,sa,FIL,33166,
2056,mga,FIL,33167,
2056,anak,FIL,33168,
2056,ni,FIL,33169,
2056,Israel,UNK,33170,NE
2056,dahil,FIL,33171,
2056,nagtiis,FIL,33172,
2056,sila,FIL,33173,
2056,.,SYM,33174,
2058,Sapol,FIL,33175,
2058,ng,FIL,33176,
2058,COVID-19,ENG,33177,"ABB,NE"
2058,ang,FIL,33178,
2058,pitong,FIL,33179,
2058,close,ENG,33180,
2058,contact,ENG,33181,
2058,at,FIL,33182,
2058,isang,FIL,33183,
2058,secondary,ENG,33184,
2058,contact,ENG,33185,
2058,ni,FIL,33186,
2058,Gwyneth,UNK,33187,NE
2058,Chua,UNK,33188,NE
2058,",",SYM,33189,
2058,o,FIL,33190,
2058,nakilala,FIL,33191,
2058,bilang,FIL,33192,
2058,si,FIL,33193,
2058,Poblacion,UNK,33194,NE
2058,Girl,ENG,33195,
2058,matapos,FIL,33196,
2058,nitong,FIL,33197,
2058,tumakas,FIL,33198,
2058,sa,FIL,33199,
2058,quarantine,ENG,33200,
2058,para,FIL,33201,
2058,mag-party,UNK,33202,
2058,sa,FIL,33203,
2058,Makati,UNK,33204,NE
2058,.,SYM,33205,
2059,Matapos,FIL,33206,
2059,pabagsakin,FIL,33207,
2059,ito,FIL,33208,
2059,ng,FIL,33209,
2059,Diyos,FIL,33210,NE
2059,sa,FIL,33211,
2059,hangin,FIL,33212,
2059,",",SYM,33213,
2059,hindi,FIL,33214,
2059,na,FIL,33215,
2059,Niya,FIL,33216,
2059,ito,FIL,33217,
2059,binigyan,FIL,33218,
2059,ng,FIL,33219,
2059,pansin,FIL,33220,
2059,at,FIL,33221,
2059,nagsimulang,FIL,33222,
2059,iligtas,FIL,33223,
2059,ang,FIL,33224,
2059,sangkatauhan,FIL,33225,
2059,at,FIL,33226,
2059,isagawa,FIL,33227,
2059,ang,FIL,33228,
2059,Kanyang,FIL,33229,
2059,sariling,FIL,33230,
2059,gawain,FIL,33231,
2059,",",SYM,33232,
2059,sa,FIL,33233,
2059,kabila,FIL,33234,
2059,ng,FIL,33235,
2059,patuloy,FIL,33236,
2059,na,FIL,33237,
2059,panliligalig,FIL,33238,
2059,ni,FIL,33239,
2059,Satanas,UNK,33240,NE
2059,.,SYM,33241,
2060,Gayundin,FIL,33242,
2060,umano,FIL,33243,
2060,ang,FIL,33244,
2060,nangyari,FIL,33245,
2060,sa,FIL,33246,
2060,isang,FIL,33247,
2060,foreman,ENG,33248,
2060,sa,FIL,33249,
2060,bayan,FIL,33250,
2060,ng,FIL,33251,
2060,Pavia,UNK,33252,NE
2060,.,SYM,33253,
2061,Wag,FIL,33254,
2061,niyo,FIL,33255,
2061,ako,FIL,33256,
2061,tiradahin,FIL,33257,
2061,sa,FIL,33258,
2061,iboboto,FIL,33259,
2061,ko,FIL,33260,
2061,dahil,FIL,33261,
2061,wala,FIL,33262,
2061,akong,FIL,33263,
2061,iboboto,FIL,33264,
2061,hahaha,UNK,33265,EXPR
2061,ayoko,FIL,33266,
2061,na,FIL,33267,
2061,din,FIL,33268,
2061,bumuto,FIL,33269,
2061,dahil,FIL,33270,
2061,wala,FIL,33271,
2061,akong,FIL,33272,
2061,makitang,FIL,33273,
2061,deserving,ENG,33274,
2062,Sa,FIL,33275,
2062,fourth,ENG,33276,
2062,canto,ENG,33277,
2062,",",SYM,33278,
2062,sinabayan,FIL,33279,
2062,na,FIL,33280,
2062,lamang,FIL,33281,
2062,ng,FIL,33282,
2062,Falcons,ENG,33283,NE
2062,ang,FIL,33284,
2062,tikas,FIL,33285,
2062,ng,FIL,33286,
2062,Growling,ENG,33287,NE
2062,Tigers,ENG,33288,NE
2062,upang,FIL,33289,
2062,manatili,FIL,33290,
2062,ang,FIL,33291,
2062,kanilang,FIL,33292,
2062,bentahe,FIL,33293,
2062,at,FIL,33294,
2062,masungkit,FIL,33295,
2062,ang,FIL,33296,
2062,matamis,FIL,33297,
2062,na,FIL,33298,
2062,panalo,FIL,33299,
2062,.,SYM,33300,
2063,need,ENG,33301,
2063,natin,FIL,33302,
2063,talaga,FIL,33303,
2063,umiwas,FIL,33304,
2063,sa,FIL,33305,
2063,mga,FIL,33306,
2063,budol,FIL,33307,
2063,nating,FIL,33308,
2063,frennies,FIL,33309,
2063,.,SYM,33310,
2064,Ipinaliwanag,FIL,33311,
2064,nito,FIL,33312,
2064,na,FIL,33313,
2064,hindi,FIL,33314,
2064,lamang,FIL,33315,
2064,sa,FIL,33316,
2064,loob,FIL,33317,
2064,ng,FIL,33318,
2064,isang,FIL,33319,
2064,oras,FIL,33320,
2064,dapat,FIL,33321,
2064,bigyan,FIL,33322,
2064,ng,FIL,33323,
2064,pahinga,FIL,33324,
2064,ang,FIL,33325,
2064,mundo,FIL,33326,
2064,kundi,FIL,33327,
2064,dapat,FIL,33328,
2064,ito,FIL,33329,
2064,ay,FIL,33330,
2064,gawin,FIL,33331,
2064,oras-oras,FIL,33332,
2064,bilang,FIL,33333,
2064,pagpapakita,FIL,33334,
2064,ng,FIL,33335,
2064,patuloy,FIL,33336,
2064,na,FIL,33337,
2064,pakikipag-ugnayan,FIL,33338,
2064,at,FIL,33339,
2064,pagmamalasakit,FIL,33340,
2064,sa,FIL,33341,
2064,ating,FIL,33342,
2064,nag-iisang,FIL,33343,
2064,tahanan,FIL,33344,
2064,.,SYM,33345,
2065,naku,UNK,33346,EXPR
2065,kahit,FIL,33347,
2065,ako,FIL,33348,
2065,babae,FIL,33349,
2065,hnd,FIL,33350,ABB
2065,ako,FIL,33351,
2065,makapag,FIL,33352,
2065,timpi,FIL,33353,
2065,sa,FIL,33354,
2065,ginagawa,FIL,33355,
2065,mo,FIL,33356,
2065,.,SYM,33357,
2066,Talagang,FIL,33358,
2066,nagkakamali,FIL,33359,
2066,pa,FIL,33360,
2066,sa,FIL,33361,
2066,chords,ENG,33362,
2066,?,SYM,33363,
2067,ikaka,FIL,33364,
2067,haba,FIL,33365,
2067,ba,FIL,33366,
2067,ng,FIL,33367,
2067,buhay,FIL,33368,
2067,niyo,FIL,33369,
2067,yan,FIL,33370,
2067,?,SYM,33371,
2068,Umani,FIL,33372,
2068,ng,FIL,33373,
2068,samut,FIL,33374,
2068,saring,FIL,33375,
2068,reaksyon,FIL,33376,
2068,ang,FIL,33377,
2068,pagpapabakuna,FIL,33378,
2068,ng,FIL,33379,
2068,aktor,FIL,33380,
2068,mula,FIL,33381,
2068,sa,FIL,33382,
2068,ibat,FIL,33383,
2068,ibang,FIL,33384,
2068,sektor,FIL,33385,
2068,na,FIL,33386,
2068,karamihan,FIL,33387,
2068,ay,FIL,33388,
2068,kumukuwestiyon,FIL,33389,
2068,kung,FIL,33390,
2068,bakit,FIL,33391,
2068,nauna,FIL,33392,
2068,pa,FIL,33393,
2068,siyang,FIL,33394,
2068,naturukan,FIL,33395,
2068,sa,FIL,33396,
2068,ilang,FIL,33397,
2068,healthworkers,ENG,33398,
2068,at,FIL,33399,
2068,frontliners,ENG,33400,
2068,.,SYM,33401,
2070,Kaya,FIL,33402,
2070,bang,FIL,33403,
2070,manatili,FIL,33404,
2070,ng,FIL,33405,
2070,mga,FIL,33406,
2070,lumang,FIL,33407,
2070,bagay,FIL,33408,
2070,?,SYM,33409,
2071,Sa,FIL,33410,
2071,paunang,FIL,33411,
2071,ulat,FIL,33412,
2071,",",SYM,33413,
2071,nag-uusap,FIL,33414,
2071,ang,FIL,33415,
2071,dalawang,FIL,33416,
2071,pulis,FIL,33417,
2071,sa,FIL,33418,
2071,loob,FIL,33419,
2071,ng,FIL,33420,
2071,bahay,FIL,33421,
2071,ni,FIL,33422,
2071,Capinpin,UNK,33423,NE
2071,sa,FIL,33424,
2071,Brgy,UNK,33425,ABB
2071,Magsaysay,UNK,33426,NE
2071,nang,FIL,33427,
2071,dumating,FIL,33428,
2071,ang,FIL,33429,
2071,dalawang,FIL,33430,
2071,lalaking,FIL,33431,
2071,naka-motorsiklo,FIL,33432,
2071,at,FIL,33433,
2071,pinagbabaril,FIL,33434,
2071,ang,FIL,33435,
2071,mga,FIL,33436,
2071,ito,FIL,33437,
2071,",",SYM,33438,
2071,dakong,FIL,33439,
2071,10:00,NUM,33440,
2071,ng,FIL,33441,
2071,gabi,FIL,33442,
2071,.,SYM,33443,
2073,ha,UNK,33444,EXPR
2073,ha,UNK,33445,EXPR
2073,kawawang,FIL,33446,
2073,pacU,UNK,33447,NE
2073,now,ENG,33448,
2073,lang,FIL,33449,
2073,nya,FIL,33450,
2073,mararamdaman,FIL,33451,
2073,ang,FIL,33452,
2073,sakit,FIL,33453,
2073,ng,FIL,33454,
2073,katotohanan,FIL,33455,
2073,na,FIL,33456,
2073,malabo,FIL,33457,
2073,pa,FIL,33458,
2073,sa,FIL,33459,
2073,tubig,FIL,33460,
2073,kanal,FIL,33461,
2073,ang,FIL,33462,
2073,kanya,FIL,33463,
2073,pagtakbo,FIL,33464,
2074,Lars,UNK,33465,NE
2074,Ubaldo,UNK,33466,NE
2074,noong,FIL,33467,
2074,20,NUM,33468,
2074,Hulyo,FIL,33469,
2074,2017:,UNK,33470,
2074,Sina,FIL,33471,
2074,Therese,UNK,33472,NE
2074,Vilog,UNK,33473,NE
2074,",",SYM,33474,
2074,isang,FIL,33475,
2074,bagonggradweyt,FIL,33476,
2074,ng,FIL,33477,
2074,Pilosopiya,FIL,33478,
2074,mula,FIL,33479,
2074,sa,FIL,33480,
2074,UP,ENG,33481,"ABB,NE"
2074,Diliman,FIL,33482,NE
2074,at,FIL,33483,
2074,Javier,UNK,33484,NE
2074,Nimer,UNK,33485,NE
2074,nagradweyt,FIL,33486,
2074,ng,FIL,33487,
2074,accounting,ENG,33488,
2074,ng,FIL,33489,
2074,Pamantasan,FIL,33490,NE
2074,ng,FIL,33491,
2074,Lungsod,FIL,33492,NE
2074,ng,FIL,33493,
2074,Maynila,FIL,33494,NE
2074,.,SYM,33495,
2075,Matatandaang,FIL,33496,
2075,umabot,FIL,33497,
2075,na,FIL,33498,
2075,sa,FIL,33499,
2075,danger,ENG,33500,
2075,level,ENG,33501,
2075,o,FIL,33502,
2075,nasa,FIL,33503,
2075,21,NUM,33504,
2075,.,SYM,33505,
2075,9,NUM,33506,
2075,meters,ENG,33507,
2075,ang,FIL,33508,
2075,water,ENG,33509,
2075,level,ENG,33510,
2075,ng,FIL,33511,
2075,Marikina,UNK,33512,NE
2075,River,ENG,33513,NE
2075,bandang,FIL,33514,
2075,9:37,NUM,33515,
2075,Huwebes,FIL,33516,
2075,ng,FIL,33517,
2075,umaga,FIL,33518,
2075,.,SYM,33519,
2076,pag,FIL,33520,
2076,nag-papa,FIL,33521,
2076,Poll,ENG,33522,
2076,Vote,ENG,33523,
2076,ang,FIL,33524,
2076,malalaking,FIL,33525,
2076,Pages,ENG,33526,
2076,sa,FIL,33527,
2076,FB,ENG,33528,"ABB,NE"
2076,grabe,FIL,33529,
2076,laging,FIL,33530,
2076,Landslide,ENG,33531,
2076,si,FIL,33532,
2076,Lugaw,FIL,33533,NE
2076,sa,FIL,33534,
2076,kangkungan,FIL,33535,
2076,!,SYM,33536,
2077,Dios,FIL,33537,NE
2077,ko,FIL,33538,
2077,ano,FIL,33539,
2077,bayan,FIL,33540,
2077,",",SYM,33541,
2077,buti,FIL,33542,
2077,pa,FIL,33543,
2077,yong,FIL,33544,
2077,hayop,FIL,33545,
2077,pag,FIL,33546,
2077,umalis,FIL,33547,
2077,bit,ENG,33548,
2077,bit,ENG,33549,
2077,ang,FIL,33550,
2077,mga,FIL,33551,
2077,Anak,FIL,33552,
2077,!,SYM,33553,
2080,pwede,FIL,33554,
2080,ba,FIL,33555,
2080,ito,FIL,33556,
2080,ibagsak,FIL,33557,
2080,?,SYM,33558,
2081,Tandaan,FIL,33559,
2081,na,FIL,33560,
2081,sa,FIL,33561,
2081,ating,FIL,33562,
2081,mga,FIL,33563,
2081,boto,FIL,33564,
2081,magmumula,FIL,33565,
2081,ang,FIL,33566,
2081,mga,FIL,33567,
2081,minimithing,FIL,33568,
2081,pagbabago,FIL,33569,
2081,.,SYM,33570,
2082,Kuwento,FIL,33571,
2082,ng,FIL,33572,
2082,anak,FIL,33573,
2082,ni,FIL,33574,
2082,Bossing,UNK,33575,NE
2082,Vic,UNK,33576,NE
2082,Sotto,UNK,33577,NE
2082,",",SYM,33578,
2082,isa,FIL,33579,
2082,siyang,FIL,33580,
2082,masamang,FIL,33581,
2082,tao,FIL,33582,
2082,noong,FIL,33583,
2082,teenager,ENG,33584,
2082,pa,FIL,33585,
2082,lamang,FIL,33586,
2082,siya,FIL,33587,
2082,at,FIL,33588,
2082,maraming,FIL,33589,
2082,pagkakataon,FIL,33590,
2082,daw,FIL,33591,
2082,na,FIL,33592,
2082,maaari,FIL,33593,
2082,siyang,FIL,33594,
2082,mamatay,FIL,33595,
2082,dahil,FIL,33596,
2082,sa,FIL,33597,
2082,mga,FIL,33598,
2082,pinaggagawa,FIL,33599,
2082,niya,FIL,33600,
2082,.,SYM,33601,
2083,Nagagalak,FIL,33602,
2083,akong,FIL,33603,
2083,malaman,FIL,33604,
2083,ang,FIL,33605,
2083,hinaharap,FIL,33606,
2083,ng,FIL,33607,
2083,mundo,FIL,33608,
2083,naway,FIL,33609,
2083,makaligtas,FIL,33610,
2083,ang,FIL,33611,
2083,iba,FIL,33612,
2085,Naghain,FIL,33613,
2085,ng,FIL,33614,
2085,resolusyon,FIL,33615,
2085,si,FIL,33616,
2085,Senator,ENG,33617,
2085,Leila,UNK,33618,NE
2085,de,UNK,33619,NE
2085,Lima,UNK,33620,NE
2085,para,FIL,33621,
2085,sa,FIL,33622,
2085,pagpapahayag,FIL,33623,
2085,ng,FIL,33624,
2085,Senado,FIL,33625,NE
2085,ng,FIL,33626,
2085,pakikiramay,FIL,33627,
2085,at,FIL,33628,
2085,pakikidalamhati,FIL,33629,
2085,sa,FIL,33630,
2085,naiwang,FIL,33631,
2085,pamilya,FIL,33632,
2085,ng,FIL,33633,
2085,yumaong,FIL,33634,
2085,dating,FIL,33635,
2085,Pangulong,FIL,33636,
2085,Benigno,UNK,33637,NE
2085,Noynoy,UNK,33638,NE
2085,Aquino,UNK,33639,NE
2085,III,NUM,33640,
2085,.,SYM,33641,
2086,Sa,FIL,33642,
2086,kanyang,FIL,33643,
2086,caption,ENG,33644,
2086,",",SYM,33645,
2086,mababasa,FIL,33646,
2086,na,FIL,33647,
2086,20,NUM,33648,
2086,weeks,ENG,33649,
2086,o,FIL,33650,
2086,limang,FIL,33651,
2086,buwan,FIL,33652,
2086,na,FIL,33653,
2086,siyang,FIL,33654,
2086,nagdadalang,FIL,33655,
2086,tao,FIL,33656,
2086,at,FIL,33657,
2086,inaasahang,FIL,33658,
2086,masisilayan,FIL,33659,
2086,na,FIL,33660,
2086,ang,FIL,33661,
2086,kanilang,FIL,33662,
2086,baby,ENG,33663,
2086,sa,FIL,33664,
2086,huling,FIL,33665,
2086,buwan,FIL,33666,
2086,ng,FIL,33667,
2086,2020,NUM,33668,
2086,.,SYM,33669,
2087,Kapag,FIL,33670,
2087,ayaw,FIL,33671,
2087,na,FIL,33672,
2087,nya,FIL,33673,
2087,sa'yo,FIL,33674,
2087,",",SYM,33675,
2087,wag,FIL,33676,
2087,mo,FIL,33677,
2087,ng,FIL,33678,
2087,ipilit,FIL,33679,
2087,pa,FIL,33680,
2087,ang,FIL,33681,
2087,sarili,FIL,33682,
2087,mo,FIL,33683,
2087,",",SYM,33684,
2087,kapag,FIL,33685,
2087,hindi,FIL,33686,
2087,ka,FIL,33687,
2087,niya,FIL,33688,
2087,gusto,FIL,33689,
2087,",",SYM,33690,
2087,wag,FIL,33691,
2087,mo,FIL,33692,
2087,ng,FIL,33693,
2087,ipagsiksikan,FIL,33694,
2087,ang,FIL,33695,
2087,puso,FIL,33696,
2087,mo,FIL,33697,
2087,kung,FIL,33698,
2087,nasasaktan,FIL,33699,
2087,kana,FIL,33700,
2087,itigil,FIL,33701,
2087,mo,FIL,33702,
2087,na,FIL,33703,
2087,",",SYM,33704,
2087,kung,FIL,33705,
2087,nagmumukha,FIL,33706,
2087,ka,FIL,33707,
2087,nang,FIL,33708,
2087,tanga,FIL,33709,
2087,",",SYM,33710,
2087,TAMA,FIL,33711,
2087,",",SYM,33712,
2087,TAMA,FIL,33713,
2087,.,SYM,33714,
2088,Pwede,FIL,33715,
2088,na,FIL,33716,
2088,kayong,FIL,33717,
2088,magkapalitan,FIL,33718,
2088,ng,FIL,33719,
2088,muka,FIL,33720,
2088,ng,FIL,33721,
2088,mga,FIL,33722,
2088,pasyente,FIL,33723,
2088,.,SYM,33724,
2089,Ngunit,FIL,33725,
2089,habang,FIL,33726,
2089,tumatagal,FIL,33727,
2089,",",SYM,33728,
2089,makalipas,FIL,33729,
2089,ang,FIL,33730,
2089,mahigit,FIL,33731,
2089,isang,FIL,33732,
2089,daang,FIL,33733,
2089,taon,FIL,33734,
2089,",",SYM,33735,
2089,lumagpas,FIL,33736,
2089,pa,FIL,33737,
2089,dito,FIL,33738,
2089,ang,FIL,33739,
2089,kanilang,FIL,33740,
2089,layunin,FIL,33741,
2089,.,SYM,33742,
2090,Sana,FIL,33743,
2090,buwagin,FIL,33744,
2090,na,FIL,33745,
2090,ni,FIL,33746,
2090,BBM,UNK,33747,"ABB,NE"
2090,tong,FIL,33748,
2090,mga,FIL,33749,
2090,salot,FIL,33750,
2090,na,FIL,33751,
2090,to,FIL,33752,
2090,wag,FIL,33753,
2090,pagkakitaan,FIL,33754,
2090,ang,FIL,33755,
2090,simbahan,FIL,33756,
2090,mga,FIL,33757,
2090,hudyo,FIL,33758,
2090,!,SYM,33759,
2093,Pinatay,FIL,33760,
2093,niyo,FIL,33761,
2093,na,FIL,33762,
2093,sana,FIL,33763,
2093,ako,FIL,33764,
2094,Tumambad,FIL,33765,
2094,ang,FIL,33766,
2094,duguang,FIL,33767,
2094,katawan,FIL,33768,
2094,ng,FIL,33769,
2094,lalaki,FIL,33770,
2094,na,FIL,33771,
2094,wala,FIL,33772,
2094,nang,FIL,33773,
2094,buhay,FIL,33774,
2094,habang,FIL,33775,
2094,mabilis,FIL,33776,
2094,na,FIL,33777,
2094,lumakad,FIL,33778,
2094,paalis,FIL,33779,
2094,ang,FIL,33780,
2094,hindi,FIL,33781,
2094,pa,FIL,33782,
2094,nakikilalang,FIL,33783,
2094,salarin,FIL,33784,
2094,.,SYM,33785,
2095,Sayang,FIL,33786,
2095,paborito,FIL,33787,
2095,ko,FIL,33788,
2095,pa,FIL,33789,
2095,naman,FIL,33790,
2095,siya,FIL,33791,
2095,at,FIL,33792,
2095,dito,FIL,33793,
2095,ako,FIL,33794,
2095,lumaki,FIL,33795,
2095,well,ENG,33796,
2095,90s,NUM,33797,
2095,kid,ENG,33798,
2095,ako,FIL,33799,
2095,lalo,FIL,33800,
2095,na,FIL,33801,
2095,pinanunood,FIL,33802,
2095,ko,FIL,33803,
2095,yung,FIL,33804,
2095,magandang,FIL,33805,NE
2095,gabi,FIL,33806,NE
2095,bayan,FIL,33807,NE
2097,cutieee,FIL,33808,
2097,ng,FIL,33809,
2097,mga,FIL,33810,
2097,cmates,UNK,33811,
2097,kong,FIL,33812,
2097,tinatawagan,FIL,33813,
2097,ako,FIL,33814,
2097,kapag,FIL,33815,
2097,'di,FIL,33816,
2097,pa,FIL,33817,
2097,q,FIL,33818,ABB
2097,nag,FIL,33819,
2097,jjoin,FIL,33820,
2097,sa,FIL,33821,
2097,meet,ENG,33822,
2101,Pinakilig,FIL,33823,
2101,na,FIL,33824,
2101,naman,FIL,33825,
2101,ninyo,FIL,33826,
2101,ang,FIL,33827,
2101,fans,ENG,33828,
2101,sa,FIL,33829,
2101,buong,FIL,33830,
2101,mundo,FIL,33831,
2101,",",SYM,33832,
2101,nakatutok,FIL,33833,
2101,na,FIL,33834,
2101,sila,FIL,33835,
2101,kung,FIL,33836,
2101,ano,FIL,33837,
2101,pa,FIL,33838,
2101,ang,FIL,33839,
2101,ipakikita,FIL,33840,
2101,nyo,FIL,33841,
2101,sa,FIL,33842,
2101,year,ENG,33843,
2101,2022,NUM,33844,
2101,.,SYM,33845,
2102,Tapos,FIL,33846,
2102,na,FIL,33847,
2102,ang,FIL,33848,
2102,pagtanggap,FIL,33849,
2102,ng,FIL,33850,
2102,Department,ENG,33851,NE
2102,of,ENG,33852,NE
2102,Labor,ENG,33853,NE
2102,and,ENG,33854,NE
2102,Employment,ENG,33855,NE
2102,(,SYM,33856,
2102,DOLE,ENG,33857,"ABB,NE"
2102,),SYM,33858,
2102,para,FIL,33859,
2102,sa,FIL,33860,
2102,mga,FIL,33861,
2102,nais,FIL,33862,
2102,makakuha,FIL,33863,
2102,ng,FIL,33864,
2102,ayuda,FIL,33865,
2102,nang,FIL,33866,
2102,ideklara,FIL,33867,
2102,ang,FIL,33868,
2102,Alert,ENG,33869,NE
2102,Level,ENG,33870,NE
2102,3,NUM,33871,
2102,sa,FIL,33872,
2102,Metro,ENG,33873,NE
2102,Manila,FIL,33874,NE
2102,at,FIL,33875,
2102,iba,FIL,33876,
2102,pang,FIL,33877,
2102,lugar,FIL,33878,
2102,.,SYM,33879,
2104,Habang,FIL,33880,
2104,nagpapaatras,FIL,33881,
2104,",",SYM,33882,
2104,hinawi,FIL,33883,
2104,niya,FIL,33884,
2104,(,SYM,33885,
2104,Cu,UNK,33886,NE
2104,),SYM,33887,
2104,ang,FIL,33888,
2104,isang,FIL,33889,
2104,wire,ENG,33890,
2104,ng,FIL,33891,
2104,ISECO,UNK,33892,"ABB,NE"
2104,ngunit,FIL,33893,
2104,bigla,FIL,33894,
2104,nang,FIL,33895,
2104,nangisay,FIL,33896,
2104,ang,FIL,33897,
2104,Tsinoy,FIL,33898,
2104,.,SYM,33899,
2105,Pumunta,FIL,33900,
2105,pa,FIL,33901,
2105,ko,FIL,33902,
2105,sakanila,FIL,33903,
2105,ngayon,FIL,33904,
2105,para,FIL,33905,
2105,lang,FIL,33906,
2105,bumili,FIL,33907,
2105,ng,FIL,33908,
2105,breakfast,ENG,33909,
2105,sa,FIL,33910,
2105,711,UNK,33911,NE
2105,oh,UNK,33912,EXPR
2106,Friendly,ENG,33913,
2106,nga,FIL,33914,
2106,itong,FIL,33915,
2106,c,FIL,33916,
2106,christian,UNK,33917,NE
2106,eh,UNK,33918,EXPR
2106,",",SYM,33919,
2106,gusto,FIL,33920,
2106,ko,FIL,33921,
2106,ang,FIL,33922,
2106,ugaling,FIL,33923,
2106,batang,FIL,33924,
2106,ito,FIL,33925,
2106,promised,ENG,33926,
2107,hindi,FIL,33927,
2107,nadevelop,FIL,33928,
2107,ang,FIL,33929,
2107,mga,FIL,33930,
2107,kamay,FIL,33931,
2107,at,FIL,33932,
2107,paa,FIL,33933,
2107,niya,FIL,33934,
2107,kya,FIL,33935,
2107,s,FIL,33936,ABB
2107,palanggana,FIL,33937,
2107,siya,FIL,33938,
2107,inilalagay,FIL,33939,
2107,.,SYM,33940,
2109,Grabe,FIL,33941,
2109,may,FIL,33942,
2109,mga,FIL,33943,
2109,babae,FIL,33944,
2109,palang,FIL,33945,
2109,ganyan,FIL,33946,
2109,pumapayag,FIL,33947,
2109,na,FIL,33948,
2109,ibaba,FIL,33949,
2109,ang,FIL,33950,
2109,pagka,FIL,33951,
2109,babae,FIL,33952,
2109,nila,FIL,33953,
2109,para,FIL,33954,
2109,lang,FIL,33955,
2109,sa,FIL,33956,
2109,lalaki,FIL,33957,
2110,Anong,FIL,33958,
2110,na,FIL,33959,
2110,nangyari,FIL,33960,
2110,sa,FIL,33961,
2110,gamers,FIL,33962,
2110,ngayon,FIL,33963,
2110,.,SYM,33964,
2113,hindi,FIL,33965,
2113,ko,FIL,33966,
2113,na,FIL,33967,
2113,kasalanan,FIL,33968,
2113,kapag,FIL,33969,
2113,nagpakalulong,FIL,33970,
2113,ako,FIL,33971,
2113,sa,FIL,33972,
2113,lungkot,FIL,33973,
2113,tonight,ENG,33974,
2113,ha,FIL,33975,
2114,Nagpasirko-sirko,FIL,33976,
2114,sa,FIL,33977,
2114,hangin,FIL,33978,
2114,ang,FIL,33979,
2114,amoy,FIL,33980,
2114,ng,FIL,33981,
2114,tsamporado,FIL,33982,
2114,.,SYM,33983,
2115,Dahil,FIL,33984,
2115,sa,FIL,33985,
2115,dumaraming,FIL,33986,
2115,kaso,FIL,33987,
2115,ng,FIL,33988,
2115,COVID-19,ENG,33989,"ABB,NE"
2115,sa,FIL,33990,
2115,bansa,FIL,33991,
2115,",",SYM,33992,
2115,hinimok,FIL,33993,
2115,ni,FIL,33994,
2115,Gordon,UNK,33995,NE
2115,ang,FIL,33996,
2115,publiko,FIL,33997,
2115,na,FIL,33998,
2115,magpasuri,FIL,33999,
2115,kaagad,FIL,34000,
2115,para,FIL,34001,
2115,sa,FIL,34002,
2115,maagang,FIL,34003,
2115,pagtukoy,FIL,34004,
2115,ng,FIL,34005,
2115,virus,ENG,34006,
2115,upang,FIL,34007,
2115,maiwasan,FIL,34008,
2115,ang,FIL,34009,
2115,pagkalat,FIL,34010,
2115,.,SYM,34011,
2116,But,ENG,34012,
2116,ung,FIL,34013,
2116,makita,FIL,34014,
2116,mong,FIL,34015,
2116,umiyak,FIL,34016,
2116,ang,FIL,34017,
2116,tunay,FIL,34018,
2116,mong,FIL,34019,
2116,anak,FIL,34020,
2116,dahil,FIL,34021,
2116,ayaw,FIL,34022,
2116,niya,FIL,34023,
2116,malayo,FIL,34024,
2116,sa,FIL,34025,
2116,kinalakihan,FIL,34026,
2116,niyang,FIL,34027,
2116,tatay,FIL,34028,
2116,",",SYM,34029,
2116,sakit,FIL,34030,
2116,.,SYM,34031,
2118,Ayon,FIL,34032,
2118,sa,FIL,34033,
2118,binatilyo,FIL,34034,
2118,",",SYM,34035,
2118,bukod,FIL,34036,
2118,sa,FIL,34037,
2118,pananakit,FIL,34038,
2118,",",SYM,34039,
2118,pinagbantaan,FIL,34040,
2118,din,FIL,34041,
2118,daw,FIL,34042,
2118,sila,FIL,34043,
2118,kagawad,FIL,34044,
2118,na,FIL,34045,
2118,papatayin,FIL,34046,
2118,ang,FIL,34047,
2118,isang,FIL,34048,
2118,kasamahan,FIL,34049,
2118,nila,FIL,34050,
2118,.,SYM,34051,
2119,akala,FIL,34052,
2119,ko,FIL,34053,
2119,talaga,FIL,34054,
2119,ang,FIL,34055,
2119,tahimik,FIL,34056,
2119,lang,FIL,34057,
2119,natin,FIL,34058,
2119,kanina,FIL,34059,
2119,hahahaha,UNK,34060,EXPR
2119,ang,FIL,34061,
2119,konti,FIL,34062,
2119,lang,FIL,34063,
2119,natin,FIL,34064,
2119,eh,UNK,34065,EXPR
2119,.,SYM,34066,
2120,Si,FIL,34067,
2120,Carillo,UNK,34068,NE
2120,ang,FIL,34069,
2120,vice,ENG,34070,
2120,president,ENG,34071,
2120,ng,FIL,34072,
2120,asosasyon,FIL,34073,
2120,ng,FIL,34074,
2120,Magsasaka,FIL,34075,NE
2120,Siyentista,FIL,34076,NE
2120,sa,FIL,34077,
2120,Western,ENG,34078,NE
2120,Visayas,UNK,34079,NE
2120,at,FIL,34080,
2120,may-ari,FIL,34081,
2120,ng,FIL,34082,
2120,Concepcion,UNK,34083,NE
2120,Carillo,UNK,34084,NE
2120,Agricultural,ENG,34085,NE
2120,Farm,ENG,34086,NE
2120,(,SYM,34087,
2120,CFARM,ENG,34088,"ABB,NE"
2120,),SYM,34089,
2120,sa,FIL,34090,
2120,Brgy,FIL,34091,"ABB,NE"
2120,Cairohan,UNK,34092,NE
2120,Dagdag,FIL,34093,
2120,niya,FIL,34094,
2120,",",SYM,34095,
2120,itinuturo,FIL,34096,
2120,umano,FIL,34097,
2120,ng,FIL,34098,
2120,coconut,ENG,34099,
2120,bonsai,ENG,34100,
2120,kung,FIL,34101,
2120,paano,FIL,34102,
2120,magkaroon,FIL,34103,
2120,ng,FIL,34104,
2120,pasensya,FIL,34105,
2120,at,FIL,34106,
2120,hindi,FIL,34107,
2120,madaliin,FIL,34108,
2120,ang,FIL,34109,
2120,mga,FIL,34110,
2120,bagay,FIL,34111,
2120,",",SYM,34112,
2120,at,FIL,34113,
2120,kahit,FIL,34114,
2120,pa,FIL,34115,
2120,nasa,FIL,34116,
2120,pandemya,FIL,34117,
2120,",",SYM,34118,
2120,kailangan,FIL,34119,
2120,na,FIL,34120,
2120,mag-survive,FIL,34121,
2120,sa,FIL,34122,
2120,buhay,FIL,34123,
2120,.,SYM,34124,
2121,Wala,FIL,34125,
2121,akong,FIL,34126,
2121,naririnig,FIL,34127,
2121,na,FIL,34128,
2121,naghihingi,FIL,34129,
2121,ng,FIL,34130,
2121,answer,ENG,34131,
2121,chos,UNK,34132,EXPR
2121,lods,FIL,34133,
2121,di,FIL,34134,
2121,ko,FIL,34135,
2121,na,FIL,34136,
2121,yan,FIL,34137,
2121,matandaan,FIL,34138,
2121,bobo,FIL,34139,
2121,ako,FIL,34140,
2121,baka,FIL,34141,
2121,nakalimutan,FIL,34142,
2121,mo,FIL,34143,
2122,Iniipit,FIL,34144,
2122,nyo,FIL,34145,
2122,ang,FIL,34146,
2122,mga,FIL,34147,
2122,taong,FIL,34148,
2122,hindi,FIL,34149,
2122,kasama,FIL,34150,
2122,sa,FIL,34151,
2122,mga,FIL,34152,
2122,botohan,FIL,34153,
2122,ninyo,FIL,34154,
2122,.,SYM,34155,
2124,Ang,FIL,34156,
2124,average,ENG,34157,
2124,na,FIL,34158,
2124,taunang,FIL,34159,
2124,temperatura,FIL,34160,
2124,ay,FIL,34161,
2124,sa,FIL,34162,
2124,paligid,FIL,34163,
2124,ng,FIL,34164,
2124,.,SYM,34165,
2126,Lahat,FIL,34166,
2126,tayo,FIL,34167,
2126,ay,FIL,34168,
2126,sumusubok,FIL,34169,
2126,na,FIL,34170,
2126,maipagpatuloy,FIL,34171,
2126,ang,FIL,34172,
2126,ating,FIL,34173,
2126,pamumuhay,FIL,34174,
2126,sa,FIL,34175,
2126,panahon,FIL,34176,
2126,ng,FIL,34177,
2126,pandemyaika,UNK,34178,
2126,nga,FIL,34179,
2126,nila,FIL,34180,
2126,",",SYM,34181,
2126,sa,FIL,34182,
2126,ilalim,FIL,34183,
2126,ng,FIL,34184,
2126,new,ENG,34185,
2126,normal,ENG,34186,
2126,.,SYM,34187,
2127,hindi,FIL,34188,
2127,po,FIL,34189,
2127,",",SYM,34190,
2127,kaya,FIL,34191,
2127,matulog,FIL,34192,
2127,ka,FIL,34193,
2127,na,FIL,34194,
2127,.,SYM,34195,
2128,Kahit,FIL,34196,
2128,sa,FIL,34197,
2128,maliit,FIL,34198,
2128,na,FIL,34199,
2128,bagay,FIL,34200,
2128,masaya,FIL,34201,
2128,na,FIL,34202,
2128,siyaaa,FIL,34203,
2128,.,SYM,34204,
2130,Kwentuhan,FIL,34205,
2130,nyo,FIL,34206,
2130,ako,FIL,34207,
2130,bago,FIL,34208,
2130,ako,FIL,34209,
2130,matulog,FIL,34210,
2131,oras,FIL,34211,
2131,naba,FIL,34212,
2131,para,FIL,34213,
2131,mag,FIL,34214,
2131,aral,FIL,34215,
2131,ng,FIL,34216,
2131,mabuti,FIL,34217,
2131,?,SYM,34218,
2132,Sasabihin,FIL,34219,
2132,ng,FIL,34220,
2132,Diyos,FIL,34221,NE
2132,:,SYM,34222,
2132,Napakamanhid,FIL,34223,
2132,ng,FIL,34224,
2132,taong,FIL,34225,
2132,ito,FIL,34226,
2132,at,FIL,34227,
2132,napakalalim,FIL,34228,
2132,na,FIL,34229,
2132,ng,FIL,34230,
2132,kanyang,FIL,34231,
2132,pagkatiwali,FIL,34232,
2132,.,SYM,34233,
2134,Hindi,FIL,34234,
2134,ba,FIL,34235,
2134,sila,FIL,34236,
2134,ang,FIL,34237,
2134,mga,FIL,34238,
2134,uri,FIL,34239,
2134,ng,FIL,34240,
2134,tao,FIL,34241,
2134,na,FIL,34242,
2134,laging,FIL,34243,
2134,sinasamahan,FIL,34244,
2134,ng,FIL,34245,
2134,Aking,FIL,34246,
2134,kaluwalhatian,FIL,34247,
2134,?,SYM,34248,
2135,sana,FIL,34249,
2135,kumain,FIL,34250,
2135,ka,FIL,34251,
2135,na,FIL,34252,
2135,ng,FIL,34253,
2135,lunch,ENG,34254,
2135,.,SYM,34255,
2136,Takot,FIL,34256,
2136,ba,FIL,34257,
2136,kayo,FIL,34258,
2136,sa,FIL,34259,
2136,martial,ENG,34260,
2136,law,ENG,34261,
2136,kami,FIL,34262,
2136,nga,FIL,34263,
2136,hindi,FIL,34264,
2136,kami,FIL,34265,
2136,takot,FIL,34266,
2136,dinaanan,FIL,34267,
2136,nanamin,FIL,34268,
2136,yang,FIL,34269,
2136,martial,ENG,34270,
2136,law,ENG,34271,
2136,ok,ENG,34272,
2136,pa,FIL,34273,
2136,nga,FIL,34274,
2136,kc,FIL,34275,ABB
2136,wala,FIL,34276,
2136,ng,FIL,34277,
2136,mga,FIL,34278,
2136,masasama,FIL,34279,
2136,wala,FIL,34280,
2136,naring,FIL,34281,
2136,makulit,FIL,34282,
2136,na,FIL,34283,
2136,media,ENG,34284,
2136,60,NUM,34285,
2136,na,FIL,34286,
2136,ako,FIL,34287,
2136,ngaun,FIL,34288,
2136,masarap,FIL,34289,
2136,ang,FIL,34290,
2136,buhay,FIL,34291,
2136,namin,FIL,34292,
2136,noong,FIL,34293,
2136,martial,ENG,34294,
2136,law,ENG,34295,
2136,hindi,FIL,34296,
2136,kami,FIL,34297,
2136,takot,FIL,34298,
2137,makikinig,FIL,34299,
2137,sa,FIL,34300,
2137,mga,FIL,34301,
2137,pangaral,FIL,34302,
2137,mo,FIL,34303,
2137,ama,FIL,34304,
2138,Sarap,FIL,34305,
2138,sampalin,FIL,34306,
2138,ng,FIL,34307,
2138,babae,FIL,34308,
2138,pucha,UNK,34309,EXPR
2138,pina,FIL,34310,
2138,iyak,FIL,34311,
2138,ako,FIL,34312,
2139,Ibig,FIL,34313,
2139,sabihin,FIL,34314,
2139,",",SYM,34315,
2139,ginagawa,FIL,34316,
2139,Niyang,FIL,34317,
2139,perpekto,FIL,34318,
2139,ang,FIL,34319,
2139,matatalinong,FIL,34320,
2139,dalagang,FIL,34321,
2139,iyon,FIL,34322,
2139,na,FIL,34323,
2139,nagbalik,FIL,34324,
2139,sa,FIL,34325,
2139,Kanya,FIL,34326,
2139,matapos,FIL,34327,
2139,marinig,FIL,34328,
2139,ang,FIL,34329,
2139,Kanyang,FIL,34330,
2139,tinig,FIL,34331,
2139,at,FIL,34332,
2139,dadalhin,FIL,34333,
2139,sila,FIL,34334,
2139,sa,FIL,34335,
2139,kaharian,FIL,34336,
2139,ng,FIL,34337,
2139,Diyos,FIL,34338,NE
2139,.,SYM,34339,
2140,Byudo,FIL,34340,
2140,na,FIL,34341,
2140,si,FIL,34342,
2140,cardo,UNK,34343,NE
2140,sana,FIL,34344,
2140,makakita,FIL,34345,
2140,uli,FIL,34346,
2140,siya,FIL,34347,
2140,ng,FIL,34348,
2140,bagong,FIL,34349,
2140,mamahalin,FIL,34350,
2140,at,FIL,34351,
2140,makakasama,FIL,34352,
2140,habang,FIL,34353,
2140,buhay,FIL,34354,
2140,.,SYM,34355,
2141,Unang,FIL,34356,
2141,yugto,FIL,34357,
2141,pa,FIL,34358,
2141,lamang,FIL,34359,
2141,ay,FIL,34360,
2141,pinatikim,FIL,34361,
2141,na,FIL,34362,
2141,ng,FIL,34363,
2141,Korea,ENG,34364,NE
2141,ang,FIL,34365,
2141,kanilang,FIL,34366,
2141,bagsik,FIL,34367,
2141,makaraang,FIL,34368,
2141,makapuntos,FIL,34369,
2141,sa,FIL,34370,
2141,ika-apat,FIL,34371,
2141,na,FIL,34372,
2141,minuto,FIL,34373,
2141,hatid,FIL,34374,
2141,ni,FIL,34375,
2141,Cho,UNK,34376,NE
2141,So-Hyun,UNK,34377,NE
2141,.,SYM,34378,
2142,Ilegal,FIL,34379,
2142,ito,FIL,34380,
2142,dahil,FIL,34381,
2142,iilang,FIL,34382,
2142,tao,FIL,34383,
2142,lang,FIL,34384,
2142,ang,FIL,34385,
2142,nagtatamasa,FIL,34386,
2142,ng,FIL,34387,
2142,limpak-limpak,FIL,34388,
2142,na,FIL,34389,
2142,salapi,FIL,34390,
2142,at,FIL,34391,
2142,walang,FIL,34392,
2142,ganansiya,FIL,34393,
2142,ang,FIL,34394,
2142,gobyerno,FIL,34395,
2142,.,SYM,34396,
2143,Taong,FIL,34397,
2143,1456,NUM,34398,
2143,",",SYM,34399,
2143,makalipas,FIL,34400,
2143,ang,FIL,34401,
2143,tatlumput,FIL,34402,
2143,limang,FIL,34403,
2143,taon,FIL,34404,
2143,",",SYM,34405,
2143,muling,FIL,34406,
2143,pinabuksan,FIL,34407,
2143,ng,FIL,34408,
2143,Santo,FIL,34409,
2143,Papa,FIL,34410,
2143,ang,FIL,34411,
2143,kaso,FIL,34412,
2143,ng,FIL,34413,
2143,Maid,ENG,34414,NE
2143,of,ENG,34415,NE
2143,Orleans,UNK,34416,NE
2143,at,FIL,34417,
2143,nabaligtad,FIL,34418,
2143,nga,FIL,34419,
2143,ang,FIL,34420,
2143,sentensiya,FIL,34421,
2143,sa,FIL,34422,
2143,kanya,FIL,34423,
2143,sa,FIL,34424,
2143,pagsasad,FIL,34425,
2143,na,FIL,34426,
2143,ito,FIL,34427,
2143,ay,FIL,34428,
2143,tainted,ENG,34429,
2143,by,ENG,34430,
2143,fraud,ENG,34431,
2143,",",SYM,34432,
2143,calumny,ENG,34433,
2143,",",SYM,34434,
2143,iniquity,ENG,34435,
2143,",",SYM,34436,
2143,contradiction,ENG,34437,
2143,",",SYM,34438,
2143,and,ENG,34439,
2143,manifests,ENG,34440,
2143,errors,ENG,34441,
2143,of,ENG,34442,
2143,fact,ENG,34443,
2143,and,ENG,34444,
2143,of,ENG,34445,
2143,law,ENG,34446,
2143,.,SYM,34447,
2144,Ang,FIL,34448,
2144,suhestiyon,FIL,34449,
2144,ni,FIL,34450,
2144,Villafuerte,UNK,34451,NE
2144,ay,FIL,34452,
2144,kadalasang,FIL,34453,
2144,ginagawa,FIL,34454,
2144,sa,FIL,34455,
2144,mga,FIL,34456,
2144,bangkaroteng,FIL,34457,
2144,kompanya,FIL,34458,
2144,na,FIL,34459,
2144,murang,FIL,34460,
2144,nabibili,FIL,34461,
2144,ng,FIL,34462,
2144,mga,FIL,34463,
2144,kapitalista,FIL,34464,
2144,dahil,FIL,34465,
2144,nalugi,FIL,34466,
2144,na,FIL,34467,
2144,ang,FIL,34468,
2144,mga,FIL,34469,
2144,may-ari,FIL,34470,
2144,.,SYM,34471,
2145,At,FIL,34472,
2145,kung,FIL,34473,
2145,di,FIL,34474,
2145,man,FIL,34475,
2145,",",SYM,34476,
2145,hindi,FIL,34477,
2145,ko,FIL,34478,
2145,isisisi,FIL,34479,
2145,sa,FIL,34480,
2145,Diyos,FIL,34481,NE
2145,",",SYM,34482,
2145,pero,FIL,34483,
2145,gagawin,FIL,34484,
2145,ko,FIL,34485,
2145,ang,FIL,34486,
2145,tungkulin,FIL,34487,
2145,ko,FIL,34488,
2145,sa,FIL,34489,
2145,abot,FIL,34490,
2145,ng,FIL,34491,
2145,makakaya,FIL,34492,
2145,.,SYM,34493,
2146,Taenang,FIL,34494,
2146,paglagay,FIL,34495,
2146,ng,FIL,34496,
2146,tubig,FIL,34497,
2146,yan,FIL,34498,
2146,nong,FIL,34499,
2146,Hahahahaha,UNK,34500,EXPR
2147,Nagpatawag,FIL,34501,
2147,ng,FIL,34502,
2147,biglaang,FIL,34503,
2147,press,ENG,34504,
2147,conference,ENG,34505,
2147,ang,FIL,34506,
2147,PBA,FIL,34507,"ABB,NE"
2147,kahapon,FIL,34508,
2147,para,FIL,34509,
2147,basagin,FIL,34510,
2147,ang,FIL,34511,
2147,balitang,FIL,34512,
2147,may,FIL,34513,
2147,go-signal,ENG,34514,
2147,na,FIL,34515,
2147,si,FIL,34516,
2147,Kiefer,UNK,34517,NE
2147,na,FIL,34518,
2147,maglaro,FIL,34519,
2147,sa,FIL,34520,
2147,Shiga,UNK,34521,NE
2147,Lakestars,ENG,34522,NE
2147,pagkatapos,FIL,34523,
2147,ng,FIL,34524,
2147,Philippine,ENG,34525,NE
2147,Cup,ENG,34526,NE
2147,.,SYM,34527,
2148,Imagine,ENG,34528,
2148,na,FIL,34529,
2148,ung,FIL,34530,
2148,sa,FIL,34531,
2148,last,ENG,34532,
2148,part,ENG,34533,
2148,ng,FIL,34534,
2148,video,ENG,34535,
2148,haha,UNK,34536,EXPR
2148,",",SYM,34537,
2148,maging,FIL,34538,
2148,part,ENG,34539,
2148,ng,FIL,34540,
2148,beat,ENG,34541,
2148,sa,FIL,34542,
2148,mga,FIL,34543,
2148,kanta,FIL,34544,
2148,ng,FIL,34545,
2148,coln,UNK,34546,NE
2148,hhahaha,UNK,34547,EXPR
2148,sge,FIL,34548,ABB
2148,tawa,FIL,34549,
2148,hahaha,UNK,34550,EXPR
2149,Yung,FIL,34551,
2149,tipong,FIL,34552,
2149,sasabihan,FIL,34553,
2149,ka,FIL,34554,
2149,ng,FIL,34555,
2149,ganon,FIL,34556,
2149,.,SYM,34557,
2151,Tamang,FIL,34558,
2151,pa,FIL,34559,
2151,hangin,FIL,34560,
2151,nanaman,FIL,34561,
2151,ako,FIL,34562,
2151,sa,FIL,34563,
2151,bulacan,FIL,34564,NE
2151,nakaka,FIL,34565,
2151,stress,ENG,34566,
2151,sa,FIL,34567,
2151,paranaque,FIL,34568,NE
2152,Papano,FIL,34569,
2152,nyo,FIL,34570,
2152,ipapaliwanag,FIL,34571,
2152,ang,FIL,34572,
2152,mga,FIL,34573,
2152,Raja,FIL,34574,
2152,",",SYM,34575,
2152,Lakan,FIL,34576,
2152,at,FIL,34577,
2152,Datu,FIL,34578,
2152,?,SYM,34579,
2153,Inihahanda,FIL,34580,
2153,na,FIL,34581,
2153,ngayon,FIL,34582,
2153,ng,FIL,34583,
2153,mga,FIL,34584,
2153,opisyal,FIL,34585,
2153,ng,FIL,34586,
2153,barangay,FIL,34587,
2153,ang,FIL,34588,
2153,mga,FIL,34589,
2153,tent,ENG,34590,
2153,at,FIL,34591,
2153,pagkain,FIL,34592,
2153,na,FIL,34593,
2153,kanilang,FIL,34594,
2153,ibibigay,FIL,34595,
2153,sa,FIL,34596,
2153,mga,FIL,34597,
2153,apektadong,FIL,34598,
2153,residente,FIL,34599,
2153,",",SYM,34600,
2153,na,FIL,34601,
2153,pansamantala,FIL,34602,
2153,munang,FIL,34603,
2153,manunuluyan,FIL,34604,
2153,sa,FIL,34605,
2153,covered,ENG,34606,
2153,court,ENG,34607,
2153,sa,FIL,34608,
2153,nasabing,FIL,34609,
2153,barangay,FIL,34610,
2153,.,SYM,34611,
2154,Agad,FIL,34612,
2154,na,FIL,34613,
2154,ipinadala,FIL,34614,
2154,ang,FIL,34615,
2154,video,ENG,34616,
2154,sa,FIL,34617,
2154,pulisya,FIL,34618,
2154,",",SYM,34619,
2154,at,FIL,34620,
2154,nadiskubre,FIL,34621,
2154,ng,FIL,34622,
2154,mga,FIL,34623,
2154,awtoridad,FIL,34624,
2154,na,FIL,34625,
2154,kabilang,FIL,34626,
2154,ang,FIL,34627,
2154,lalaki,FIL,34628,
2154,sa,FIL,34629,
2154,watchlist,ENG,34630,
2154,.,SYM,34631,
2155,Madali,FIL,34632,
2155,ba,FIL,34633,
2155,para,FIL,34634,
2155,sa,FIL,34635,
2155,lahat,FIL,34636,
2155,ng,FIL,34637,
2155,bagay,FIL,34638,
2155,na,FIL,34639,
2155,ito,FIL,34640,
2155,na,FIL,34641,
2155,matamo,FIL,34642,
2155,ang,FIL,34643,
2155,isang,FIL,34644,
2155,kaugnayan,FIL,34645,
2155,ng,FIL,34646,
2155,pagtutulungan,FIL,34647,
2155,",",SYM,34648,
2155,ng,FIL,34649,
2155,palitan,FIL,34650,
2155,ng,FIL,34651,
2155,tulong,FIL,34652,
2155,at,FIL,34653,
2155,paghihigpit,FIL,34654,
2155,",",SYM,34655,
2155,ng,FIL,34656,
2155,pagkakaugnay-ugnay,FIL,34657,
2155,?,SYM,34658,
2156,hays,UNK,34659,EXPR
2156,",",SYM,34660,
2156,ineengage,FIL,34661,
2156,siya,FIL,34662,
2156,nang,FIL,34663,
2156,maayos,FIL,34664,
2156,",",SYM,34665,
2156,pero,FIL,34666,
2156,pa,FIL,34667,
2156,savage,ENG,34668,
2156,ang,FIL,34669,
2156,trip,ENG,34670,
2156,nya,FIL,34671,
2156,.,SYM,34672,
2157,Grabe,FIL,34673,
2157,mahal,FIL,34674,
2157,ng,FIL,34675,
2157,food,ENG,34676,
2157,dapat,FIL,34677,
2157,pala,FIL,34678,
2157,pag,FIL,34679,
2157,pumnta,FIL,34680,
2157,ka,FIL,34681,
2157,jan,FIL,34682,
2157,at,FIL,34683,
2157,dalwang,FIL,34684,
2157,maleta,FIL,34685,
2157,ang,FIL,34686,
2157,dala,FIL,34687,
2157,mo,FIL,34688,
2157,un,FIL,34689,
2157,isa,FIL,34690,
2157,gamit,FIL,34691,
2157,ang,FIL,34692,
2157,laman,FIL,34693,
2157,at,FIL,34694,
2157,un,FIL,34695,
2157,isang,FIL,34696,
2157,laman,FIL,34697,
2157,ai,FIL,34698,
2157,puro,FIL,34699,
2157,drinks,ENG,34700,
2157,and,ENG,34701,
2157,foods,ENG,34702,
2157,para,FIL,34703,
2157,makatipid,FIL,34704,
2158,Ganyan,FIL,34705,
2158,tlaga,FIL,34706,
2158,ang,FIL,34707,
2158,batas,FIL,34708,
2158,sa,FIL,34709,
2158,pilipinas,FIL,34710,
2158,my,ENG,34711,
2158,pera,FIL,34712,
2158,lng,FIL,34713,
2158,ang,FIL,34714,
2158,pinapanigan,FIL,34715,
2159,Lahat,FIL,34716,
2159,ng,FIL,34717,
2159,kapatid,FIL,34718,
2159,at,FIL,34719,
2159,friends,ENG,34720,
2159,ko,FIL,34721,
2159,tumama,FIL,34722,
2159,ang,FIL,34723,
2159,gender,ENG,34724,
2159,nila,FIL,34725,
2159,s,FIL,34726,
2159,tinuro,FIL,34727,
2159,kong,FIL,34728,
2159,calendar,ENG,34729,
2159,n,FIL,34730,
2159,un,FIL,34731,
2160,lintek,UNK,34732,EXPR
2160,yan,FIL,34733,
2160,naiiyak,FIL,34734,
2160,na,FIL,34735,
2160,ako,FIL,34736,
2160,kakatawa,FIL,34737,
2160,mula,FIL,34738,
2160,umpisa,FIL,34739,
2160,lalo,FIL,34740,
2160,na,FIL,34741,
2160,sa,FIL,34742,
2160,"""",SYM,34743,
2160,lalamog,FIL,34744,
2160,"""",SYM,34745,
2161,Sa,FIL,34746,
2161,kasalukuyan,FIL,34747,
2161,",",SYM,34748,
2161,ang,FIL,34749,
2161,Aking,FIL,34750,
2161,Espiritu,FIL,34751,
2161,ay,FIL,34752,
2161,kumikilos,FIL,34753,
2161,sa,FIL,34754,
2161,buong,FIL,34755,
2161,lupa,FIL,34756,
2161,",",SYM,34757,
2161,nagtatakda,FIL,34758,
2161,ng,FIL,34759,
2161,mga,FIL,34760,
2161,bilang,FIL,34761,
2161,sa,FIL,34762,
2161,lahat,FIL,34763,
2161,ng,FIL,34764,
2161,uri,FIL,34765,
2161,ng,FIL,34766,
2161,tao,FIL,34767,
2161,",",SYM,34768,
2161,nagmamarka,FIL,34769,
2161,ng,FIL,34770,
2161,ibat,FIL,34771,
2161,ibang,FIL,34772,
2161,tanda,FIL,34773,
2161,sa,FIL,34774,
2161,bawat,FIL,34775,
2161,uri,FIL,34776,
2161,ng,FIL,34777,
2161,tao,FIL,34778,
2161,",",SYM,34779,
2161,upang,FIL,34780,
2161,ang,FIL,34781,
2161,kanilang,FIL,34782,
2161,mga,FIL,34783,
2161,ninuno,FIL,34784,
2161,ay,FIL,34785,
2161,matagumpay,FIL,34786,
2161,na,FIL,34787,
2161,magabayan,FIL,34788,
2161,sila,FIL,34789,
2161,pabalik,FIL,34790,
2161,sa,FIL,34791,
2161,kanilang,FIL,34792,
2161,mga,FIL,34793,
2161,pamilya,FIL,34794,
2161,at,FIL,34795,
2161,hindi,FIL,34796,
2161,Ko,FIL,34797,
2161,na,FIL,34798,
2161,kailangang,FIL,34799,
2161,patuloy,FIL,34800,
2161,na,FIL,34801,
2161,mag-alala,FIL,34802,
2161,sa,FIL,34803,
2161,kanila,FIL,34804,
2161,",",SYM,34805,
2161,na,FIL,34806,
2161,masyadong,FIL,34807,
2161,nakakaabala,FIL,34808,
2161,;,SYM,34809,
2161,sa,FIL,34810,
2161,gayon,FIL,34811,
2161,",",SYM,34812,
2161,hinahati,FIL,34813,
2161,Ko,FIL,34814,
2161,rin,FIL,34815,
2161,ang,FIL,34816,
2161,pagpapagal,FIL,34817,
2161,",",SYM,34818,
2161,at,FIL,34819,
2161,ipinamamahagi,FIL,34820,
2161,ang,FIL,34821,
2161,mga,FIL,34822,
2161,pagsisikap,FIL,34823,
2161,.,SYM,34824,
2162,Hindi,FIL,34825,
2162,nagkaroon,FIL,34826,
2162,ang,FIL,34827,
2162,Panginoong,FIL,34828,NE
2162,Jesus,UNK,34829,NE
2162,ng,FIL,34830,
2162,anumang,FIL,34831,
2162,mga,FIL,34832,
2162,kahilingan,FIL,34833,
2162,sa,FIL,34834,
2162,kanila,FIL,34835,
2162,sa,FIL,34836,
2162,Kanyang,FIL,34837,
2162,puso,FIL,34838,
2162,",",SYM,34839,
2162,ayaw,FIL,34840,
2162,Niyang,FIL,34841,
2162,pansinin,FIL,34842,
2162,ang,FIL,34843,
2162,mga,FIL,34844,
2162,ito,FIL,34845,
2162,",",SYM,34846,
2162,lalong,FIL,34847,
2162,ayaw,FIL,34848,
2162,Niyang,FIL,34849,
2162,gugulin,FIL,34850,
2162,ang,FIL,34851,
2162,Kanyang,FIL,34852,
2162,lakas,FIL,34853,
2162,sa,FIL,34854,
2162,kanila,FIL,34855,
2162,",",SYM,34856,
2162,at,FIL,34857,
2162,nalalaman,FIL,34858,
2162,Niyang,FIL,34859,
2162,hindi,FIL,34860,
2162,nila,FIL,34861,
2162,magagawang,FIL,34862,
2162,sumunod,FIL,34863,
2162,sa,FIL,34864,
2162,Kanya,FIL,34865,
2162,sa,FIL,34866,
2162,kabila,FIL,34867,
2162,ng,FIL,34868,
2162,lahat,FIL,34869,
2162,ng,FIL,34870,
2162,ito,FIL,34871,
2162,",",SYM,34872,
2162,ang,FIL,34873,
2162,Kanyang,FIL,34874,
2162,saloobin,FIL,34875,
2162,tungo,FIL,34876,
2162,sa,FIL,34877,
2162,kanila,FIL,34878,
2162,ay,FIL,34879,
2162,napakalinaw,FIL,34880,
2162,pa,FIL,34881,
2162,rin,FIL,34882,
2162,.,SYM,34883,
2163,Pinayuhan,FIL,34884,
2163,ni,FIL,34885,
2163,Pangulong,FIL,34886,
2163,Rodrigo,UNK,34887,NE
2163,Duterte,UNK,34888,NE
2163,ang,FIL,34889,
2163,publiko,FIL,34890,
2163,na,FIL,34891,
2163,umiwas,FIL,34892,
2163,muna,FIL,34893,
2163,sa,FIL,34894,
2163,online,ENG,34895,
2163,shopping,ENG,34896,
2163,para,FIL,34897,
2163,hindi,FIL,34898,
2163,mabiktima,FIL,34899,
2163,ng,FIL,34900,
2163,mga,FIL,34901,
2163,manloloko,FIL,34902,
2163,.,SYM,34903,
2164,hindi,FIL,34904,
2164,na,FIL,34905,
2164,ako,FIL,34906,
2164,mag,FIL,34907,
2164,tataka,FIL,34908,
2164,pag,FIL,34909,
2164,napagod,FIL,34910,
2164,sa,FIL,34911,
2164,ugali,FIL,34912,
2164,ko,FIL,34913,
2164,shsshshaha,UNK,34914,EXPR
2165,Ayaw,FIL,34915,
2165,ko,FIL,34916,
2165,ng,FIL,34917,
2165,garneng,FIL,34918,
2165,badtrip,ENG,34919,
2165,bubungad,FIL,34920,
2165,saken,FIL,34921,
2165,sa,FIL,34922,
2165,umaga,FIL,34923,
2165,",",SYM,34924,
2165,apektado,FIL,34925,
2165,maghapon,FIL,34926,
2165,nito,FIL,34927,
2166,Gogogo,UNK,34928,EXPR
2166,Bongbong,UNK,34929,NE
2166,Marcos,UNK,34930,NE
2166,",",SYM,34931,
2166,sana,FIL,34932,
2166,ikaw,FIL,34933,
2166,na,FIL,34934,
2166,ang,FIL,34935,
2166,sumunod,FIL,34936,
2166,sa,FIL,34937,
2166,yapak,FIL,34938,
2166,ni,FIL,34939,
2166,pangulong,FIL,34940,
2166,Duterte,UNK,34941,NE
2166,",",SYM,34942,
2166,kc,FIL,34943,ABB
2166,ang,FIL,34944,
2166,mga,FIL,34945,
2166,Marcos,UNK,34946,NE
2166,nmn,FIL,34947,ABB
2166,tlaga,FIL,34948,ABB
2166,ang,FIL,34949,
2166,my,FIL,34950,ABB
2166,tunay,FIL,34951,
2166,na,FIL,34952,
2166,my,FIL,34953,ABB
2166,malasakit,FIL,34954,
2166,sa,FIL,34955,
2166,mga,FIL,34956,
2166,Pilipino,FIL,34957,
2166,",",SYM,34958,
2166,siniraan,FIL,34959,
2166,lng,FIL,34960,ABB
2166,ng,FIL,34961,
2166,mga,FIL,34962,
2166,Aquino,UNK,34963,NE
2166,ang,FIL,34964,
2166,pangalan,FIL,34965,
2166,ng,FIL,34966,
2166,mga,FIL,34967,
2166,Marcos,UNK,34968,NE
2166,",",SYM,34969,
2166,dhil,FIL,34970,ABB
2166,sa,FIL,34971,
2166,inggit,FIL,34972,
2166,nila,FIL,34973,
2166,sa,FIL,34974,
2166,mga,FIL,34975,
2166,Marcos,UNK,34976,NE
2166,.,SYM,34977,
2167,Pasensya,FIL,34978,
2167,na,FIL,34979,
2167,ngayon,FIL,34980,
2167,ko,FIL,34981,
2167,lang,FIL,34982,
2167,sasagutin,FIL,34983,
2167,yung,FIL,34984,
2167,mga,FIL,34985,
2167,tanong,FIL,34986,
2167,nyo,FIL,34987,
2167,sa,FIL,34988,
2167,sayout,UNK,34989,NE
2167,.me,UNK,34990,NE
2167,",",SYM,34991,
2167,ngayon,FIL,34992,
2167,lang,FIL,34993,
2167,kase,FIL,34994,
2167,ako,FIL,34995,
2167,nakababa,FIL,34996,
2167,ng,FIL,34997,
2167,bundok,FIL,34998,
2168,Kaunti,FIL,34999,
2168,ang,FIL,35000,
2168,pinasasalamatan,FIL,35001,
2168,ninyo,FIL,35002,
2168,!,SYM,35003,
2168,"""",SYM,35004,
2168,,SYM,35005,
2169,Umaasa,FIL,35006,
2169,naman,FIL,35007,
2169,si,FIL,35008,
2169,Shiela,UNK,35009,NE
2169,na,FIL,35010,
2169,maging,FIL,35011,
2169,inspirasyon,FIL,35012,
2169,sana,FIL,35013,
2169,sila,FIL,35014,
2169,sa,FIL,35015,
2169,mga,FIL,35016,
2169,ibang,FIL,35017,
2169,nahihirapan,FIL,35018,
2169,din,FIL,35019,
2169,sa,FIL,35020,
2169,kabuhayan,FIL,35021,
2169,ngayong,FIL,35022,
2169,may,FIL,35023,
2169,pandemic,ENG,35024,
2169,.,SYM,35025,
2170,Doon,FIL,35026,
2170,sa,FIL,35027,
2170,marunong,FIL,35028,
2170,rumespeto,FIL,35029,
2170,yun,FIL,35030,
2170,ang,FIL,35031,
2170,tinatawag,FIL,35032,
2170,na,FIL,35033,
2170,malawak,FIL,35034,
2170,ang,FIL,35035,
2170,kaisipan,FIL,35036,
2170,.,SYM,35037,
2171,Hindi,FIL,35038,
2171,ko,FIL,35039,
2171,alam,FIL,35040,
2171,bakit,FIL,35041,
2171,sobra,FIL,35042,
2171,akong,FIL,35043,
2171,iyak,FIL,35044,
2171,ng,FIL,35045,
2171,iyak,FIL,35046,
2171,ng,FIL,35047,
2171,mapanood,FIL,35048,
2171,ko,FIL,35049,
2171,toh,FIL,35050,
2171,!,SYM,35051,
2172,Gayunman,FIL,35052,
2172,",",SYM,35053,
2172,aminado,FIL,35054,
2172,itong,FIL,35055,
2172,hindi,FIL,35056,
2172,natupad,FIL,35057,
2172,ang,FIL,35058,
2172,physical,ENG,35059,
2172,distancing,ENG,35060,
2172,dahil,FIL,35061,
2172,sa,FIL,35062,
2172,dami,FIL,35063,
2172,ng,FIL,35064,
2172,mga,FIL,35065,
2172,lumikas,FIL,35066,
2172,.,SYM,35067,
2173,Same,ENG,35068,
2173,with,ENG,35069,
2173,ninong,FIL,35070,
2173,ganyan,FIL,35071,
2173,din,FIL,35072,
2173,ako,FIL,35073,
2173,mg,FIL,35074,ABB
2173,luto,FIL,35075,
2173,ng,FIL,35076,
2173,fries,ENG,35077,
2173,tapos,FIL,35078,
2173,tinatawanan,FIL,35079,
2173,ako,FIL,35080,
2173,sa,FIL,35081,
2173,bahay,FIL,35082,
2173,bat,FIL,35083,ABB
2173,ganon,FIL,35084,
2173,daw,FIL,35085,
2173,ako,FIL,35086,
2173,mg,FIL,35087,ABB
2173,luto,FIL,35088,
2173,at,FIL,35089,
2173,ang,FIL,35090,
2173,arte,FIL,35091,
2173,ko,FIL,35092,
2173,daw,FIL,35093,
2173,ehh,UNK,35094,EXPR
2173,sa,FIL,35095,
2173,ganon,FIL,35096,
2173,ako,FIL,35097,
2173,mg,FIL,35098,ABB
2173,luto,FIL,35099,
2173,ehh,UNK,35100,EXPR
2173,para,FIL,35101,
2173,din,FIL,35102,
2173,nmn,FIL,35103,ABB
2173,sa,FIL,35104,
2173,crispy,ENG,35105,
2173,ng,FIL,35106,
2173,fries,ENG,35107,
2173,at,FIL,35108,
2173,sa,FIL,35109,
2173,kasarapan,FIL,35110,
2173,ng,FIL,35111,
2173,isang,FIL,35112,
2173,patatas,FIL,35113,
2173,ehh,UNK,35114,EXPR
2173,diba,FIL,35115,
2173,for,ENG,35116,
2173,the,ENG,35117,
2173,Friess,ENG,35118,
2173,ahahah,UNK,35119,EXPR
2174,Madalas,FIL,35120,
2174,matanong,FIL,35121,
2174,at,FIL,35122,
2174,mapagkamalan,FIL,35123,
2174,na,FIL,35124,
2174,ang,FIL,35125,
2174,totoong,FIL,35126,
2174,motibo,FIL,35127,
2174,raw,FIL,35128,
2174,ay,FIL,35129,
2174,dahil,FIL,35130,
2174,papasukin,FIL,35131,
2174,din,FIL,35132,
2174,ang,FIL,35133,
2174,politika,FIL,35134,
2174,",",SYM,35135,
2174,pero,FIL,35136,
2174,alam,FIL,35137,
2174,na,FIL,35138,
2174,hanggang,FIL,35139,
2174,ngayon,FIL,35140,
2174,",",SYM,35141,
2174,isang,FIL,35142,
2174,bagay,FIL,35143,
2174,ito,FIL,35144,
2174,na,FIL,35145,
2174,hindi,FIL,35146,
2174,niya,FIL,35147,
2174,pinapasok,FIL,35148,
2174,.,SYM,35149,
2176,Ang,FIL,35150,
2176,tanong,FIL,35151,
2176,paano,FIL,35152,
2176,ulit,FIL,35153,
2176,haharapin,FIL,35154,
2176,ng,FIL,35155,
2176,Manansala,UNK,35156,NE
2176,sisters,ENG,35157,
2176,ang,FIL,35158,
2176,sitwasyon,FIL,35159,
2176,nila,FIL,35160,
2176,ngayong,FIL,35161,
2176,isang,FIL,35162,
2176,iglap,FIL,35163,
2176,nabago,FIL,35164,
2176,ang,FIL,35165,
2176,lahat,FIL,35166,
2176,!,SYM,35167,
2178,Nagbigay,FIL,35168,
2178,rin,FIL,35169,
2178,ng,FIL,35170,
2178,mensahe,FIL,35171,
2178,ang,FIL,35172,
2178,kapatid,FIL,35173,
2178,ni,FIL,35174,
2178,Benj,UNK,35175,NE
2178,na,FIL,35176,
2178,si,FIL,35177,
2178,Myki,UNK,35178,NE
2178,.,SYM,35179,
2179,Samantala,FIL,35180,
2179,",",SYM,35181,
2179,sabi,FIL,35182,
2179,ni,FIL,35183,
2179,Topacio,UNK,35184,NE
2179,",",SYM,35185,
2179,mayroon,FIL,35186,
2179,na,FIL,35187,
2179,umanong,FIL,35188,
2179,naging,FIL,35189,
2179,epekto,FIL,35190,
2179,ang,FIL,35191,
2179,pagdiin,FIL,35192,
2179,ng,FIL,35193,
2179,Senado,FIL,35194,NE
2179,sa,FIL,35195,
2179,Pharmally,ENG,35196,NE
2179,",",SYM,35197,
2179,sa,FIL,35198,
2179,iba,FIL,35199,
2179,pang,FIL,35200,
2179,mga,FIL,35201,
2179,kompanya,FIL,35202,
2179,gaya,FIL,35203,
2179,ng,FIL,35204,
2179,hindi,FIL,35205,
2179,pagtuloy,FIL,35206,
2179,ng,FIL,35207,
2179,mga,FIL,35208,
2179,ito,FIL,35209,
2179,sa,FIL,35210,
2179,kanilang,FIL,35211,
2179,transaksyon,FIL,35212,
2179,sa,FIL,35213,
2179,Department,ENG,35214,NE
2179,of,ENG,35215,
2179,Health,ENG,35216,NE
2179,(,SYM,35217,
2179,DOH,ENG,35218,ABB
2179,),SYM,35219,
2179,.,SYM,35220,
2180,ang,FIL,35221,
2180,dami,FIL,35222,
2180,ko,FIL,35223,
2180,time,ENG,35224,
2180,mag,FIL,35225,
2180,isip,FIL,35226,
2180,kung,FIL,35227,
2180,ano,FIL,35228,
2180,gagawin,FIL,35229,
2180,ko,FIL,35230,
2180,sa,FIL,35231,
2180,bday,ENG,35232,ABB
2180,ko,FIL,35233,
2180,di,FIL,35234,
2180,nga,FIL,35235,
2180,ako,FIL,35236,
2180,sure,ENG,35237,
2180,kung,FIL,35238,
2180,aabot,FIL,35239,
2180,pa,FIL,35240,
2180,ako,FIL,35241,
2180,ng,FIL,35242,
2180,december,ENG,35243,
2180,",",SYM,35244,
2180,dahil,FIL,35245,
2180,sa,FIL,35246,
2180,lifestyle,ENG,35247,
2180,ko,FIL,35248,
2181,Sabi,FIL,35249,
2181,ng,FIL,35250,
2181,ilan,FIL,35251,
2181,",",SYM,35252,
2181,iyon,FIL,35253,
2181,daw,FIL,35254,
2181,mga,FIL,35255,
2181,taong,FIL,35256,
2181,nagpako,FIL,35257,
2181,sa,FIL,35258,
2181,Panginoong,FIL,35259,NE
2181,Jesus,UNK,35260,NE
2181,sa,FIL,35261,
2181,krus,FIL,35262,
2181,.,SYM,35263,
2182,Pati,FIL,35264,
2182,mga,FIL,35265,
2182,bugok,FIL,35266,
2182,na,FIL,35267,
2182,DDS,FIL,35268,"ABB,NE"
2182,nalilito,FIL,35269,
2183,hindi,FIL,35270,
2183,ba,FIL,35271,
2183,bumababa,FIL,35272,
2183,dugo,FIL,35273,
2183,mo,FIL,35274,
2183,pag,FIL,35275,
2183,naliligo,FIL,35276,
2183,sa,FIL,35277,
2183,gabi,FIL,35278,
2184,Kaya,FIL,35279,
2184,ba,FIL,35280,
2184,ng,FIL,35281,
2184,mga,FIL,35282,
2184,kasabihang,FIL,35283,
2184,ito,FIL,35284,
2184,na,FIL,35285,
2184,gawing,FIL,35286,
2184,tiwali,FIL,35287,
2184,ang,FIL,35288,
2184,mga,FIL,35289,
2184,tao,FIL,35290,
2184,?,SYM,35291,
2185,Nakipag,FIL,35292,
2185,sabayan,FIL,35293,
2185,sa,FIL,35294,
2185,puyatan,FIL,35295,
2185,kay,FIL,35296,
2185,Lhea,UNK,35297,NE
2185,seguro,FIL,35298,
2185,kakagising,FIL,35299,
2185,lng,FIL,35300,ABB
2185,nya,FIL,35301,
2185,ngayon,FIL,35302,
2185,pra,FIL,35303,ABB
2185,si,FIL,35304,
2185,Gwen,UNK,35305,NE
2185,matutulog,FIL,35306,
2185,ng,FIL,35307,
2185,3am,NUM,35308,
2185,pinaka,FIL,35309,
2185,maaga,FIL,35310,
2185,tulog,FIL,35311,
2185,ni,FIL,35312,
2185,Gwen,UNK,35313,NE
2185,4,NUM,35314,
2185,o'clock,ENG,35315,
2185,bro,ENG,35316,
2185,tapos,FIL,35317,
2185,magigising,FIL,35318,
2185,sya,FIL,35319,
2185,mga,FIL,35320,
2185,2pm,NUM,35321,
2185,maaga,FIL,35322,
2185,na,FIL,35323,
2185,ang,FIL,35324,
2185,1pm,NUM,35325,
2185,na,FIL,35326,
2185,gising,FIL,35327,
2185,nya,FIL,35328,
2186,Ramdam,FIL,35329,
2186,ko,FIL,35330,
2186,k,FIL,35331,ABB
2186,po,FIL,35332,
2186,ang,FIL,35333,
2186,pasko,FIL,35334,NE
2186,#,SYM,35335,
2186,alexg,UNK,35336,NE
2186,",",SYM,35337,
2186,ang,FIL,35338,
2186,paboritong,FIL,35339,
2186,panghada,FIL,35340,
2186,ko,FIL,35341,
2186,po,FIL,35342,
2186,ay,FIL,35343,
2186,pansit,FIL,35344,
2186,at,FIL,35345,
2186,biko,FIL,35346,
2186,sana,FIL,35347,
2186,matikman,FIL,35348,
2186,ulit,FIL,35349,
2186,ang,FIL,35350,
2186,ham,ENG,35351,
2186,.,SYM,35352,
2187,Proactive,ENG,35353,
2187,din,FIL,35354,
2187,naman,FIL,35355,
2187,ako,FIL,35356,
2187,sa,FIL,35357,
2187,kalusugan,FIL,35358,
2187,ko,FIL,35359,
2187,",",SYM,35360,
2187,kaya,FIL,35361,
2187,nga,FIL,35362,
2187,umiinom,FIL,35363,
2187,ako,FIL,35364,
2187,ng,FIL,35365,
2187,gatas,FIL,35366,
2187,at,FIL,35367,
2187,vitamin,ENG,35368,
2187,C,ENG,35369,NE
2187,.,SYM,35370,
2187,At,FIL,35371,
2187,'yun,FIL,35372,
2187,na,FIL,35373,
2187,nga,FIL,35374,
2187,na-curios,UNK,35375,
2187,ako,FIL,35376,
2187,sa,FIL,35377,
2187,yellow,ENG,35378,
2187,soft,ENG,35379,
2187,gel,ENG,35380,
2187,na,FIL,35381,
2187,ito,FIL,35382,
2187,.,SYM,35383,
2188,Pangungunahan,FIL,35384,
2188,ng,FIL,35385,
2188,PNP,FIL,35386,"ABB,NE"
2188,ang,FIL,35387,
2188,law,ENG,35388,
2188,enforcement,ENG,35389,
2188,operations,ENG,35390,
2188,",",SYM,35391,
2188,gaya,FIL,35392,
2188,ng,FIL,35393,
2188,pag-iimbestiga,FIL,35394,
2188,at,FIL,35395,
2188,pag-alalay,FIL,35396,
2188,sa,FIL,35397,
2188,Comelec,FIL,35398,"ABB,NE"
2188,sa,FIL,35399,
2188,mga,FIL,35400,
2188,kasong,FIL,35401,
2188,may,FIL,35402,
2188,kinalaman,FIL,35403,
2188,sa,FIL,35404,
2188,eleksiyon,FIL,35405,
2188,.,SYM,35406,
2189,Nabatid,FIL,35407,
2189,na,FIL,35408,
2189,aabutin,FIL,35409,
2189,ng,FIL,35410,
2189,P910,NUM,35411,
2189,milyon,FIL,35412,
2189,ang,FIL,35413,
2189,ipamamahaging,FIL,35414,
2189,insentibo,FIL,35415,
2189,.,SYM,35416,
2190,Batay,FIL,35417,
2190,sa,FIL,35418,
2190,inilabas,FIL,35419,
2190,na,FIL,35420,
2190,case,ENG,35421,
2190,bulletin,ENG,35422,
2190,ng,FIL,35423,
2190,DOH,ENG,35424,"ABB,NE"
2190,dakong,FIL,35425,
2190,4:00,NUM,35426,
2190,ng,FIL,35427,
2190,hapon,FIL,35428,
2190,",",SYM,35429,
2190,nabatid,FIL,35430,
2190,na,FIL,35431,
2190,dahil,FIL,35432,
2190,sa,FIL,35433,
2190,mga,FIL,35434,
2190,naturang,FIL,35435,
2190,bagong,FIL,35436,
2190,kaso,FIL,35437,
2190,ng,FIL,35438,
2190,sakit,FIL,35439,
2190,",",SYM,35440,
2190,umakyat,FIL,35441,
2190,na,FIL,35442,
2190,ngayon,FIL,35443,
2190,sa,FIL,35444,
2190,1,NUM,35445,
2190,",",SYM,35446,
2190,473,NUM,35447,
2190,",",SYM,35448,
2190,025,NUM,35449,
2190,ang,FIL,35450,
2190,total,ENG,35451,
2190,cases,ENG,35452,
2190,ng,FIL,35453,
2190,COVID-19,ENG,35454,NE
2190,sa,FIL,35455,
2190,bansa,FIL,35456,
2190,.,SYM,35457,
2191,Parang,FIL,35458,
2191,maituturing,FIL,35459,
2191,na,FIL,35460,
2191,malasakit,FIL,35461,
2191,na,FIL,35462,
2191,rin,FIL,35463,
2191,sa,FIL,35464,
2191,kapwa,FIL,35465,
2191,ang,FIL,35466,
2191,hindi,FIL,35467,
2191,pagboto,FIL,35468,
2191,sa,FIL,35469,
2191,iyo,FIL,35470,
2191,mamshiee,FIL,35471,
2192,Sobrang,FIL,35472,
2192,katapangan,FIL,35473,
2192,ang,FIL,35474,
2192,pag,FIL,35475,
2192,share,ENG,35476,
2192,mo,FIL,35477,
2192,ng,FIL,35478,
2192,trauma,ENG,35479,
2192,mo,FIL,35480,
2192,at,FIL,35481,
2192,lalo,FIL,35482,
2192,na,FIL,35483,
2192,ang,FIL,35484,
2192,pag,FIL,35485,
2192,overcome,ENG,35486,
2192,nito,FIL,35487,
2192,.,SYM,35488,
2194,Ito,FIL,35489,
2194,ang,FIL,35490,
2194,karapat,FIL,35491,
2194,dapat,FIL,35492,
2194,na,FIL,35493,
2194,buhosan,FIL,35494,
2194,ng,FIL,35495,
2194,tulong,FIL,35496,
2194,at,FIL,35497,
2194,attention,ENG,35498,
2194,",",SYM,35499,
2195,Papaanong,FIL,35500,
2195,ang,FIL,35501,
2195,hangal,FIL,35502,
2195,na,FIL,35503,
2195,pag-iisip,FIL,35504,
2195,ng,FIL,35505,
2195,tao,FIL,35506,
2195,",",SYM,35507,
2195,isang,FIL,35508,
2195,pag,FIL,35509,
2195,iisip,FIL,35510,
2195,na,FIL,35511,
2195,kasintigas,FIL,35512,
2195,ng,FIL,35513,
2195,bato,FIL,35514,
2195,",",SYM,35515,
2195,ay,FIL,35516,
2195,tumatanggap,FIL,35517,
2195,ng,FIL,35518,
2195,ganoong,FIL,35519,
2195,di,FIL,35520,
2195,maarok,FIL,35521,
2195,na,FIL,35522,
2195,bagong,FIL,35523,
2195,gawain,FIL,35524,
2195,at,FIL,35525,
2195,mga,FIL,35526,
2195,salita,FIL,35527,
2195,ng,FIL,35528,
2195,Diyos,FIL,35529,NE
2195,?,SYM,35530,
2196,kapag,FIL,35531,
2196,lalagyan,FIL,35532,
2196,mo,FIL,35533,
2196,ng,FIL,35534,
2196,pang,FIL,35535,
2196,shine,ENG,35536,
2196,yung,FIL,35537,
2196,sapatos,FIL,35538,
2196,niya,FIL,35539,
2196,at,FIL,35540,
2196,itatali,FIL,35541,
2196,mo,FIL,35542,
2196,sintas,FIL,35543,
2196,niya,FIL,35544,
2197,Salamat,FIL,35545,
2197,sa,FIL,35546,
2197,lahat,FIL,35547,
2197,ng,FIL,35548,
2197,tumulong,FIL,35549,
2198,Pili,FIL,35550,
2198,na,FIL,35551,
2198,kayo,FIL,35552,
2198,ng,FIL,35553,
2198,magnanakaw,FIL,35554,
2198,sa,FIL,35555,
2198,inyo,FIL,35556,
2198,sa,FIL,35557,
2198,2022,NUM,35558,
2199,Yung,FIL,35559,
2199,terms,ENG,35560,
2199,ng,FIL,35561,
2199,dreame,ENG,35562,NE
2199,hindi,FIL,35563,
2199,ko,FIL,35564,
2199,alam,FIL,35565,
2199,pero,FIL,35566,
2199,sa,FIL,35567,
2199,webnovel,ENG,35568,NE
2199,sayo,FIL,35569,
2199,ang,FIL,35570,
2199,copyright,ENG,35571,
2199,ngunit,FIL,35572,
2199,kailangan,FIL,35573,
2199,mo,FIL,35574,
2199,atang,FIL,35575,
2199,i-disclose,FIL,35576,
2199,kung,FIL,35577,
2199,ipopost,FIL,35578,
2199,mo,FIL,35579,
2199,siya,FIL,35580,
2199,sa,FIL,35581,
2199,ibang,FIL,35582,
2199,platform,ENG,35583,
2199,?,SYM,35584,
2200,Paano,FIL,35585,
2200,po,FIL,35586,
2200,kayo,FIL,35587,
2200,nagpabakuna,FIL,35588,
2200,laban,FIL,35589,
2200,sa,FIL,35590,
2200,COVID-19,ENG,35591,"ABB,NE"
2200,?,SYM,35592,
2201,Nakuha,FIL,35593,
2201,sa,FIL,35594,
2201,mga,FIL,35595,
2201,suspek,FIL,35596,
2201,ang,FIL,35597,
2201,24,NUM,35598,
2201,brick,ENG,35599,
2201,at,FIL,35600,
2201,26,NUM,35601,
2201,rolyo,FIL,35602,
2201,ng,FIL,35603,
2201,pinatuyong,FIL,35604,
2201,dahon,FIL,35605,
2201,ng,FIL,35606,
2201,marijuana,ENG,35607,
2201,",",SYM,35608,
2201,at,FIL,35609,
2201,dalawang,FIL,35610,
2201,bote,FIL,35611,
2201,ng,FIL,35612,
2201,canabis,ENG,35613,
2201,oil,ENG,35614,
2201,na,FIL,35615,
2201,aabot,FIL,35616,
2201,sa,FIL,35617,
2201,kabuuang,FIL,35618,
2201,halagang,FIL,35619,
2201,P4,UNK,35620,
2201,.,SYM,35621,
2201,6,NUM,35622,
2201,milyon,FIL,35623,
2201,bukod,FIL,35624,
2201,pa,FIL,35625,
2201,ang,FIL,35626,
2201,buy-bust,ENG,35627,
2201,money,ENG,35628,
2201,na,FIL,35629,
2201,ginamit,FIL,35630,
2201,sa,FIL,35631,
2201,operasyon,FIL,35632,
2201,.,SYM,35633,
2203,Nakasaad,FIL,35634,
2203,aniya,FIL,35635,
2203,sa,FIL,35636,
2203,batas,FIL,35637,
2203,na,FIL,35638,
2203,dapat,FIL,35639,
2203,ibigay,FIL,35640,
2203,ang,FIL,35641,
2203,yearend,ENG,35642,
2203,incentive,ENG,35643,
2203,o,FIL,35644,
2203,Christmas,ENG,35645,NE
2203,bonus,ENG,35646,
2203,sa,FIL,35647,
2203,buwan,FIL,35648,
2203,ng,FIL,35649,
2203,Nobyembre,FIL,35650,NE
2203,kada,FIL,35651,
2203,taon,FIL,35652,
2203,.,SYM,35653,
2204,Pumalo,FIL,35654,
2204,na,FIL,35655,
2204,sa,FIL,35656,
2204,507,NUM,35657,
2204,.,SYM,35658,
2204,91,NUM,35659,
2204,milyon,FIL,35660,
2204,ang,FIL,35661,
2204,bilang,FIL,35662,
2204,ng,FIL,35663,
2204,kumpirmadong,FIL,35664,
2204,kaso,FIL,35665,
2204,ng,FIL,35666,
2204,COVID-19,ENG,35667,"ABB,NE"
2204,sa,FIL,35668,
2204,buong,FIL,35669,
2204,mundo,FIL,35670,
2204,.,SYM,35671,
2205,Alam,FIL,35672,
2205,kong,FIL,35673,
2205,mali,FIL,35674,
2205,na,FIL,35675,
2205,pero,FIL,35676,
2205,di,FIL,35677,
2205,ko,FIL,35678,
2205,kayang,FIL,35679,
2205,bumitaw,FIL,35680,
2205,Hindi,FIL,35681,
2205,kana,FIL,35682,
2205,mahalllll,FIL,35683,
2205,Ang,FIL,35684,
2205,lahat,FIL,35685,
2205,ay,FIL,35686,
2205,nagbabago,FIL,35687,
2206,Ang,FIL,35688,
2206,desisyon,FIL,35689,
2206,na,FIL,35690,
2206,simulan,FIL,35691,
2206,na,FIL,35692,
2206,ngayon,FIL,35693,
2206,ang,FIL,35694,
2206,pagbabakuna,FIL,35695,
2206,sa,FIL,35696,
2206,A4,ENG,35697,NE
2206,priority,ENG,35698,
2206,group,ENG,35699,
2206,ay,FIL,35700,
2206,dahil,FIL,35701,
2206,inaasahan,FIL,35702,
2206,natin,FIL,35703,
2206,na,FIL,35704,
2206,maraming,FIL,35705,
2206,dadating,FIL,35706,
2206,na,FIL,35707,
2206,bakuna,FIL,35708,
2206,sa,FIL,35709,
2206,buwan,FIL,35710,
2206,na,FIL,35711,
2206,ito,FIL,35712,
2206,mga,FIL,35713,
2206,10,NUM,35714,
2206,milyong,FIL,35715,
2206,doses,ENG,35716,
2206,ng,FIL,35717,
2206,bakuna,FIL,35718,
2206,",",SYM,35719,
2206,ayon,FIL,35720,
2206,sa,FIL,35721,
2206,National,ENG,35722,NE
2206,Task,ENG,35723,NE
2206,Force,ENG,35724,NE
2206,Against,ENG,35725,NE
2206,COVID-19,ENG,35726,NE
2206,(,SYM,35727,
2206,NTF,ENG,35728,"ABB,NE"
2206,),SYM,35729,
2206,.,SYM,35730,
2207,Hydrated,ENG,35731,
2207,na,FIL,35732,
2207,yon,FIL,35733,
2207,sakaka,FIL,35734,
2207,suka,FIL,35735,
2207,niya,FIL,35736,
2207,",",SYM,35737,
2207,wala,FIL,35738,
2207,na,FIL,35739,
2207,cguro,FIL,35740,
2207,tubig,FIL,35741,
2207,sa,FIL,35742,
2207,katawan,FIL,35743,
2207,sa,FIL,35744,
2207,dami,FIL,35745,
2207,ng,FIL,35746,
2207,sinuka,FIL,35747,
2207,niya,FIL,35748,
2207,kaya,FIL,35749,
2207,sa,FIL,35750,
2207,sobrang,FIL,35751,
2207,suka,FIL,35752,
2207,dumating,FIL,35753,
2207,yong,FIL,35754,
2207,point,ENG,35755,
2207,na,FIL,35756,
2207,pumutok,FIL,35757,
2207,raptured,ENG,35758,
2207,Aortic,ENG,35759,
2207,aneurysm,ENG,35760,
2207,yon,FIL,35761,
2207,na,FIL,35762,
2207,yon,FIL,35763,
2208,Ang,FIL,35764,
2208,laki,FIL,35765,
2208,din,FIL,35766,
2208,ng,FIL,35767,
2208,budget,ENG,35768,
2208,ng,FIL,35769,
2208,lider,FIL,35770,
2208,na,FIL,35771,
2208,hindi,FIL,35772,
2208,na,FIL,35773,
2208,kinakailangan,FIL,35774,
2208,ihayag,FIL,35775,
2208,kung,FIL,35776,
2208,saan,FIL,35777,
2208,at,FIL,35778,
2208,paano,FIL,35779,
2208,ito,FIL,35780,
2208,ginugugol,FIL,35781,
2208,?,SYM,35782,
2212,Ilang,FIL,35783,
2212,pulis,FIL,35784,
2212,din,FIL,35785,
2212,ang,FIL,35786,
2212,naiulat,FIL,35787,
2212,na,FIL,35788,
2212,nakagawa,FIL,35789,
2212,ng,FIL,35790,
2212,krimen,FIL,35791,
2212,dahil,FIL,35792,
2212,sa,FIL,35793,
2212,pagkalugi,FIL,35794,
2212,sa,FIL,35795,
2212,e-sabong,UNK,35796,
2212,.,SYM,35797,
2213,At,FIL,35798,
2213,kaya,FIL,35799,
2213,siguro,FIL,35800,
2213,ilang,FIL,35801,
2213,buwan,FIL,35802,
2213,ding,FIL,35803,
2213,sasabak,FIL,35804,
2213,sa,FIL,35805,
2213,lock-in,ENG,35806,
2213,taping,ENG,35807,
2213,ang,FIL,35808,
2213,programa,FIL,35809,
2213,ay,FIL,35810,
2213,dahil,FIL,35811,
2213,dire-diretso,FIL,35812,
2213,na,FIL,35813,
2213,ito,FIL,35814,
2213,hanggang,FIL,35815,
2213,sa,FIL,35816,
2213,katapusan,FIL,35817,
2213,.,SYM,35818,
2214,Hahahah,UNK,35819,EXPR
2214,'di,FIL,35820,
2214,ako,FIL,35821,
2214,nabigyan,FIL,35822,
2214,ng,FIL,35823,
2214,1k,NUM,35824,
2215,Hala,FIL,35825,
2215,gago,FIL,35826,
2215,antanda,FIL,35827,
2215,ko,FIL,35828,
2215,na,FIL,35829,
2215,pala,FIL,35830,
2215,no,FIL,35831,
2215,",",SYM,35832,
2215,those,ENG,35833,
2215,moment,ENG,35834,
2215,na,FIL,35835,
2215,may,FIL,35836,
2215,playlist,ENG,35837,
2215,yung,FIL,35838,
2215,fwend,ENG,35839,
2215,sa,FIL,35840,
2215,phone,ENG,35841,
2215,niya,FIL,35842,
2215,tas,FIL,35843,
2215,may,FIL,35844,
2215,maganda,FIL,35845,
2215,siyang,FIL,35846,
2215,music,ENG,35847,
2215,tas,FIL,35848,
2215,ikaw,FIL,35849,
2215,tong,FIL,35850,
2215,Bluetooth,ENG,35851,
2215,mo,FIL,35852,
2215,nga,FIL,35853,
2215,sakin,FIL,35854,
2215,yan,FIL,35855,
2215,ang,FIL,35856,
2215,ganda,FIL,35857,
2215,or,ENG,35858,
2215,anong,FIL,35859,
2215,name,ENG,35860,
2215,dadownload,UNK,35861,
2215,ko,FIL,35862,
2215,.,SYM,35863,
2216,pag,FIL,35864,
2216,may,FIL,35865,
2216,isa,FIL,35866,
2216,pang,FIL,35867,
2216,nagbabol,FIL,35868,
2216,ng,FIL,35869,
2216,dalgona,FIL,35870,
2216,maniniwala,FIL,35871,
2216,nakong,FIL,35872,
2216,sa,FIL,35873,
2216,2021,NUM,35874,
2216,yan,FIL,35875,
2217,sira,FIL,35876,
2217,ata,FIL,35877,
2217,mp,ENG,35878,ABB
2217,ngaun,FIL,35879,
2217,lods,FIL,35880,
2217,ah,UNK,35881,EXPR
2217,",",SYM,35882,
2217,di,FIL,35883,
2217,makabili,FIL,35884,
2217,ng,FIL,35885,
2217,mga,FIL,35886,
2217,axie,ENG,35887,NE
2218,Dapat,FIL,35888,
2218,ang,FIL,35889,
2218,ni,FIL,35890,
2218,remind,ENG,35891,
2218,ni,FIL,35892,
2218,adelina,UNK,35893,NE
2218,yun,FIL,35894,
2218,pagkamatay,FIL,35895,
2218,ng,FIL,35896,
2218,totoong,FIL,35897,
2218,Jacob,UNK,35898,NE
2218,sa,FIL,35899,
2218,k,FIL,35900,
2218,gagawan,FIL,35901,
2218,.,SYM,35902,
2219,Makabangon,FIL,35903,
2219,pa,FIL,35904,
2219,kaya,FIL,35905,
2219,ang,FIL,35906,
2219,magkakapatid,FIL,35907,
2219,sa,FIL,35908,
2219,pagkawala,FIL,35909,
2219,ng,FIL,35910,
2219,kanilang,FIL,35911,
2219,ina,FIL,35912,
2219,?,SYM,35913,
2220,Ang,FIL,35914,
2220,pelikula,FIL,35915,
2220,na,FIL,35916,
2220,natanggap,FIL,35917,
2220,million,ENG,35918,
2220,sa,FIL,35919,
2220,mga,FIL,35920,
2220,manonood,FIL,35921,
2220,nito,FIL,35922,
2220,pangunahin,FIL,35923,
2220,",",SYM,35924,
2220,ang,FIL,35925,
2220,paggawa,FIL,35926,
2220,ng,FIL,35927,
2220,pangalawang,FIL,35928,
2220,top,ENG,35929,
2220,rated,ENG,35930,
2220,movie,ENG,35931,
2220,ito,FIL,35932,
2220,ng,FIL,35933,
2220,Disney,ENG,35934,NE
2220,Channel,ENG,35935,NE
2220,.,SYM,35936,
2221,Ang,FIL,35937,
2221,Usapang,FIL,35938,NE
2221,Real,ENG,35939,NE
2221,Life,ENG,35940,NE
2221,with,ENG,35941,NE
2221,Luchi,UNK,35942,NE
2221,ay,FIL,35943,
2221,napapanood,FIL,35944,
2221,tuwing,FIL,35945,
2221,Sabado,FIL,35946,NE
2221,ng,FIL,35947,
2221,9:00,NUM,35948,
2221,PM,ENG,35949,ABB
2221,sa,FIL,35950,
2221,TV5,ENG,35951,NE
2221,.,SYM,35952,
2223,Sayang,FIL,35953,
2223,ang,FIL,35954,
2223,4,NUM,35955,
2223,na,FIL,35956,
2223,buhay,FIL,35957,
2223,na,FIL,35958,
2223,nawala,FIL,35959,
2223,dahil,FIL,35960,
2223,sa,FIL,35961,
2223,mis,ENG,35962,
2223,encounter,ENG,35963,
2224,until,ENG,35964,
2224,now,ENG,35965,
2224,nagdudusa,FIL,35966,
2224,parin,FIL,35967,
2224,tayo,FIL,35968,
2224,sa,FIL,35969,
2224,kakabayad,FIL,35970,
2224,ng,FIL,35971,
2224,mga,FIL,35972,
2224,inutang,FIL,35973,
2224,na,FIL,35974,
2224,ninakaw,FIL,35975,
2224,ng,FIL,35976,
2224,pamilyang,FIL,35977,
2224,ito,FIL,35978,
2224,.,SYM,35979,
2225,Ung,FIL,35980,
2225,paglalaro,FIL,35981,
2225,mo,FIL,35982,
2225,sa,FIL,35983,
2225,axie,UNK,35984,NE
2225,ang,FIL,35985,
2225,pwede,FIL,35986,
2225,magpaunlad,FIL,35987,
2225,sau,FIL,35988,
2225,basta,FIL,35989,
2225,tumaas,FIL,35990,
2225,lang,FIL,35991,
2225,ang,FIL,35992,
2225,presyo,FIL,35993,
2225,ng,FIL,35994,
2225,SLP,ENG,35995,ABB
2225,haha,UNK,35996,EXPR
2226,Sa,FIL,35997,
2226,paunang,FIL,35998,
2226,imbestigasyon,FIL,35999,
2226,",",SYM,36000,
2226,binanggit,FIL,36001,
2226,ni,FIL,36002,
2226,Sagay,UNK,36003,NE
2226,City,ENG,36004,NE
2226,Police,ENG,36005,NE
2226,chief,ENG,36006,
2226,",",SYM,36007,
2226,Lt,ENG,36008,ABB
2226,Abundio,UNK,36009,NE
2226,Diaz,UNK,36010,NE
2226,",",SYM,36011,
2226,narekober,FIL,36012,
2226,nila,FIL,36013,
2226,sa,FIL,36014,
2226,tabi,FIL,36015,
2226,ng,FIL,36016,
2226,bangkay,FIL,36017,
2226,ang,FIL,36018,
2226,isang,FIL,36019,
2226,kitchen,ENG,36020,
2226,knife,ENG,36021,
2226,.,SYM,36022,
2229,Parang,FIL,36023,
2229,lahat,FIL,36024,
2229,ng,FIL,36025,
2229,nakakawork,UNK,36026,
2229,niya,FIL,36027,
2229,nagiging,FIL,36028,
2229,kaibigan,FIL,36029,
2229,niya,FIL,36030,
2229,noh,UNK,36031,EXPR
2229,.,SYM,36032,
2232,Crush,ENG,36033,
2232,",",SYM,36034,
2232,paki,FIL,36035,
2232,dalaw,FIL,36036,
2232,rin,FIL,36037,
2232,ako,FIL,36038,
2232,sa,FIL,36039,
2232,undas,FIL,36040,NE
2232,",",SYM,36041,
2232,matagal,FIL,36042,
2232,na,FIL,36043,
2232,akong,FIL,36044,
2232,patay,FIL,36045,
2232,na,FIL,36046,
2232,patay,FIL,36047,
2232,sayo,FIL,36048,
2232,eh,UNK,36049,EXPR
2233,Nauna,FIL,36050,
2233,nang,FIL,36051,
2233,sinabi,FIL,36052,
2233,ng,FIL,36053,
2233,DepEd,ENG,36054,"ABB,NE"
2233,na,FIL,36055,
2233,kailangan,FIL,36056,
2233,nila,FIL,36057,
2233,ng,FIL,36058,
2233,P3,NUM,36059,
2233,.,SYM,36060,
2233,85,NUM,36061,
2233,bilyon,FIL,36062,
2233,para,FIL,36063,
2233,mabigyan,FIL,36064,
2233,ng,FIL,36065,
2233,kuryente,FIL,36066,
2233,ang,FIL,36067,
2233,mga,FIL,36068,
2233,eskuwelahan,FIL,36069,
2233,habang,FIL,36070,
2233,P25,NUM,36071,
2233,bilyon,FIL,36072,
2233,naman,FIL,36073,
2233,sa,FIL,36074,
2233,DOE,ENG,36075,"ABB,NE"
2233,para,FIL,36076,
2233,kanilang,FIL,36077,
2233,electrification,ENG,36078,
2233,program,ENG,36079,
2233,para,FIL,36080,
2233,sa,FIL,36081,
2233,mga,FIL,36082,
2233,liblib,FIL,36083,
2233,na,FIL,36084,
2233,lugar,FIL,36085,
2233,.,SYM,36086,
2234,ate,FIL,36087,
2234,viy,UNK,36088,NE
2234,ang,FIL,36089,
2234,kuya,FIL,36090,
2234,cong,UNK,36091,NE
2234,Ito,FIL,36092,
2234,na,FIL,36093,
2234,ang,FIL,36094,
2234,tunay,FIL,36095,
2234,na,FIL,36096,
2234,it's,ENG,36097,
2234,time,ENG,36098,
2234,sana,FIL,36099,
2234,bigyan,FIL,36100,
2234,pa,FIL,36101,
2234,kayo,FIL,36102,
2234,ni,FIL,36103,
2234,god,ENG,36104,
2234,ng,FIL,36105,
2234,mahabang,FIL,36106,
2234,buhay,FIL,36107,
2234,para,FIL,36108,
2234,alagaan,FIL,36109,
2234,ang,FIL,36110,
2234,inyong,FIL,36111,
2234,magiging,FIL,36112,
2234,anak,FIL,36113,
2234,congratss,FIL,36114,
2234,po,FIL,36115,
2234,ulit,FIL,36116,
2234,ang,FIL,36117,
2234,more,ENG,36118,
2234,power,ENG,36119,
2234,ang,FIL,36120,
2234,more,ENG,36121,
2234,blessing,ENG,36122,
2234,sa,FIL,36123,
2234,kay,FIL,36124,
2234,baby,ENG,36125,
2234,velasquez,UNK,36126,NE
2235,May,FIL,36127,
2235,explanation,ENG,36128,
2235,din,FIL,36129,
2235,ang,FIL,36130,
2235,komedyante,FIL,36131,
2235,tungkol,FIL,36132,
2235,sa,FIL,36133,
2235,mga,FIL,36134,
2235,chapter,ENG,36135,
2235,ng,FIL,36136,
2235,Pepito,UNK,36137,NE
2235,Manaloto,UNK,36138,NE
2235,na,FIL,36139,
2235,hinati,FIL,36140,
2235,sa,FIL,36141,
2235,tatlo,FIL,36142,
2235,.,SYM,36143,
2236,Bakit,FIL,36144,
2236,nawala,FIL,36145,
2236,mga,FIL,36146,
2236,ads,ENG,36147,ABB
2236,ng,FIL,36148,
2236,vids,ENG,36149,ABB
2236,mo,FIL,36150,
2236,ate,FIL,36151,
2236,Bea,UNK,36152,NE
2236,?,SYM,36153,
2237,Tumawa,FIL,36154,
2237,tayo,FIL,36155,
2237,sa,FIL,36156,
2237,mga,FIL,36157,
2237,corny,ENG,36158,
2237,na,FIL,36159,
2237,joke,ENG,36160,
2237,ko,FIL,36161,
2237,.,SYM,36162,
2238,Sabi,FIL,36163,
2238,ni,FIL,36164,
2238,Meralco,ENG,36165,NE
2238,first,ENG,36166,
2238,vice,ENG,36167,
2238,president,ENG,36168,
2238,and,ENG,36169,
2238,chief,ENG,36170,
2238,commercial,ENG,36171,
2238,officer,ENG,36172,
2238,Ferdinand,UNK,36173,NE
2238,Geluz,UNK,36174,NE
2238,",",SYM,36175,
2238,naiintindihan,FIL,36176,
2238,nila,FIL,36177,
2238,ang,FIL,36178,
2238,hirap,FIL,36179,
2238,ng,FIL,36180,
2238,buhay,FIL,36181,
2238,ngayon,FIL,36182,
2238,kayat,FIL,36183,
2238,suspendido,FIL,36184,
2238,ang,FIL,36185,
2238,pagpuputol,FIL,36186,
2238,ng,FIL,36187,
2238,kuryente,FIL,36188,
2238,para,FIL,36189,
2238,maibsan,FIL,36190,
2238,ang,FIL,36191,
2238,paghihirap,FIL,36192,
2238,ng,FIL,36193,
2238,mga,FIL,36194,
2238,tao,FIL,36195,
2238,at,FIL,36196,
2238,mabigyan,FIL,36197,
2238,sila,FIL,36198,
2238,ng,FIL,36199,
2238,karagdagang,FIL,36200,
2238,panahon,FIL,36201,
2238,para,FIL,36202,
2238,makabayad,FIL,36203,
2238,.,SYM,36204,
2239,parang,FIL,36205,
2239,hindi,FIL,36206,
2239,ka,FIL,36207,
2239,pwede,FIL,36208,
2239,magbigay,FIL,36209,
2239,ng,FIL,36210,
2239,opinion,ENG,36211,
2240,Sabi,FIL,36212,
2240,ng,FIL,36213,
2240,mama,FIL,36214,
2240,maganda,FIL,36215,
2240,daw,FIL,36216,
2240,yung,FIL,36217,
2240,Hi-Ho,UNK,36218,NE
2240,pag,FIL,36219,
2240,nag,FIL,36220,
2240,isa,FIL,36221,
2240,isa,FIL,36222,
2240,lang,FIL,36223,
2240,daw,FIL,36224,
2240,pagkain,FIL,36225,
2240,HAHHA,UNK,36226,EXPR
2240,bakit,FIL,36227,
2240,daw,FIL,36228,
2240,kumain,FIL,36229,
2240,na,FIL,36230,
2240,laang,FIL,36231,
2240,ako,FIL,36232,
2240,ng,FIL,36233,
2240,kumain,FIL,36234,
2240,di,FIL,36235,
2240,na,FIL,36236,
2240,nag,FIL,36237,
2240,aral,FIL,36238,
2241,Jusmiyo,FIL,36239,
2241,ang,FIL,36240,
2241,dami,FIL,36241,
2241,kong,FIL,36242,
2241,tawa,FIL,36243,
2241,sa,FIL,36244,
2241,"""",SYM,36245,
2241,nakadagan,UNK,36246,
2241,lagi,FIL,36247,
2241,sakin,UNK,36248,
2241,"""",SYM,36249,
2242,Nagtitinda,FIL,36250,
2242,po,FIL,36251,
2242,kc,FIL,36252,ABB
2242,kami,FIL,36253,
2242,ng,FIL,36254,
2242,byenan,FIL,36255,
2242,ko,FIL,36256,
2242,ng,FIL,36257,
2242,mga,FIL,36258,
2242,cooked,ENG,36259,
2242,dishes,ENG,36260,
2242,.,SYM,36261,
2243,Ang,FIL,36262,
2243,dami,FIL,36263,
2243,niyang,FIL,36264,
2243,pinagdaanan,FIL,36265,
2243,",",SYM,36266,
2243,ang,FIL,36267,
2243,dami,FIL,36268,
2243,niyang,FIL,36269,
2243,hurt,ENG,36270,
2243,.,SYM,36271,
2244,Hahaha,UNK,36272,EXPR
2244,noon,FIL,36273,
2244,panay,FIL,36274,
2244,nood,FIL,36275,
2244,lng,FIL,36276,ABB
2244,ako,FIL,36277,
2244,ng,FIL,36278,
2244,mga,FIL,36279,
2244,reviews,ENG,36280,
2244,ngayon,FIL,36281,
2244,finally,ENG,36282,
2244,got,ENG,36283,
2244,one,ENG,36284,
2244,!,SYM,36285,
2246,Lahat,FIL,36286,
2246,ng,FIL,36287,
2246,red,ENG,36288,
2246,flags,ENG,36289,
2246,dun,FIL,36290,
2246,sa,FIL,36291,
2246,guy,ENG,36292,
2246,",",SYM,36293,
2246,nakikita,FIL,36294,
2246,na,FIL,36295,
2246,ng,FIL,36296,
2246,cousin,ENG,36297,
2246,ko,FIL,36298,
2246,.,SYM,36299,
2247,Ewan,FIL,36300,
2247,ko,FIL,36301,
2247,ba,FIL,36302,
2247,",",SYM,36303,
2247,marami,FIL,36304,
2247,naman,FIL,36305,
2247,akong,FIL,36306,
2247,mga,FIL,36307,
2247,kaibigan,FIL,36308,
2247,pero,FIL,36309,
2247,wala,FIL,36310,
2247,akong,FIL,36311,
2247,masabihan,FIL,36312,
2247,.,SYM,36313,
2248,Ikinumpara,FIL,36314,
2248,ng,FIL,36315,
2248,ibang,FIL,36316,
2248,netizen,ENG,36317,
2248,ang,FIL,36318,
2248,sitwasyon,FIL,36319,
2248,ng,FIL,36320,
2248,mga,FIL,36321,
2248,Pilipinong,FIL,36322,
2248,stranded,ENG,36323,
2248,sa,FIL,36324,
2248,Rizal,UNK,36325,NE
2248,Memorial,ENG,36326,NE
2248,Stadium,ENG,36327,NE
2248,na,FIL,36328,
2248,sabik,FIL,36329,
2248,umuwi,FIL,36330,
2248,sa,FIL,36331,
2248,kani-kanilang,FIL,36332,
2248,probinsya,FIL,36333,
2248,",",SYM,36334,
2248,habang,FIL,36335,
2248,sina,FIL,36336,
2248,Sarah,UNK,36337,NE
2248,at,FIL,36338,
2248,Mattero,UNK,36339,NE
2248,raw,FIL,36340,
2248,ay,FIL,36341,
2248,pa-honeymoon-honeymoon,UNK,36342,
2248,lang,FIL,36343,
2248,at,FIL,36344,
2248,may,FIL,36345,
2248,leisure,ENG,36346,
2248,travel,ENG,36347,
2248,getaway,ENG,36348,
2248,.,SYM,36349,
2249,Ibinahagi,FIL,36350,
2249,niya,FIL,36351,
2249,ito,FIL,36352,
2249,sa,FIL,36353,
2249,kanyang,FIL,36354,
2249,Instagram,ENG,36355,NE
2249,Stories,ENG,36356,
2249,ang,FIL,36357,
2249,mga,FIL,36358,
2249,larawan,FIL,36359,
2249,na,FIL,36360,
2249,tinamo,FIL,36361,
2249,sa,FIL,36362,
2249,loob,FIL,36363,
2249,ng,FIL,36364,
2249,bahay,FIL,36365,
2249,niya,FIL,36366,
2249,.,SYM,36367,
2250,Sinabi,FIL,36368,
2250,sa,FIL,36369,
2250,kanila,FIL,36370,
2250,ni,FIL,36371,
2250,Jesus,UNK,36372,NE
2250,",",SYM,36373,
2250,Kung,FIL,36374,
2250,ang,FIL,36375,
2250,Dios,UNK,36376,NE
2250,ang,FIL,36377,
2250,inyong,FIL,36378,
2250,ama,FIL,36379,
2250,",",SYM,36380,
2250,ay,FIL,36381,
2250,inyong,FIL,36382,
2250,iibigin,FIL,36383,
2250,ako,FIL,36384,
2250,:,SYM,36385,
2250,sapagkat,FIL,36386,
2250,akoy,FIL,36387,
2250,nagmula,FIL,36388,
2250,at,FIL,36389,
2250,nanggaling,FIL,36390,
2250,sa,FIL,36391,
2250,Dios,UNK,36392,NE
2250,;,SYM,36393,
2250,sapagkat,FIL,36394,
2250,hindi,FIL,36395,
2250,ako,FIL,36396,
2250,naparito,FIL,36397,
2250,sa,FIL,36398,
2250,aking,FIL,36399,
2250,sarili,FIL,36400,
2250,",",SYM,36401,
2250,kundi,FIL,36402,
2250,sinugo,FIL,36403,
2250,niya,FIL,36404,
2250,ako,FIL,36405,
2250,.,SYM,36406,
2252,Solid,ENG,36407,
2252,Subscriber,ENG,36408,
2252,po,FIL,36409,
2252,ang,FIL,36410,
2252,buong,FIL,36411,
2252,pamilya,FIL,36412,
2252,namin,FIL,36413,
2252,since,ENG,36414,
2252,Year,ENG,36415,
2252,1,NUM,36416,
2252,lahat,FIL,36417,
2252,ng,FIL,36418,
2252,video,ENG,36419,
2252,nyo,FIL,36420,
2252,ay,FIL,36421,
2252,napanood,FIL,36422,
2252,na,FIL,36423,
2252,namin,FIL,36424,
2252,.,SYM,36425,
2253,Hindi,FIL,36426,
2253,pa,FIL,36427,
2253,nasimulan,FIL,36428,
2253,ang,FIL,36429,
2253,kompanya,FIL,36430,
2253,",",SYM,36431,
2253,tapos,FIL,36432,
2253,na,FIL,36433,
2253,ang,FIL,36434,
2253,laban,FIL,36435,
2253,.,SYM,36436,
2255,next,ENG,36437,
2255,cb,ENG,36438,ABB
2255,ng,FIL,36439,
2255,enhypen,ENG,36440,NE
2255,maghahanap,FIL,36441,
2255,na,FIL,36442,
2255,ako,FIL,36443,
2255,ng,FIL,36444,
2255,bata,FIL,36445,
2255,",",SYM,36446,
2255,tangina,FIL,36447,
2255,ung,FIL,36448,
2255,ambag,FIL,36449,
2255,nila,FIL,36450,
2255,sa,FIL,36451,
2255,views,ENG,36452,
2255,ng,FIL,36453,
2255,cocomelon,ENG,36454,NE
2255,e,FIL,36455,
2255,mas,FIL,36456,
2255,maangas,FIL,36457,
2255,pa,FIL,36458,
2255,sila,FIL,36459,
2255,sa,FIL,36460,
2255,stans,ENG,36461,
2257,Parang,FIL,36462,
2257,naloloko,FIL,36463,
2257,na,FIL,36464,
2257,Tayo,FIL,36465,
2257,ng,FIL,36466,
2257,Host,ENG,36467,
2257,ah,UNK,36468,EXPR
2258,Pinaniniwalaan,FIL,36469,
2258,na,FIL,36470,
2258,dahil,FIL,36471,
2258,sa,FIL,36472,
2258,pagtatanong,FIL,36473,
2258,ni,FIL,36474,
2258,Angelica,UNK,36475,NE
2258,Panganiban,UNK,36476,NE
2258,noong,FIL,36477,
2258,kasagsagan,FIL,36478,
2258,ng,FIL,36479,
2258,bagyong,FIL,36480,
2258,Rolly,UNK,36481,NE
2258,kung,FIL,36482,
2258,nasaan,FIL,36483,
2258,ang,FIL,36484,
2258,Pangulo,FIL,36485,NE
2258,nag-ugat,FIL,36486,
2258,ang,FIL,36487,
2258,recent,ENG,36488,
2258,post,ENG,36489,
2258,ni,FIL,36490,
2258,Arnell,UNK,36491,NE
2258,.,SYM,36492,
2259,mapupunta,FIL,36493,
2259,sa,FIL,36494,
2259,tama,FIL,36495,
2259,ang,FIL,36496,
2259,pera,FIL,36497,
2259,",",SYM,36498,
2259,ang,FIL,36499,
2259,perang,FIL,36500,
2259,sosobra,FIL,36501,
2259,ay,FIL,36502,
2259,ipapambili,FIL,36503,
2259,ko,FIL,36504,
2259,ng,FIL,36505,
2259,grocery,ENG,36506,
2259,at,FIL,36507,
2259,ang,FIL,36508,
2259,sobra,FIL,36509,
2259,pa,FIL,36510,
2259,ay,FIL,36511,
2259,itatabi,FIL,36512,
2259,ko,FIL,36513,
2259,para,FIL,36514,
2259,saaming,FIL,36515,
2259,pag,FIL,36516,
2259,aaral,FIL,36517,
2259,magkakapatid,FIL,36518,
2259,",",SYM,36519,
2259,at,FIL,36520,
2259,para,FIL,36521,
2259,dn,FIL,36522,ABB
2259,sa,FIL,36523,
2259,papa,FIL,36524,
2259,ko,FIL,36525,
2259,na,FIL,36526,
2259,malabo,FIL,36527,
2259,na,FIL,36528,
2259,mata,FIL,36529,
2259,ang,FIL,36530,
2259,pera,FIL,36531,
2259,ay,FIL,36532,
2259,bibilhan,FIL,36533,
2259,ko,FIL,36534,
2259,sya,FIL,36535,ABB
2259,",",SYM,36536,
2259,miss,ENG,36537,
2259,na,FIL,36538,
2259,miss,ENG,36539,
2259,ko,FIL,36540,
2259,na,FIL,36541,
2259,ang,FIL,36542,
2259,aking,FIL,36543,
2259,papa,FIL,36544,
2259,.,SYM,36545,
2261,Ako,FIL,36546,
2261,na,FIL,36547,
2261,AAP,UNK,36548,ABB
2261,nsa,FIL,36549,
2261,1123,NUM,36550,
2261,mmr,ENG,36551,ABB
2261,hirap,FIL,36552,
2261,na,FIL,36553,
2261,hirap,FIL,36554,
2261,sa,FIL,36555,
2261,mga,FIL,36556,
2261,nakakalaban,FIL,36557,
2261,puro,FIL,36558,
2261,madadaya,FIL,36559,
2262,Gusto,FIL,36560,
2262,ko,FIL,36561,
2262,mag,FIL,36562,
2262,patay,FIL,36563,
2262,ng,FIL,36564,
2262,wifi,ENG,36565,
2262,tapos,FIL,36566,
2262,magsabi,FIL,36567,
2262,sa,FIL,36568,
2262,office,ENG,36569,
2262,na,FIL,36570,
2262,nawalan,FIL,36571,
2262,kami,FIL,36572,
2262,kuryente,FIL,36573,
2263,Mahaharap,FIL,36574,
2263,ang,FIL,36575,
2263,apat,FIL,36576,
2263,sa,FIL,36577,
2263,patong-patong,FIL,36578,
2263,na,FIL,36579,
2263,mga,FIL,36580,
2263,kaso,FIL,36581,
2263,",",SYM,36582,
2263,kabilang,FIL,36583,
2263,na,FIL,36584,
2263,ang,FIL,36585,
2263,paglabag,FIL,36586,
2263,sa,FIL,36587,
2263,Comelec,ENG,36588,"ABB,NE"
2263,gun,ENG,36589,
2263,ban,ENG,36590,
2264,nabasa,FIL,36591,
2264,ko,FIL,36592,
2264,po,FIL,36593,
2264,dw,FIL,36594,ABB
2264,nga,FIL,36595,
2264,nagbibigay,FIL,36596,
2264,ng,FIL,36597,
2264,guide,ENG,36598,
2264,how,ENG,36599,
2264,to,ENG,36600,
2264,stream,ENG,36601,
2265,nakuha,FIL,36602,
2265,na,FIL,36603,
2265,nya,FIL,36604,
2265,un,FIL,36605,
2265,goal,ENG,36606,
2265,niya,FIL,36607,
2265,kaya,FIL,36608,
2265,di,FIL,36609,
2265,na,FIL,36610,
2265,niya,FIL,36611,
2265,iiwan,FIL,36612,
2265,ang,FIL,36613,
2265,pamilya,FIL,36614,
2266,Sa,FIL,36615,
2266,mga,FIL,36616,
2266,salita,FIL,36617,
2266,ng,FIL,36618,
2266,Diyos,FIL,36619,NE
2266,",",SYM,36620,
2266,tayo,FIL,36621,
2266,ay,FIL,36622,
2266,may,FIL,36623,
2266,direksyon,FIL,36624,
2266,sa,FIL,36625,
2266,ating,FIL,36626,
2266,mga,FIL,36627,
2266,buhay,FIL,36628,
2266,",",SYM,36629,
2266,tayo,FIL,36630,
2266,ay,FIL,36631,
2266,may,FIL,36632,
2266,layunin,FIL,36633,
2266,sa,FIL,36634,
2266,ating,FIL,36635,
2266,mga,FIL,36636,
2266,buhay,FIL,36637,
2266,",",SYM,36638,
2266,at,FIL,36639,
2266,ang,FIL,36640,
2266,ating,FIL,36641,
2266,mga,FIL,36642,
2266,buhay,FIL,36643,
2266,ay,FIL,36644,
2266,may,FIL,36645,
2266,mahalagang,FIL,36646,
2266,pagkukunan,FIL,36647,
2266,at,FIL,36648,
2266,ang,FIL,36649,
2266,mga,FIL,36650,
2266,ito,FIL,36651,
2266,ay,FIL,36652,
2266,mga,FIL,36653,
2266,prinsipyo,FIL,36654,
2266,sa,FIL,36655,
2266,ating,FIL,36656,
2266,pamumuhay,FIL,36657,
2266,.,SYM,36658,
2267,Ayoko,FIL,36659,
2267,na,FIL,36660,
2267,umuwe,FIL,36661,
2267,dito,FIL,36662,
2267,nalang,FIL,36663,
2267,ako,FIL,36664,
2267,sa,FIL,36665,
2267,bibehhh,UNK,36666,
2267,mayeh,UNK,36667,
2267,ko,FIL,36668,
2268,Hindi,FIL,36669,
2268,pa,FIL,36670,
2268,po,FIL,36671,
2268,ako,FIL,36672,
2268,nadating,FIL,36673,
2268,sa,FIL,36674,
2268,ganyang,FIL,36675,
2268,stage,ENG,36676,
2268,but,ENG,36677,
2268,sabi,FIL,36678,
2268,nila,FIL,36679,
2268,pag,FIL,36680,
2268,Naraspa,FIL,36681,
2268,daw,FIL,36682,
2268,mas,FIL,36683,
2268,mabilis,FIL,36684,
2268,na,FIL,36685,
2268,kayo,FIL,36686,
2268,makakabuo,FIL,36687,
2268,ng,FIL,36688,
2268,another,ENG,36689,
2268,baby,ENG,36690,
2268,kasi,FIL,36691,
2268,nalinis,FIL,36692,
2268,kaya,FIL,36693,
2268,laban,FIL,36694,
2268,lang,FIL,36695,
2268,.,SYM,36696,
2269,Aalis,FIL,36697,
2269,nalang,FIL,36698,
2269,ako,FIL,36699,
2269,para,FIL,36700,
2269,hindi,FIL,36701,
2269,ko,FIL,36702,
2269,na,FIL,36703,
2269,maisip,FIL,36704,
2269,yung,FIL,36705,
2269,mga,FIL,36706,
2269,gumugulo,FIL,36707,
2269,sa,FIL,36708,
2269,isip,FIL,36709,
2269,ko,FIL,36710,
2270,Dapat,FIL,36711,
2270,ikulong,FIL,36712,
2270,kahit,FIL,36713,
2270,minor,ENG,36714,
2270,de,FIL,36715,
2270,edad,FIL,36716,
2270,mga,FIL,36717,
2270,salot,FIL,36718,
2270,na,FIL,36719,
2270,ang,FIL,36720,
2270,ibang,FIL,36721,
2270,kabataan,FIL,36722,
2270,ngayon,FIL,36723,
2270,.,SYM,36724,
2270,mas,FIL,36725,
2270,lalapa,FIL,36726,
2270,ang,FIL,36727,
2270,mga,FIL,36728,
2270,gagawin,FIL,36729,
2270,nyan,FIL,36730,
2270,kc,FIL,36731,ABB
2270,masanay,FIL,36732,
2270,yan,FIL,36733,
2270,pumatay,FIL,36734,
2270,.,SYM,36735,
2271,Inaasahan,FIL,36736,
2271,na,FIL,36737,
2271,ngayon,FIL,36738,
2271,araw,FIL,36739,
2271,pormal,FIL,36740,
2271,na,FIL,36741,
2271,ihahain,FIL,36742,
2271,ang,FIL,36743,
2271,naturang,FIL,36744,
2271,resolusyon,FIL,36745,
2271,.,SYM,36746,
2273,Sa,FIL,36747,
2273,TV,ENG,36748,ABB
2273,",",SYM,36749,
2273,akala,FIL,36750,
2273,mo,FIL,36751,
2273,ang,FIL,36752,
2273,pormal,FIL,36753,
2273,at,FIL,36754,
2273,ang,FIL,36755,
2273,bango,FIL,36756,
2273,ni,FIL,36757,
2273,pamintang,FIL,36758,
2273,durog,FIL,36759,
2273,!,SYM,36760,
2274,Habang,FIL,36761,
2274,pinipili,FIL,36762,
2274,mo,FIL,36763,
2274,ang,FIL,36764,
2274,sarili,FIL,36765,
2274,mo,FIL,36766,
2274,",",SYM,36767,
2274,maraming,FIL,36768,
2274,nagbabago,FIL,36769,
2274,sa,FIL,36770,
2274,paligid,FIL,36771,
2274,mo,FIL,36772,
2274,.,SYM,36773,
2275,Dito,FIL,36774,
2275,kinuha,FIL,36775,
2275,ni,FIL,36776,
2275,janin,UNK,36777,NE
2275,ang,FIL,36778,
2275,kinanta,FIL,36779,
2275,nya,FIL,36780,
2275,sa,FIL,36781,
2275,tawag,FIL,36782,NE
2275,ng,FIL,36783,
2275,tanghalan,FIL,36784,NE
2276,Kinilala,FIL,36785,
2276,ang,FIL,36786,
2276,namatay,FIL,36787,
2276,na,FIL,36788,
2276,si,FIL,36789,
2276,Romy,UNK,36790,NE
2276,Peaflor,UNK,36791,NE
2276,",",SYM,36792,
2276,60,NUM,36793,
2276,.,SYM,36794,
2277,Saka,FIL,36795,
2277,huwag,FIL,36796,
2277,nyo,FIL,36797,
2277,ako,FIL,36798,
2277,isusulat,FIL,36799,
2277,sa,FIL,36800,
2277,Bilyonaryo,FIL,36801,NE
2277,(,SYM,36802,
2277,website,ENG,36803,
2277,na,FIL,36804,
2277,unang,FIL,36805,
2277,nagsiwalat,FIL,36806,
2277,ng,FIL,36807,
2277,isyu,FIL,36808,
2277,),SYM,36809,
2277,",",SYM,36810,
2277,hindi,FIL,36811,
2277,ako,FIL,36812,
2277,bilyonaryo,FIL,36813,
2277,",",SYM,36814,
2277,hindi,FIL,36815,
2277,ako,FIL,36816,
2277,businessman,ENG,36817,
2277,na,FIL,36818,
2277,bilyonaryo,FIL,36819,
2277,",",SYM,36820,
2277,simple,ENG,36821,
2277,lang,FIL,36822,
2277,po,FIL,36823,
2277,ako,FIL,36824,
2277,",",SYM,36825,
2277,masinop,FIL,36826,
2277,lamang,FIL,36827,
2277,ako,FIL,36828,
2277,sa,FIL,36829,
2277,buhay,FIL,36830,
2277,.,SYM,36831,
2278,Tulugan,FIL,36832,
2278,ko,FIL,36833,
2278,kaya,FIL,36834,
2278,to,FIL,36835,
2278,animal,ENG,36836,
2278,ang,FIL,36837,
2278,dami,FIL,36838,
2279,Noong,FIL,36839,
2279,nag,FIL,36840,
2279,abroad,ENG,36841,
2279,ako,FIL,36842,
2279,",",SYM,36843,
2279,hinahanap,FIL,36844,
2279,daw,FIL,36845,
2279,ako,FIL,36846,
2279,ng,FIL,36847,
2279,aso,FIL,36848,
2279,ko,FIL,36849,
2279,araw2,UNK,36850,
2279,nag,FIL,36851,
2279,aantay,FIL,36852,
2279,sa,FIL,36853,
2279,kwarto,FIL,36854,
2279,umiikot,FIL,36855,
2279,ikot,FIL,36856,
2279,sa,FIL,36857,
2279,bahay,FIL,36858,
2279,",",SYM,36859,
2279,nag,FIL,36860,
2279,aantay,FIL,36861,
2279,sa,FIL,36862,
2279,gate,ENG,36863,
2279,ayaw,FIL,36864,
2279,ng,FIL,36865,
2279,kumain,FIL,36866,
2279,prang,FIL,36867,
2279,na,FIL,36868,
2279,depress,ENG,36869,
2279,hanggang,FIL,36870,
2279,sa,FIL,36871,
2279,nmatay,FIL,36872,
2280,Ang,FIL,36873,
2280,talinong,FIL,36874,
2280,kausap,FIL,36875,
2280,ni,FIL,36876,
2280,Paul,UNK,36877,NE
2280,.,SYM,36878,
2281,May,FIL,36879,
2281,bagong,FIL,36880,
2281,miyembro,FIL,36881,
2281,ang,FIL,36882,
2281,kanilang,FIL,36883,
2281,pamilya,FIL,36884,
2281,",",SYM,36885,
2281,ang,FIL,36886,
2281,anak,FIL,36887,
2281,na,FIL,36888,
2281,lalaki,FIL,36889,
2281,ni,FIL,36890,
2281,Macaroni,UNK,36891,NE
2281,85,NUM,36892,
2281,na,FIL,36893,
2281,si,FIL,36894,
2281,HyperText,ENG,36895,NE
2281,Markup,ENG,36896,NE
2281,Language,ENG,36897,NE
2281,na,FIL,36898,
2281,may,FIL,36899,
2281,palayaw,FIL,36900,
2281,na,FIL,36901,
2281,HTML,ENG,36902,"ABB,NE"
2281,na,FIL,36903,
2281,pinanganak,FIL,36904,
2281,nitong,FIL,36905,
2281,Huwebes,FIL,36906,
2281,",",SYM,36907,
2281,2:05,NUM,36908,
2281,ng,FIL,36909,
2281,hapon,FIL,36910,
2281,.,SYM,36911,
2283,Nasa,FIL,36912,
2283,57,NUM,36913,
2283,mula,FIL,36914,
2283,sa,FIL,36915,
2283,72,NUM,36916,
2283,na,FIL,36917,
2283,pasyente,FIL,36918,
2283,sa,FIL,36919,
2283,loob,FIL,36920,
2283,ng,FIL,36921,
2283,Philippine,ENG,36922,NE
2283,Military,ENG,36923,NE
2283,Academy,ENG,36924,NE
2283,sa,FIL,36925,
2283,Baguio,UNK,36926,NE
2283,City,ENG,36927,NE
2283,ay,FIL,36928,
2283,mga,FIL,36929,
2283,kadete,FIL,36930,
2283,",",SYM,36931,
2283,ayon,FIL,36932,
2283,sa,FIL,36933,
2283,Department,ENG,36934,NE
2283,of,ENG,36935,NE
2283,Health-Cordillera,ENG,36936,NE
2283,(,SYM,36937,
2283,DOH-Cor,ENG,36938,"ABB,NE"
2283,),SYM,36939,
2283,.,SYM,36940,
2284,Sana,FIL,36941,
2284,imbestigahan,FIL,36942,
2284,nyo,FIL,36943,
2284,at,FIL,36944,
2284,ipakulong,FIL,36945,
2284,ang,FIL,36946,
2284,mga,FIL,36947,
2284,scammer,ENG,36948,
2284,tulad,FIL,36949,
2284,ng,FIL,36950,
2284,MASAMART,UNK,36951,NE
2284,na,FIL,36952,
2284,ang,FIL,36953,
2284,CEO,ENG,36954,ABB
2284,ay,FIL,36955,
2284,si,FIL,36956,
2284,Jesie,UNK,36957,NE
2284,Royo,UNK,36958,NE
2284,at,FIL,36959,
2284,isama,FIL,36960,
2284,nyo,FIL,36961,
2284,na,FIL,36962,
2284,rin,FIL,36963,
2284,ang,FIL,36964,
2284,mga,FIL,36965,
2284,upline,ENG,36966,
2284,kuno,FIL,36967,
2284,na,FIL,36968,
2284,nakinabang,FIL,36969,
2284,sa,FIL,36970,
2284,pang,FIL,36971,
2284,scam,ENG,36972,
2284,na,FIL,36973,
2284,ito,FIL,36974,
2284,.,SYM,36975,
2285,Kabilang,FIL,36976,
2285,si,FIL,36977,
2285,Mantalnas,UNK,36978,NE
2285,sa,FIL,36979,
2285,mga,FIL,36980,
2285,nasawi,FIL,36981,
2285,sa,FIL,36982,
2285,engkuwentro,FIL,36983,
2285,pero,FIL,36984,
2285,iniimbestigahan,FIL,36985,
2285,kung,FIL,36986,
2285,papaano,FIL,36987,
2285,siya,FIL,36988,
2285,napatay,FIL,36989,
2285,dahil,FIL,36990,
2285,may,FIL,36991,
2285,kuha,FIL,36992,
2285,sa,FIL,36993,
2285,CCTV,UNK,36994,ABB
2285,na,FIL,36995,
2285,nakitang,FIL,36996,
2285,kinuha,FIL,36997,
2285,siya,FIL,36998,
2285,ng,FIL,36999,
2285,mga,FIL,37000,
2285,lalaking,FIL,37001,
2285,pinapaniwalaang,FIL,37002,
2285,mga,FIL,37003,
2285,pulis,FIL,37004,
2285,.,SYM,37005,
2286,Ang,FIL,37006,
2286,pagpapagaling,FIL,37007,
2286,sa,FIL,37008,
2286,maysakit,FIL,37009,
2286,at,FIL,37010,
2286,pagpapalayas,FIL,37011,
2286,ng,FIL,37012,
2286,mga,FIL,37013,
2286,demonyo,FIL,37014,
2286,ang,FIL,37015,
2286,gawaing,FIL,37016,
2286,kinailangan,FIL,37017,
2286,Niyang,FIL,37018,
2286,isagawa,FIL,37019,
2286,sa,FIL,37020,
2286,Kanyang,FIL,37021,
2286,ministeryo,FIL,37022,
2286,",",SYM,37023,
2286,isang,FIL,37024,
2286,pagpapahayag,FIL,37025,
2286,ito,FIL,37026,
2286,ng,FIL,37027,
2286,Kanyang,FIL,37028,
2286,pagka-Diyos,FIL,37029,
2286,na,FIL,37030,
2286,nakatago,FIL,37031,
2286,sa,FIL,37032,
2286,Kanyang,FIL,37033,
2286,pagkatao,FIL,37034,
2286,",",SYM,37035,
2286,at,FIL,37036,
2286,ano,FIL,37037,
2286,mang,FIL,37038,
2286,mga,FIL,37039,
2286,tanda,FIL,37040,
2286,ang,FIL,37041,
2286,Kanyang,FIL,37042,
2286,ipinakita,FIL,37043,
2286,o,FIL,37044,
2286,paano,FIL,37045,
2286,man,FIL,37046,
2286,Niya,FIL,37047,
2286,ipinamalas,FIL,37048,
2286,ang,FIL,37049,
2286,Kanyang,FIL,37050,
2286,awtoridad,FIL,37051,
2286,",",SYM,37052,
2286,namuhay,FIL,37053,
2286,pa,FIL,37054,
2286,rin,FIL,37055,
2286,Siya,FIL,37056,
2286,sa,FIL,37057,
2286,normal,ENG,37058,
2286,na,FIL,37059,
2286,pagkatao,FIL,37060,
2286,at,FIL,37061,
2286,isa,FIL,37062,
2286,pa,FIL,37063,
2286,ring,FIL,37064,
2286,normal,ENG,37065,
2286,na,FIL,37066,
2286,tao,FIL,37067,
2286,.,SYM,37068,
2287,sana,FIL,37069,
2287,nga,FIL,37070,
2287,gawin,FIL,37071,
2287,ng,FIL,37072,
2287,abscbn,FIL,37073,"ABB,NE"
2287,yan,FIL,37074,
2287,mga,FIL,37075,
2287,love,ENG,37076,
2287,team,ENG,37077,
2287,na,FIL,37078,
2287,i,FIL,37079,
2287,shafle,FIL,37080,
2287,nila,FIL,37081,
2287,haha,UNK,37082,EXPR
2287,magkakaibigan,FIL,37083,
2287,naman,FIL,37084,
2287,sila,FIL,37085,
2287,eh,UNK,37086,EXPR
2289,Sa,FIL,37087,
2289,isang,FIL,37088,
2289,year,ENG,37089,
2289,",",SYM,37090,
2289,isang,FIL,37091,
2289,beses,FIL,37092,
2289,lang,FIL,37093,
2289,nagbabakasyon,FIL,37094,
2289,parent,ENG,37095,
2289,ko,FIL,37096,
2289,(,SYM,37097,
2289,which,ENG,37098,
2289,is,ENG,37099,
2289,6,NUM,37100,
2289,weeks,ENG,37101,
2289,lang,FIL,37102,
2289,ang,FIL,37103,
2289,haba,FIL,37104,
2289,based,ENG,37105,
2289,sa,FIL,37106,
2289,contract,ENG,37107,
2289,),SYM,37108,
2289,.,SYM,37109,
2290,Kahit,FIL,37110,
2290,tatlo,FIL,37111,
2290,kaming,FIL,37112,
2290,binaboy,FIL,37113,
2290,sya,FIL,37114,
2290,pa,FIL,37115,
2290,rin,FIL,37116,
2290,ang,FIL,37117,
2290,dapat,FIL,37118,
2290,na,FIL,37119,
2290,paniwalaan,FIL,37120,
2290,kase,FIL,37121,
2290,paborito,FIL,37122,
2290,nyo,FIL,37123,
2290,?,SYM,37124,
2291,Naiyak,FIL,37125,
2291,ako,FIL,37126,
2291,ang,FIL,37127,
2291,bigat,FIL,37128,
2291,sa,FIL,37129,
2291,dibdib,FIL,37130,
2291,uncle,ENG,37131,
2292,Sana,FIL,37132,
2292,isa,FIL,37133,
2292,din,FIL,37134,
2292,Ako,FIL,37135,
2292,sa,FIL,37136,
2292,manalo,FIL,37137,
2292,ng,FIL,37138,
2292,Android,ENG,37139,NE
2292,phone,ENG,37140,
2292,para,FIL,37141,
2292,sa,FIL,37142,
2292,Kapatid,FIL,37143,
2292,ko,FIL,37144,
2294,Ngunit,FIL,37145,
2294,napilit,FIL,37146,
2294,siya,FIL,37147,
2294,ni,FIL,37148,
2294,TJ,UNK,37149,NE
2294,na,FIL,37150,
2294,i-release,FIL,37151,
2294,ang,FIL,37152,
2294,kanta,FIL,37153,
2294,nang,FIL,37154,
2294,sinabi,FIL,37155,
2294,nito,FIL,37156,
2294,na,FIL,37157,
2294,gagawa,FIL,37158,
2294,siya,FIL,37159,
2294,ng,FIL,37160,
2294,kanta,FIL,37161,
2294,at,FIL,37162,
2294,ang,FIL,37163,
2294,title,ENG,37164,
2294,ay,FIL,37165,
2294,Inday,UNK,37166,NE
2294,.,SYM,37167,
2295,ang,FIL,37168,
2295,dragon,ENG,37169,
2295,ng,FIL,37170,
2295,pinas,FIL,37171,NE
2295,HAHAHA,UNK,37172,EXPR
2296,Tanging,FIL,37173,
2296,ang,FIL,37174,
2296,Tanduay,UNK,37175,NE
2296,Rhum,UNK,37176,NE
2296,Masters,ENG,37177,NE
2296,lang,FIL,37178,
2296,ang,FIL,37179,
2296,walang,FIL,37180,
2296,talo,FIL,37181,
2296,dahil,FIL,37182,
2296,sa,FIL,37183,
2296,dating,FIL,37184,
2296,manlalaro,FIL,37185,
2296,ng,FIL,37186,
2296,La,UNK,37187,NE
2296,Salle,UNK,37188,NE
2296,na,FIL,37189,
2296,ngayon,FIL,37190,
2296,ay,FIL,37191,
2296,coach,ENG,37192,
2296,nila,FIL,37193,
2296,na,FIL,37194,
2296,si,FIL,37195,
2296,Cholo,UNK,37196,NE
2296,Villanueva,UNK,37197,NE
2296,.,SYM,37198,
2297,Hindi,FIL,37199,
2297,pa,FIL,37200,
2297,ko,FIL,37201,
2297,nakakapagdecide,UNK,37202,
2297,ang,FIL,37203,
2297,hirap,FIL,37204,
2297,based,ENG,37205,
2297,sa,FIL,37206,
2297,qualifications,ENG,37207,
2297,na,FIL,37208,
2297,binigay,FIL,37209,
2297,ni,FIL,37210,
2297,Senator,ENG,37211,
2297,Miriam,UNK,37212,NE
2297,HAHAHHAHHAHA,UNK,37213,EXPR
2297,lahat,FIL,37214,
2297,bagsak,FIL,37215,
2299,Sana,FIL,37216,
2299,umuwi,FIL,37217,
2299,nalang,FIL,37218,
2299,siya,FIL,37219,
2299,para,FIL,37220,
2299,makasama,FIL,37221,
2299,pa,FIL,37222,
2299,niya,FIL,37223,
2299,pamilya,FIL,37224,
2299,niya,FIL,37225,
2299,",",SYM,37226,
2299,at,FIL,37227,
2299,least,ENG,37228,
2299,kahit,FIL,37229,
2299,ganon,FIL,37230,
2299,nakakasama,FIL,37231,
2299,niya,FIL,37232,
2299,mga,FIL,37233,
2299,anak,FIL,37234,
2299,mo,FIL,37235,
2299,pamilya,FIL,37236,
2299,niya,FIL,37237,
2300,Si,FIL,37238,
2300,choox,UNK,37239,NE
2300,pinili,FIL,37240,
2300,yang,FIL,37241,
2300,pasayahin,FIL,37242,
2300,ang,FIL,37243,
2300,mga,FIL,37244,
2300,tao,FIL,37245,
2300,si,FIL,37246,
2300,bulldog,UNK,37247,NE
2300,naka,FIL,37248,
2300,fucos,FIL,37249,
2300,sa,FIL,37250,
2300,pera,FIL,37251,
2300,kay,FIL,37252,
2300,nag,FIL,37253,
2300,stay,ENG,37254,
2300,parin,FIL,37255,
2300,ako,FIL,37256,
2300,kay,FIL,37257,
2300,choox,UNK,37258,NE
2301,Pinagtibay,FIL,37259,
2301,ng,FIL,37260,
2301,Supreme,ENG,37261,NE
2301,Court,ENG,37262,NE
2301,(,SYM,37263,
2301,SC,ENG,37264,"ABB,NE"
2301,),SYM,37265,
2301,ang,FIL,37266,
2301,hatol,FIL,37267,
2301,ng,FIL,37268,
2301,Court,ENG,37269,NE
2301,of,ENG,37270,NE
2301,Appeals,ENG,37271,NE
2301,na,FIL,37272,
2301,hanggang,FIL,37273,
2301,walong,FIL,37274,
2301,taong,FIL,37275,
2301,pagkabilanggo,FIL,37276,
2301,laban,FIL,37277,
2301,sa,FIL,37278,
2301,isang,FIL,37279,
2301,psychologically,ENG,37280,
2301,abusive,ENG,37281,
2301,husband,ENG,37282,
2301,na,FIL,37283,
2301,umabuso,FIL,37284,
2301,sa,FIL,37285,
2301,kanyang,FIL,37286,
2301,misis,FIL,37287,
2301,at,FIL,37288,
2301,mga,FIL,37289,
2301,anak,FIL,37290,
2301,.,SYM,37291,
2302,Natutunan,FIL,37292,
2302,daw,FIL,37293,
2302,ni,FIL,37294,
2302,Rabiya,UNK,37295,NE
2302,na,FIL,37296,
2302,dedmahin,FIL,37297,
2302,ang,FIL,37298,
2302,mga,FIL,37299,
2302,tsismis,FIL,37300,
2302,dahil,FIL,37301,
2302,wala,FIL,37302,
2302,naman,FIL,37303,
2302,daw,FIL,37304,
2302,siyang,FIL,37305,
2302,magagawa,FIL,37306,
2302,.,SYM,37307,
2303,Nalaglag,FIL,37308,
2303,ang,FIL,37309,
2303,pustiso,FIL,37310,
2303,ni,FIL,37311,
2303,Jonas,UNK,37312,NE
2303,hahaha,UNK,37313,EXPR
2303,LT,FIL,37314,ABB
2306,Huwag,FIL,37315,
2306,po,FIL,37316,
2306,kayo,FIL,37317,
2306,mag-aalala,FIL,37318,
2306,",",SYM,37319,
2306,tapos,FIL,37320,
2306,na,FIL,37321,
2306,po,FIL,37322,
2306,halos,FIL,37323,
2306,ang,FIL,37324,
2306,buwan,FIL,37325,
2306,ng,FIL,37326,
2306,Abril,FIL,37327,NE
2306,at,FIL,37328,
2306,talagang,FIL,37329,
2306,nahirapan,FIL,37330,
2306,lang,FIL,37331,
2306,tayo,FIL,37332,
2306,dito,FIL,37333,
2306,sa,FIL,37334,
2306,Abril,FIL,37335,NE
2306,",",SYM,37336,
2306,nagkaroon,FIL,37337,
2306,po,FIL,37338,
2306,tayo,FIL,37339,
2306,ng,FIL,37340,
2306,shortfall,ENG,37341,
2306,ng,FIL,37342,
2306,inaasahan,FIL,37343,
2306,nating,FIL,37344,
2306,delivery,ENG,37345,
2306,pero,FIL,37346,
2306,babawi,FIL,37347,
2306,naman,FIL,37348,
2306,po,FIL,37349,
2306,tayo,FIL,37350,
2306,pagdating,FIL,37351,
2306,ng,FIL,37352,
2306,Mayo,FIL,37353,NE
2306,(,SYM,37354,
2306,Do,ENG,37355,
2306,not,ENG,37356,
2306,worry,ENG,37357,
2306,.,SYM,37358,
2307,Gayunman,FIL,37359,
2307,",",SYM,37360,
2307,kinilala,FIL,37361,
2307,rin,FIL,37362,
2307,ni,FIL,37363,
2307,Vergeire,UNK,37364,NE
2307,ang,FIL,37365,
2307,posibilidad,FIL,37366,
2307,na,FIL,37367,
2307,may,FIL,37368,
2307,mga,FIL,37369,
2307,taong,FIL,37370,
2307,gumagamit,FIL,37371,
2307,na,FIL,37372,
2307,lamang,FIL,37373,
2307,ng,FIL,37374,
2307,antigen,ENG,37375,
2307,home,ENG,37376,
2307,test,ENG,37377,
2307,kits,ENG,37378,
2307,upang,FIL,37379,
2307,alamin,FIL,37380,
2307,kung,FIL,37381,
2307,positibo,FIL,37382,
2307,sila,FIL,37383,
2307,sa,FIL,37384,
2307,virus,ENG,37385,
2307,o,FIL,37386,
2307,hindi,FIL,37387,
2307,.,SYM,37388,
2308,Handang-handa,FIL,37389,
2308,na,FIL,37390,
2308,rin,FIL,37391,
2308,kaming,FIL,37392,
2308,mga,FIL,37393,
2308,pwersa,FIL,37394,
2308,ng,FIL,37395,
2308,oposisyon,FIL,37396,
2308,na,FIL,37397,
2308,nagkakaisa,FIL,37398,
2308,sa,FIL,37399,
2308,likod,FIL,37400,
2308,ni,FIL,37401,
2308,VP,ENG,37402,ABB
2308,Leni,UNK,37403,NE
2308,para,FIL,37404,
2308,itulak,FIL,37405,
2308,ang,FIL,37406,
2308,kanyang,FIL,37407,
2308,kandidatura,FIL,37408,
2308,sa,FIL,37409,
2308,pagka-pangulo,FIL,37410,
2308,.,SYM,37411,
2309,Hahaha,UNK,37412,EXPR
2309,diktador,FIL,37413,
2309,talaga,FIL,37414,
2309,hahahaha,UNK,37415,EXPR
2309,hindi,FIL,37416,
2309,po,FIL,37417,
2309,ba,FIL,37418,
2309,pwedeng,FIL,37419,
2309,dating,FIL,37420,
2309,pangulo,FIL,37421,
2309,ng,FIL,37422,
2309,pilipinas,FIL,37423,NE
2309,kaya,FIL,37424,
2309,hindi,FIL,37425,
2309,din,FIL,37426,
2309,kayo,FIL,37427,
2309,ginagalang,FIL,37428,
2309,dahil,FIL,37429,
2309,smga,UNK,37430,
2309,pahayag,FIL,37431,
2309,nyo,FIL,37432,
2309,imbes,FIL,37433,
2309,na,FIL,37434,
2309,IBALIK,FIL,37435,
2309,ang,FIL,37436,
2309,abs,ENG,37437,"ABB,NE"
2309,CBN,ENG,37438,"ABB,NE"
2309,mas,FIL,37439,
2309,lalong,FIL,37440,
2309,nagpapakita,FIL,37441,
2309,kayo,FIL,37442,
2309,ng,FIL,37443,
2309,motibo,FIL,37444,
2309,.,SYM,37445,
2309,opinion,ENG,37446,
2309,lang,FIL,37447,
2309,po,FIL,37448,
2309,.,SYM,37449,
2310,Ang,FIL,37450,
2310,psychiatrist,ENG,37451,
2310,naman,FIL,37452,
2310,na,FIL,37453,
2310,si,FIL,37454,
2310,Dra,FIL,37455,ABB
2310,Joan,UNK,37456,NE
2310,Mae,UNK,37457,NE
2310,G,UNK,37458,NE
2310,Perez-Rifareal,UNK,37459,NE
2310,",",SYM,37460,
2310,nagbigay,FIL,37461,
2310,din,FIL,37462,
2310,ng,FIL,37463,
2310,paalala,FIL,37464,
2310,tungkol,FIL,37465,
2310,sa,FIL,37466,
2310,tamang,FIL,37467,
2310,pangangalaga,FIL,37468,
2310,ng,FIL,37469,
2310,sarili,FIL,37470,
2310,para,FIL,37471,
2310,maiwasan,FIL,37472,
2310,o,FIL,37473,
2310,malunasan,FIL,37474,
2310,ang,FIL,37475,
2310,sakit,FIL,37476,
2310,.,SYM,37477,
2312,Papano,FIL,37478,
2312,niyo,FIL,37479,
2312,po,FIL,37480,
2312,tinitingnan,FIL,37481,
2312,magiging,FIL,37482,
2312,panahon,FIL,37483,
2312,sa,FIL,37484,
2312,mga,FIL,37485,
2312,lugar,FIL,37486,
2312,na,FIL,37487,
2312,pupuntahan,FIL,37488,
2312,niyo,FIL,37489,
2312,?,SYM,37490,
2313,Boss,ENG,37491,
2313,dogs,ENG,37492,
2313,try,ENG,37493,
2313,mo,FIL,37494,
2313,mag,FIL,37495,
2313,build,ENG,37496,
2313,Ng,FIL,37497,
2313,mga,FIL,37498,
2313,Thailand,UNK,37499,NE
2313,concept,ENG,37500,
2313,na,FIL,37501,
2313,motors,ENG,37502,
2313,Sali,FIL,37503,
2313,kanadin,FIL,37504,
2313,sa,FIL,37505,
2313,mga,FIL,37506,
2313,show,ENG,37507,
2314,Paano,FIL,37508,
2314,dapat,FIL,37509,
2314,bigyan,FIL,37510,
2314,ng,FIL,37511,
2314,kahulugan,FIL,37512,
2314,ang,FIL,37513,
2314,galit,FIL,37514,
2314,?,SYM,37515,
2315,Ang,FIL,37516,
2315,hindi,FIL,37517,
2315,mwawala,FIL,37518,
2315,sa,FIL,37519,
2315,handa,FIL,37520,
2315,nmin,FIL,37521,
2315,kada,FIL,37522,
2315,christmas,ENG,37523,
2315,ang,FIL,37524,
2315,Specialty,ENG,37525,
2315,na,FIL,37526,
2315,spaghetti,ENG,37527,
2315,ng,FIL,37528,
2315,papa,ENG,37529,
2315,ko,FIL,37530,
2315,",",SYM,37531,
2315,at,FIL,37532,
2315,buo,FIL,37533,
2315,family,ENG,37534,
2315,na,FIL,37535,
2315,magsalosalo,FIL,37536,
2315,kami,FIL,37537,
2315,at,FIL,37538,
2315,di,FIL,37539,
2315,mawawala,FIL,37540,
2315,ang,FIL,37541,
2315,tawanan,FIL,37542,
2316,Kaya,FIL,37543,
2316,huwag,FIL,37544,
2316,ipilit,FIL,37545,
2316,ang,FIL,37546,
2316,sarili,FIL,37547,
2316,sa,FIL,37548,
2316,mga,FIL,37549,
2316,bagay,FIL,37550,
2316,na,FIL,37551,
2316,hindi,FIL,37552,
2316,naman,FIL,37553,
2316,talaga,FIL,37554,
2316,para,FIL,37555,
2316,sa'tin,FIL,37556,
2316,upang,FIL,37557,
2316,huwag,FIL,37558,
2316,mapahiya,FIL,37559,
2316,.,SYM,37560,
2317,Nadama,FIL,37561,
2317,ko,FIL,37562,
2317,na,FIL,37563,
2317,mahal,FIL,37564,
2317,na,FIL,37565,
2317,mahal,FIL,37566,
2317,Niya,FIL,37567,
2317,tayo,FIL,37568,
2317,kaya,FIL,37569,
2317,Siya,FIL,37570,
2317,nagpapako,FIL,37571,
2317,sa,FIL,37572,
2317,krus,FIL,37573,
2317,at,FIL,37574,
2317,ibinuwis,FIL,37575,
2317,Niya,FIL,37576,
2317,ang,FIL,37577,
2317,Kanyang,FIL,37578,
2317,dugo,FIL,37579,
2317,hanggang,FIL,37580,
2317,sa,FIL,37581,
2317,kahuli-hulihang,FIL,37582,
2317,patak,FIL,37583,
2317,nito,FIL,37584,
2317,upang,FIL,37585,
2317,tubusin,FIL,37586,
2317,tayo,FIL,37587,
2317,.,SYM,37588,
2318,Pinapanuod,FIL,37589,
2318,ko,FIL,37590,
2318,lahat,FIL,37591,
2318,ng,FIL,37592,
2318,video,ENG,37593,
2318,mo,FIL,37594,
2318,!,SYM,37595,
2320,Wilma,UNK,37596,NE
2320,game,ENG,37597,
2320,magpababoy,FIL,37598,
2320,para,FIL,37599,
2320,kay,FIL,37600,
2320,Torres,UNK,37601,NE
2320,Para,FIL,37602,
2320,kay,FIL,37603,
2320,Ormoc,UNK,37604,NE
2320,Rep,ENG,37605,"ABB,NE"
2320,.,SYM,37606,
2320,Lucy,UNK,37607,NE
2320,Torres-Gomez,UNK,37608,NE
2320,",",SYM,37609,
2320,kayang,FIL,37610,
2320,tanggapin,FIL,37611,
2320,ni,FIL,37612,
2320,Wilma,UNK,37613,NE
2320,Doesnt,UNK,37614,NE
2320,ang,FIL,37615,
2320,sinumang,FIL,37616,
2320,babato,FIL,37617,
2320,sa,FIL,37618,
2320,kanya,FIL,37619,
2320,ng,FIL,37620,
2320,ebak,FIL,37621,
2320,at,FIL,37622,
2320,bubura,FIL,37623,
2320,ng,FIL,37624,
2320,kanyang,FIL,37625,
2320,kilay,FIL,37626,
2320,.,SYM,37627,
2321,Well,UNK,37628,EXPR
2321,",",SYM,37629,
2321,yan,FIL,37630,
2321,ang,FIL,37631,
2321,magandang,FIL,37632,
2321,dapat,FIL,37633,
2321,abangan,FIL,37634,
2321,!,SYM,37635,
2322,tutulog,FIL,37636,
2322,muna,FIL,37637,
2322,ako,FIL,37638,
2322,maghapon,FIL,37639,
2322,a,UNK,37640,EXPR
2322,",",SYM,37641,
2322,balik,FIL,37642,
2322,ako,FIL,37643,
2322,later,ENG,37644,
2322,ng,FIL,37645,
2322,gabi,FIL,37646,
2322,or,ENG,37647,
2322,bukas,FIL,37648,
2322,na,FIL,37649,
2322,",",SYM,37650,
2322,bye,UNK,37651,EXPR
2322,.,SYM,37652,
2323,gago,FIL,37653,
2323,feeling,ENG,37654,
2323,ko,FIL,37655,
2323,wala,FIL,37656,
2323,akong,FIL,37657,
2323,karapatang,FIL,37658,
2323,umiyak,FIL,37659,
2323,kasi,FIL,37660,
2323,pinili,FIL,37661,
2323,ko,FIL,37662,
2323,'to,FIL,37663,
2323,",",SYM,37664,
2323,kasalanan,FIL,37665,
2323,ko,FIL,37666,
2323,'to,FIL,37667,
2323,kaya,FIL,37668,
2323,dapat,FIL,37669,
2323,ako,FIL,37670,
2323,ang,FIL,37671,
2323,magdusa,FIL,37672,
2324,Bakit,FIL,37673,
2324,po,FIL,37674,
2324,ang,FIL,37675,
2324,frfresh,UNK,37676,
2324,ng,FIL,37677,
2324,tao,FIL,37678,
2324,sa,FIL,37679,
2324,IG,ENG,37680,ABB
2325,gusto,FIL,37681,
2325,ko,FIL,37682,
2325,lang,FIL,37683,
2325,naman,FIL,37684,
2325,mag-aral,FIL,37685,
2325,pero,FIL,37686,
2325,na-lss,UNK,37687,
2325,ako,FIL,37688,
2325,masyado,FIL,37689,
2325,sa,FIL,37690,
2325,the,ENG,37691,
2325,feels,ENG,37692,
2325,ng,FIL,37693,
2325,twice,ENG,37694,NE
2325,hayp,FIL,37695,
2325,yan,FIL,37696,
2326,never,ENG,37697,
2326,kong,FIL,37698,
2326,naisip,FIL,37699,
2326,na,FIL,37700,
2326,sayang,FIL,37701,
2326,yung,FIL,37702,
2326,panahon,FIL,37703,
2326,o,FIL,37704,
2326,oras,FIL,37705,
2326,ko,FIL,37706,
2326,sayo,FIL,37707,
2326,",",SYM,37708,
2326,masyado,FIL,37709,
2326,akong,FIL,37710,
2326,masaya,FIL,37711,
2326,nung,FIL,37712,
2326,mga,FIL,37713,
2326,panahong,FIL,37714,
2326,yun,FIL,37715,
2327,Nitong,FIL,37716,
2327,Nobyembre,FIL,37717,
2327,20,NUM,37718,
2327,naman,FIL,37719,
2327,",",SYM,37720,
2327,sa,FIL,37721,
2327,kasagsagan,FIL,37722,
2327,ng,FIL,37723,
2327,panawagang,FIL,37724,
2327,palabasin,FIL,37725,
2327,na,FIL,37726,
2327,si,FIL,37727,
2327,TJ,UNK,37728,"ABB,NE"
2327,sa,FIL,37729,
2327,loob,FIL,37730,
2327,ng,FIL,37731,
2327,Bahay,FIL,37732,NE
2327,ni,FIL,37733,
2327,Kuya,FIL,37734,NE
2327,",",SYM,37735,
2327,dito,FIL,37736,
2327,na,FIL,37737,
2327,siya,FIL,37738,
2327,nagbitiw,FIL,37739,
2327,ng,FIL,37740,
2327,mga,FIL,37741,
2327,tweets,ENG,37742,
2327,na,FIL,37743,
2327,tila,FIL,37744,
2327,laban,FIL,37745,
2327,sa,FIL,37746,
2327,kaniyang,FIL,37747,
2327,jowa,FIL,37748,
2327,.,SYM,37749,
2328,mas,FIL,37750,
2328,maniwala,FIL,37751,
2328,ako,FIL,37752,
2328,sa,FIL,37753,
2328,mga,FIL,37754,
2328,bata,FIL,37755,
2329,Kaya,FIL,37756,
2329,nang,FIL,37757,
2329,makuha,FIL,37758,
2329,na,FIL,37759,
2329,ni,FIL,37760,
2329,Nanay,FIL,37761,NE
2329,Versing,UNK,37762,NE
2329,ang,FIL,37763,
2329,katibayan,FIL,37764,
2329,o,FIL,37765,
2329,sertipikasyon,FIL,37766,
2329,na,FIL,37767,
2329,siyay,FIL,37768,
2329,nakapagtapos,FIL,37769,
2329,na,FIL,37770,
2329,ng,FIL,37771,
2329,grade,ENG,37772,
2329,6,NUM,37773,
2329,sa,FIL,37774,
2329,edad,FIL,37775,
2329,na,FIL,37776,
2329,58,NUM,37777,
2329,nitong,FIL,37778,
2329,Oktubre,FIL,37779,NE
2329,15,NUM,37780,
2329,ay,FIL,37781,
2329,labis,FIL,37782,
2329,ang,FIL,37783,
2329,kasiyahan,FIL,37784,
2329,at,FIL,37785,
2329,ipinagmamalaki,FIL,37786,
2329,siya,FIL,37787,
2329,ng,FIL,37788,
2329,kaniyang,FIL,37789,
2329,pamilya,FIL,37790,
2329,.,SYM,37791,
2330,Yawa,UNK,37792,EXPR
2330,nasa,FIL,37793,
2330,town,ENG,37794,
2330,na,FIL,37795,
2330,ako,FIL,37796,
2330,nakalimutan,FIL,37797,
2330,ko,FIL,37798,
2330,bumili,FIL,37799,
2330,ng,FIL,37800,
2330,chargerrr,FIL,37801,
2331,Ayon,FIL,37802,
2331,kay,FIL,37803,
2331,Comelec,ENG,37804,"ABB,NE"
2331,Chairman,ENG,37805,
2331,Saidamen,UNK,37806,NE
2331,Pangarungan,UNK,37807,NE
2331,",",SYM,37808,
2331,napilitan,FIL,37809,
2331,silang,FIL,37810,
2331,gamitin,FIL,37811,
2331,ang,FIL,37812,
2331,mga,FIL,37813,
2331,refurbished,ENG,37814,
2331,o,FIL,37815,
2331,inayos,FIL,37816,
2331,na,FIL,37817,
2331,mga,FIL,37818,
2331,VCM,ENG,37819,"ABB,NE"
2331,dahil,FIL,37820,
2331,naglaan,FIL,37821,
2331,lang,FIL,37822,
2331,ang,FIL,37823,
2331,Kongreso,FIL,37824,NE
2331,ng,FIL,37825,
2331,2,NUM,37826,
2331,/,SYM,37827,
2331,3,NUM,37828,
2331,ng,FIL,37829,
2331,kanilang,FIL,37830,
2331,P12,NUM,37831,
2331,bilyong,FIL,37832,
2331,budgetary,ENG,37833,
2331,request,ENG,37834,
2331,para,FIL,37835,
2331,sa,FIL,37836,
2331,2022,NUM,37837,
2331,.,SYM,37838,
2332,Mukhang,FIL,37839,
2332,nagsisimula,FIL,37840,
2332,na,FIL,37841,
2332,ang,FIL,37842,
2332,busy,ENG,37843,
2332,schedule,ENG,37844,
2332,ng,FIL,37845,
2332,bagong,FIL,37846,
2332,Kapuso,FIL,37847,NE
2332,star,ENG,37848,
2332,na,FIL,37849,
2332,si,FIL,37850,
2332,Bea,UNK,37851,NE
2332,Alonzo,UNK,37852,NE
2332,matapos,FIL,37853,
2332,ang,FIL,37854,
2332,kaniyang,FIL,37855,
2332,mahabang,FIL,37856,
2332,bakasyon,FIL,37857,
2332,sa,FIL,37858,
2332,US,ENG,37859,"ABB,NE"
2332,.,SYM,37860,
2333,Hindi,FIL,37861,
2333,bat,FIL,37862,
2333,ang,FIL,37863,
2333,ganoong,FIL,37864,
2333,pagkastigo,FIL,37865,
2333,at,FIL,37866,
2333,paghatol,FIL,37867,
2333,ang,FIL,37868,
2333,pinakamagagandang,FIL,37869,
2333,uri,FIL,37870,
2333,ng,FIL,37871,
2333,mga,FIL,37872,
2333,pagpapala,FIL,37873,
2333,na,FIL,37874,
2333,ipagkakaloob,FIL,37875,
2333,sa,FIL,37876,
2333,inyo,FIL,37877,
2333,?,SYM,37878,
2334,Hindi,FIL,37879,
2334,niya,FIL,37880,
2334,napag,FIL,37881,
2334,isa,FIL,37882,
2334,dahil,FIL,37883,
2334,ang,FIL,37884,
2334,gsuto,FIL,37885,
2334,ni,FIL,37886,
2334,Leni,UNK,37887,NE
2334,siya,FIL,37888,
2334,ang,FIL,37889,
2334,maging,FIL,37890,
2334,pambato,FIL,37891,
2334,ng,FIL,37892,
2334,oposisyon,FIL,37893,
2334,at,FIL,37894,
2334,siya,FIL,37895,
2334,ang,FIL,37896,
2334,mag,FIL,37897,
2334,re,FIL,37898,
2334,reyna,FIL,37899,
2334,.,SYM,37900,
2335,At,FIL,37901,
2335,para,FIL,37902,
2335,na,FIL,37903,
2335,rin,FIL,37904,
2335,iyon,FIL,37905,
2335,nakukuha,FIL,37906,
2335,ko,FIL,37907,
2335,na,FIL,37908,
2335,komisyon,FIL,37909,
2335,mula,FIL,37910,
2335,sa,FIL,37911,
2335,kanya,FIL,37912,
2335,hindi,FIL,37913,
2335,na,FIL,37914,
2335,mabawas,FIL,37915,
2335,sa,FIL,37916,
2335,konti,FIL,37917,
2335,niyang,FIL,37918,
2335,kinikita,FIL,37919,
2335,.,SYM,37920,
2336,Matapos,FIL,37921,
2336,ang,FIL,37922,
2336,anim,FIL,37923,
2336,na,FIL,37924,
2336,taon,FIL,37925,
2336,",",SYM,37926,
2336,magbabalik,FIL,37927,
2336,sa,FIL,37928,
2336,Premier,ENG,37929,NE
2336,Volleyball,ENG,37930,NE
2336,League,ENG,37931,NE
2336,(,SYM,37932,
2336,PVL,ENG,37933,"ABB,NE"
2336,),SYM,37934,
2336,si,FIL,37935,
2336,volleyball,ENG,37936,
2336,star,ENG,37937,
2336,Rachel,UNK,37938,NE
2336,Anne,UNK,37939,NE
2336,Daquis,UNK,37940,NE
2336,matapos,FIL,37941,
2336,ianunsyo,FIL,37942,
2336,ng,FIL,37943,
2336,Cignal,UNK,37944,NE
2336,HD,ENG,37945,"ABB,NE"
2336,Spikers,ENG,37946,NE
2336,kamakailan,FIL,37947,
2336,ang,FIL,37948,
2336,paglipat,FIL,37949,
2336,ng,FIL,37950,
2336,koponan,FIL,37951,
2336,sa,FIL,37952,
2336,liga,FIL,37953,
2336,.,SYM,37954,
2339,Space,ENG,37955,
2339,pala,FIL,37956,
2339,hahaha,UNK,37957,EXPR
2339,ge,FIL,37958,
2339,magsama,FIL,37959,
2339,kyo,FIL,37960,
2339,ng,FIL,37961,
2339,mga,FIL,37962,
2339,alien,ENG,37963,
2339,pandigan,FIL,37964,
2339,mo,FIL,37965,
2339,yan,FIL,37966,
2339,!,SYM,37967,
2340,Karamihan,FIL,37968,
2340,sa,FIL,37969,
2340,kanila,FIL,37970,
2340,ay,FIL,37971,
2340,nagsasalita,FIL,37972,
2340,ng,FIL,37973,
2340,.,SYM,37974,
2341,Huwag,FIL,37975,
2341,kayong,FIL,37976,
2341,antukin,FIL,37977,
2341,kasi,FIL,37978,
2341,tatawagin,FIL,37979,
2341,ko,FIL,37980,
2341,na,FIL,37981,
2341,ang,FIL,37982,
2341,big,ENG,37983,
2341,boss,ENG,37984,
2341,natin,FIL,37985,
2341,!,SYM,37986,
2342,hirap,FIL,37987,
2342,ng,FIL,37988,
2342,walang,FIL,37989,
2342,mapagtatanungaaaaaan,FIL,37990,
2342,.,SYM,37991,
2343,paulit,FIL,37992,
2343,ulit,FIL,37993,
2343,ang,FIL,37994,
2343,ang,FIL,37995,
2343,pagbabaliita,FIL,37996,
2343,nakakaumai,FIL,37997,
2343,maghintay,FIL,37998,
2344,Itaas,FIL,37999,
2344,ang,FIL,38000,
2344,mga,FIL,38001,
2344,nasa,FIL,38002,
2344,laylayan,FIL,38003,
2344,!,SYM,38004,
2345,eto,FIL,38005,
2345,na,FIL,38006,
2345,ang,FIL,38007,
2345,sagot,FIL,38008,
2345,sa,FIL,38009,
2345,ating,FIL,38010,
2345,katanungan,FIL,38011,
2346,Inihayag,FIL,38012,
2346,ng,FIL,38013,
2346,Commission,ENG,38014,NE
2346,on,ENG,38015,NE
2346,Elections,ENG,38016,NE
2346,(,SYM,38017,
2346,COMELEC,ENG,38018,"ABB,NE"
2346,),SYM,38019,
2346,na,FIL,38020,
2346,ang,FIL,38021,
2346,pagpaparehistro,FIL,38022,
2346,ng,FIL,38023,
2346,mga,FIL,38024,
2346,botante,FIL,38025,
2346,ay,FIL,38026,
2346,magpapatuloy,FIL,38027,
2346,sa,FIL,38028,
2346,buong,FIL,38029,
2346,bansa,FIL,38030,
2346,sa,FIL,38031,
2346,Setyembre,FIL,38032,NE
2346,1,NUM,38033,
2346,maliban,FIL,38034,
2346,sa,FIL,38035,
2346,mga,FIL,38036,
2346,lugar,FIL,38037,
2346,na,FIL,38038,
2346,nasa,FIL,38039,
2346,ilalim,FIL,38040,
2346,ng,FIL,38041,
2346,enhanced,ENG,38042,
2346,community,ENG,38043,
2346,quarantine,ENG,38044,
2346,(,SYM,38045,
2346,ECQ,ENG,38046,ABB
2346,),SYM,38047,
2346,o,FIL,38048,
2346,modified,ENG,38049,
2346,ECQ,ENG,38050,ABB
2346,.,SYM,38051,
2347,Sa,FIL,38052,
2347,parehong,FIL,38053,
2347,panayam,FIL,38054,
2347,sinabi,FIL,38055,
2347,ng,FIL,38056,
2347,SOCO,ENG,38057,"ABB,NE"
2347,anchor,ENG,38058,
2347,",",SYM,38059,
2347,na,FIL,38060,
2347,nasanay,FIL,38061,
2347,na,FIL,38062,
2347,siya,FIL,38063,
2347,sa,FIL,38064,
2347,mga,FIL,38065,
2347,patayang,FIL,38066,
2347,nakikita,FIL,38067,
2347,tuwing,FIL,38068,
2347,siyay,FIL,38069,
2347,nagko-cover,FIL,38070,
2347,.,SYM,38071,
2348,Binanggit,FIL,38072,
2348,ni,FIL,38073,
2348,Recto,UNK,38074,NE
2348,na,FIL,38075,
2348,mula,FIL,38076,
2348,2019,NUM,38077,
2348,hanggang,FIL,38078,
2348,ngayon,FIL,38079,
2348,",",SYM,38080,
2348,P43,UNK,38081,
2348,.,SYM,38082,
2348,7,NUM,38083,
2348,bilyon,FIL,38084,
2348,ang,FIL,38085,
2348,nailaan,FIL,38086,
2348,sa,FIL,38087,
2348,DOH,ENG,38088,"ABB,NE"
2348,para,FIL,38089,
2348,sa,FIL,38090,
2348,pagbili,FIL,38091,
2348,ng,FIL,38092,
2348,mga,FIL,38093,
2348,kagamitan,FIL,38094,
2348,at,FIL,38095,
2348,pagpapatayo,FIL,38096,
2348,ng,FIL,38097,
2348,mga,FIL,38098,
2348,istraktura,FIL,38099,
2348,",",SYM,38100,
2348,bukod,FIL,38101,
2348,pa,FIL,38102,
2348,sa,FIL,38103,
2348,nailaan,FIL,38104,
2348,sa,FIL,38105,
2348,Bayanihan,FIL,38106,NE
2348,1,NUM,38107,
2348,at,FIL,38108,
2348,Bayanihan,FIL,38109,NE
2348,2,NUM,38110,
2350,Ipakulong,FIL,38111,
2350,nyo,FIL,38112,
2350,na,FIL,38113,
2350,ang,FIL,38114,
2350,inyong,FIL,38115,
2350,anak,FIL,38116,
2351,Giit,FIL,38117,
2351,ng,FIL,38118,
2351,ginang,FIL,38119,
2351,",",SYM,38120,
2351,naniniwala,FIL,38121,
2351,ito,FIL,38122,
2351,na,FIL,38123,
2351,hindi,FIL,38124,
2351,drug,ENG,38125,
2351,overdose,ENG,38126,
2351,at,FIL,38127,
2351,suicide,ENG,38128,
2351,ang,FIL,38129,
2351,tunay,FIL,38130,
2351,na,FIL,38131,
2351,dahilan,FIL,38132,
2351,ng,FIL,38133,
2351,pagkamatay,FIL,38134,
2351,ng,FIL,38135,
2351,anak,FIL,38136,
2351,.,SYM,38137,
2352,Pagkatapos,FIL,38138,
2352,ng,FIL,38139,
2352,ilang,FIL,38140,
2352,araw,FIL,38141,
2352,",",SYM,38142,
2352,sasabihin,FIL,38143,
2352,sa,FIL,38144,
2352,'yo,FIL,38145,
2352,",",SYM,38146,
2352,"""",SYM,38147,
2352,Pa'no,FIL,38148,
2352,ka,FIL,38149,
2352,ba,FIL,38150,
2352,nagka,FIL,38151,
2352,(,SYM,38152,
2352,insert,ENG,38153,
2352,merit,ENG,38154,
2352,),SYM,38155,
2352,?,SYM,38156,
2352,"""",SYM,38157,
2352,,SYM,38158,
2353,start,ENG,38159,
2353,na,FIL,38160,
2353,ang,FIL,38161,
2353,content,ENG,38162,
2353,HAHAHAHA,UNK,38163,EXPR
2354,Sa,FIL,38164,
2354,mga,FIL,38165,
2354,wala,FIL,38166,
2354,pang,FIL,38167,
2354,tickets,ENG,38168,
2354,",",SYM,38169,
2354,buy,ENG,38170,
2354,na,FIL,38171,
2354,sa,FIL,38172,
2354,A,ENG,38173,
2354,post,ENG,38174,
2354,shared,ENG,38175,
2354,by,ENG,38176,
2354,JULIE,UNK,38177,NE
2354,ANNE,UNK,38178,NE
2354,SAN,UNK,38179,NE
2354,JOSE,UNK,38180,NE
2354,(,SYM,38181,
2354,),SYM,38182,
2354,*,SYM,38183,
2354,*,SYM,38184,
2354,*,SYM,38185,
2354,Magpakatotoo,FIL,38186,
2354,kaya,FIL,38187,
2354,ang,FIL,38188,
2354,mga,FIL,38189,
2354,Kapuso,FIL,38190,NE
2354,stars,ENG,38191,
2354,na,FIL,38192,
2354,sina,FIL,38193,
2354,Max,UNK,38194,NE
2354,Collins,UNK,38195,NE
2354,at,FIL,38196,
2354,Rocco,UNK,38197,NE
2354,Nacino,UNK,38198,NE
2354,sa,FIL,38199,
2354,pagsagot,FIL,38200,
2354,sa,FIL,38201,
2354,maiintrigang,FIL,38202,
2354,tanong,FIL,38203,
2354,at,FIL,38204,
2354,sa,FIL,38205,
2354,pagkain,FIL,38206,
2354,ng,FIL,38207,
2354,mga,FIL,38208,
2354,exotic,ENG,38209,
2354,food,ENG,38210,
2354,?,SYM,38211,
2356,Pero,FIL,38212,
2356,kapatid,FIL,38213,
2356,",",SYM,38214,
2356,ikaw,FIL,38215,
2356,",",SYM,38216,
2356,ako,FIL,38217,
2356,",",SYM,38218,
2356,tayong,FIL,38219,
2356,lahat,FIL,38220,
2356,ng,FIL,38221,
2356,umasa,FIL,38222,
2356,ng,FIL,38223,
2356,bagong,FIL,38224,
2356,pag-asa,FIL,38225,
2356,",",SYM,38226,
2356,ng,FIL,38227,
2356,bagong,FIL,38228,
2356,gobyernong,FIL,38229,
2356,Yan,FIL,38230,
2356,ang,FIL,38231,
2356,isang,FIL,38232,
2356,hindi,FIL,38233,
2356,ko,FIL,38234,
2356,gusto,FIL,38235,
2356,sa,FIL,38236,
2356,ating,FIL,38237,
2356,mga,FIL,38238,
2356,Pinoy,FIL,38239,NE
2356,.,SYM,38240,
2357,At,FIL,38241,
2357,ang,FIL,38242,
2357,mas,FIL,38243,
2357,mahalaga,FIL,38244,
2357,na,FIL,38245,
2357,sa,FIL,38246,
2357,araw,FIL,38247,
2357,na,FIL,38248,
2357,ito,FIL,38249,
2357,",",SYM,38250,
2357,naipasa,FIL,38251,
2357,Ko,FIL,38252,
2357,sa,FIL,38253,
2357,inyo,FIL,38254,
2357,ang,FIL,38255,
2357,isang,FIL,38256,
2357,napakahalagang,FIL,38257,
2357,piraso,FIL,38258,
2357,ng,FIL,38259,
2357,impormasyon,FIL,38260,
2357,na,FIL,38261,
2357,may,FIL,38262,
2357,kinalaman,FIL,38263,
2357,sa,FIL,38264,
2357,mga,FIL,38265,
2357,taga,FIL,38266,
2357,serbisyo,FIL,38267,
2357,.,SYM,38268,
2358,Sanay,FIL,38269,
2358,po,FIL,38270,
2358,kasi,FIL,38271,
2358,ako,FIL,38272,
2358,manood,FIL,38273,
2358,ng,FIL,38274,
2358,mga,FIL,38275,
2358,international,ENG,38276,
2358,shows,ENG,38277,
2358,na,FIL,38278,
2358,very,ENG,38279,
2358,saturated,ENG,38280,
2358,and,ENG,38281,
2358,bright,ENG,38282,
2358,ang,FIL,38283,
2358,pagcapture,UNK,38284,
2358,sa,FIL,38285,
2358,video,ENG,38286,
2358,.,SYM,38287,
2359,Nangigil,FIL,38288,
2359,na,FIL,38289,
2359,ko,FIL,38290,
2359,halos,FIL,38291,
2359,every,ENG,38292,
2359,week,ENG,38293,
2359,may,FIL,38294,
2359,pagtaas,FIL,38295,
2359,ng,FIL,38296,
2359,presyo,FIL,38297,
2359,ng,FIL,38298,
2359,gas,ENG,38299,
2359,!,SYM,38300,
2360,nahihilo,FIL,38301,
2360,na,FIL,38302,
2360,ako,FIL,38303,
2360,kakasagot,FIL,38304,
2360,sa,FIL,38305,
2360,mga,FIL,38306,
2360,module,ENG,38307,
2360,and,ENG,38308,
2360,activities,ENG,38309,
2361,Yung,FIL,38310,
2361,mga,FIL,38311,
2361,tinulong,FIL,38312,
2361,mo,FIL,38313,
2361,sa,FIL,38314,
2361,mga,FIL,38315,
2361,tao,FIL,38316,
2361,ay,FIL,38317,
2361,galing,FIL,38318,
2361,din,FIL,38319,
2361,sa,FIL,38320,
2361,mga,FIL,38321,
2361,tao,FIL,38322,
2361,na,FIL,38323,
2361,supporter,ENG,38324,
2361,mo,FIL,38325,
2361,Kaya,FIL,38326,
2361,kuripot,FIL,38327,
2361,ka,FIL,38328,
2361,walang,FIL,38329,
2361,sariling,FIL,38330,
2361,pera,FIL,38331,
2361,na,FIL,38332,
2361,galing,FIL,38333,
2361,sayu,FIL,38334,
2361,na,FIL,38335,
2361,initulong,FIL,38336,
2361,mo,FIL,38337,
2361,pati,FIL,38338,
2361,mga,FIL,38339,
2361,gumgawa,FIL,38340,
2361,ng,FIL,38341,
2361,videos,ENG,38342,
2361,galing,FIL,38343,
2361,sayu,FIL,38344,
2361,Pina,FIL,38345,
2361,pa,FIL,38346,
2361,report,ENG,38347,
2361,kase,FIL,38348,
2361,gusto,FIL,38349,
2361,mo,FIL,38350,
2361,ikaw,FIL,38351,
2361,Lang,FIL,38352,
2361,kumitA,FIL,38353,
2361,SA,FIL,38354,
2361,YOUTUBE,ENG,38355,NE
2362,Bago,FIL,38356,
2362,tumakas,FIL,38357,
2362,ang,FIL,38358,
2362,dalawang,FIL,38359,
2362,suspek,FIL,38360,
2362,ay,FIL,38361,
2362,pinutol,FIL,38362,
2362,muna,FIL,38363,
2362,nila,FIL,38364,
2362,ang,FIL,38365,
2362,dila,FIL,38366,
2362,ng,FIL,38367,
2362,biktima,FIL,38368,
2362,.,SYM,38369,
2363,Tahimik,FIL,38370,
2363,sila,FIL,38371,
2363,kasi,FIL,38372,
2363,di,FIL,38373,
2363,nila,FIL,38374,
2363,gets,FIL,38375,
2363,ang,FIL,38376,
2363,issue,ENG,38377,
2363,dun,FIL,38378,
2363,kasi,FIL,38379,
2363,sila,FIL,38380,
2363,maingay,FIL,38381,
2363,at,FIL,38382,
2363,magaling,FIL,38383,
2363,sa,FIL,38384,
2363,pangungutya,FIL,38385,
2363,kay,FIL,38386,
2363,VP,ENG,38387,ABB
2363,Leni,UNK,38388,NE
2363,.,SYM,38389,
2365,Kung,FIL,38390,
2365,hindi,FIL,38391,
2365,mo,FIL,38392,
2365,kailanman,FIL,38393,
2365,naunawaan,FIL,38394,
2365,ang,FIL,38395,
2365,layunin,FIL,38396,
2365,at,FIL,38397,
2365,kabuluhan,FIL,38398,
2365,ng,FIL,38399,
2365,gawain,FIL,38400,
2365,Ko,FIL,38401,
2365,",",SYM,38402,
2365,magiging,FIL,38403,
2365,isa,FIL,38404,
2365,ka,FIL,38405,
2365,bang,FIL,38406,
2365,masunuring,FIL,38407,
2365,taong,FIL,38408,
2365,hindi,FIL,38409,
2365,basta-basta,FIL,38410,
2365,gumagawa,FIL,38411,
2365,ng,FIL,38412,
2365,mga,FIL,38413,
2365,paghatol,FIL,38414,
2365,at,FIL,38415,
2365,mga,FIL,38416,
2365,konklusyon,FIL,38417,
2365,?,SYM,38418,
2367,Samantala,FIL,38419,
2367,",",SYM,38420,
2367,ang,FIL,38421,
2367,Philippine,ENG,38422,NE
2367,team,ENG,38423,
2367,ay,FIL,38424,
2367,hindi,FIL,38425,
2367,pa,FIL,38426,
2367,nag-anunsiyo,FIL,38427,
2367,ng,FIL,38428,
2367,mga,FIL,38429,
2367,pangalan,FIL,38430,
2367,para,FIL,38431,
2367,sa,FIL,38432,
2367,continental,ENG,38433,
2367,championship,ENG,38434,
2367,ngunit,FIL,38435,
2367,inaasahang,FIL,38436,
2367,gagawa,FIL,38437,
2367,ng,FIL,38438,
2367,roster,ENG,38439,
2367,revamp,ENG,38440,
2367,kasunod,FIL,38441,
2367,ng,FIL,38442,
2367,pinakahuling,FIL,38443,
2367,kabiguan,FIL,38444,
2367,nito,FIL,38445,
2367,na,FIL,38446,
2367,tinawag,FIL,38447,
2367,na,FIL,38448,
2367,Horror,ENG,38449,NE
2367,in,ENG,38450,NE
2367,Hanoi,UNK,38451,NE
2367,.,SYM,38452,
2368,isang,FIL,38453,
2368,milagro,FIL,38454,
2368,nalang,FIL,38455,
2368,magpapasa,FIL,38456,
2368,sa,FIL,38457,
2368,akin,FIL,38458,
2368,sa,FIL,38459,
2368,MD1,UNK,38460,"ABB,NE"
2369,ay,FIL,38461,
2369,ok,ENG,38462,
2369,na,FIL,38463,
2369,cguro,FIL,38464,ABB
2369,aq,FIL,38465,ABB
2369,sa,FIL,38466,
2369,impyerno,FIL,38467,
2370,bye,ENG,38468,
2370,stream,ENG,38469,
2370,na,FIL,38470,
2370,ulit,FIL,38471,
2370,ako,FIL,38472,
2370,para,FIL,38473,
2370,mahabol,FIL,38474,
2370,ng,FIL,38475,
2370,savage,ENG,38476,
2370,yung,FIL,38477,
2370,24hr,UNK,38478,ABB
2370,views,ENG,38479,
2370,ng,FIL,38480,
2370,next,ENG,38481,
2370,level,ENG,38482,
2372,Isang,FIL,38483,
2372,maikling,FIL,38484,
2372,video,ENG,38485,
2372,ang,FIL,38486,
2372,ibinahagi,FIL,38487,
2372,niya,FIL,38488,
2372,sa,FIL,38489,
2372,Instagram,ENG,38490,NE
2372,kung,FIL,38491,
2372,saan,FIL,38492,
2372,makikita,FIL,38493,
2372,ang,FIL,38494,
2372,paghihintay,FIL,38495,
2372,niya,FIL,38496,
2372,sa,FIL,38497,
2372,isang,FIL,38498,
2372,ospital,FIL,38499,
2372,sa,FIL,38500,
2372,US,ENG,38501,"ABB,NE"
2372,at,FIL,38502,
2372,ang,FIL,38503,
2372,pakikipag-usap,FIL,38504,
2372,niya,FIL,38505,
2372,sa,FIL,38506,
2372,medical,ENG,38507,
2372,staff,ENG,38508,
2372,na,FIL,38509,
2372,siyang,FIL,38510,
2372,magbabakuna,FIL,38511,
2372,sa,FIL,38512,
2372,kanya,FIL,38513,
2372,.,SYM,38514,
2376,"""",SYM,38515,
2376,,SYM,38516,
2376,Dahil,FIL,38517,
2376,wala,FIL,38518,
2376,pang,FIL,38519,
2376,kumalas,FIL,38520,
2376,sa,FIL,38521,
2376,grupo,FIL,38522,
2376,ni,FIL,38523,
2376,Dorong,UNK,38524,NE
2376,Dulas,UNK,38525,NE
2376,nang,FIL,38526,
2376,hindi,FIL,38527,
2376,nakatikim,FIL,38528,
2376,ng,FIL,38529,
2376,maagang,FIL,38530,
2376,kamatayan,FIL,38531,
2376,.,SYM,38532,
2377,Ginawa,FIL,38533,
2377,Niya,FIL,38534,
2377,ang,FIL,38535,
2377,sikat,FIL,38536,
2377,ng,FIL,38537,
2377,araw,FIL,38538,
2377,",",SYM,38539,
2377,ang,FIL,38540,
2377,tubig,FIL,38541,
2377,",",SYM,38542,
2377,ang,FIL,38543,
2377,lupa,FIL,38544,
2377,",",SYM,38545,
2377,ang,FIL,38546,
2377,himpapawid,FIL,38547,
2377,",",SYM,38548,
2377,at,FIL,38549,
2377,ang,FIL,38550,
2377,kalapit,FIL,38551,
2377,na,FIL,38552,
2377,kapaligiran,FIL,38553,
2377,",",SYM,38554,
2377,ang,FIL,38555,
2377,hangin,FIL,38556,
2377,",",SYM,38557,
2377,ang,FIL,38558,
2377,hamog,FIL,38559,
2377,na,FIL,38560,
2377,nagyelo,FIL,38561,
2377,",",SYM,38562,
2377,ang,FIL,38563,
2377,niyebe,FIL,38564,
2377,",",SYM,38565,
2377,at,FIL,38566,
2377,ulan,FIL,38567,
2377,",",SYM,38568,
2377,at,FIL,38569,
2377,ang,FIL,38570,
2377,apat,FIL,38571,
2377,na,FIL,38572,
2377,panahon,FIL,38573,
2377,;,SYM,38574,
2377,ito,FIL,38575,
2377,ang,FIL,38576,
2377,mga,FIL,38577,
2377,kondisyon,FIL,38578,
2377,na,FIL,38579,
2377,kakailanganin,FIL,38580,
2377,ng,FIL,38581,
2377,puno,FIL,38582,
2377,upang,FIL,38583,
2377,lumago,FIL,38584,
2377,",",SYM,38585,
2377,ito,FIL,38586,
2377,ang,FIL,38587,
2377,mga,FIL,38588,
2377,bagay,FIL,38589,
2377,na,FIL,38590,
2377,inihanda,FIL,38591,
2377,ng,FIL,38592,
2377,Diyos,FIL,38593,NE
2377,.,SYM,38594,
2378,Ginabayan,FIL,38595,
2378,lang,FIL,38596,
2378,ni,FIL,38597,
2378,Jehova,UNK,38598,NE
2378,ang,FIL,38599,
2378,mga,FIL,38600,
2378,tao,FIL,38601,
2378,sa,FIL,38602,
2378,Israel,UNK,38603,NE
2378,at,FIL,38604,
2378,sa,FIL,38605,
2378,Ehipto,UNK,38606,NE
2378,",",SYM,38607,
2378,at,FIL,38608,
2378,sa,FIL,38609,
2378,lahat,FIL,38610,
2378,ng,FIL,38611,
2378,bansa,FIL,38612,
2378,sa,FIL,38613,
2378,labas,FIL,38614,
2378,ng,FIL,38615,
2378,Israel,UNK,38616,NE
2378,.,SYM,38617,
2379,Na,FIL,38618,
2379,kahit,FIL,38619,
2379,sino,FIL,38620,
2379,pa,FIL,38621,
2379,ang,FIL,38622,
2379,tumapat,FIL,38623,
2379,sa,FIL,38624,
2379,kanya,FIL,38625,
2379,ay,FIL,38626,
2379,masasaktan,FIL,38627,
2379,.,SYM,38628,
2380,haha,UNK,38629,EXPR
2380,magreact,UNK,38630,
2380,naman,FIL,38631,
2380,kayo,FIL,38632,
2380,sa,FIL,38633,
2380,post,ENG,38634,
2380,ko,FIL,38635,
2381,Ano,FIL,38636,
2381,yan,FIL,38637,
2381,nagising,FIL,38638,
2381,ka,FIL,38639,
2381,na,FIL,38640,
2381,lang,FIL,38641,
2381,na,FIL,38642,
2381,ang,FIL,38643,
2381,gusto,FIL,38644,
2381,mo,FIL,38645,
2381,beki,FIL,38646,
2381,na,FIL,38647,
2381,at,FIL,38648,
2381,mahal,FIL,38649,
2381,na,FIL,38650,
2381,agad,FIL,38651,
2381,.,SYM,38652,
2382,Ako,FIL,38653,
2382,lang,FIL,38654,
2382,nman,FIL,38655,
2382,ang,FIL,38656,
2382,nagmagaling,FIL,38657,
2382,magayos,FIL,38658,
2382,at,FIL,38659,
2382,linisin,FIL,38660,
2382,ang,FIL,38661,
2382,sabog,FIL,38662,
2382,na,FIL,38663,
2382,kilay,FIL,38664,
2382,kaya,FIL,38665,
2382,ayun,FIL,38666,
2382,",",SYM,38667,
2382,putol,FIL,38668,
2382,ang,FIL,38669,
2382,kilay,FIL,38670,
2382,.,SYM,38671,
2383,ang,FIL,38672,
2383,sarap,FIL,38673,
2383,lang,FIL,38674,
2383,marinig,FIL,38675,
2383,.,SYM,38676,
2384,kaya,FIL,38677,
2384,sya,FIL,38678,
2384,masarap,FIL,38679,
2384,dahil,FIL,38680,
2384,batuan,FIL,38681,
2384,",",SYM,38682,
2384,pampaasin,FIL,38683,
2384,ng,FIL,38684,
2384,mga,FIL,38685,
2384,ilonggo,FIL,38686,NE
2384,.,SYM,38687,
2385,Naiyak,FIL,38688,
2385,ako,FIL,38689,
2385,here,ENG,38690,
2385,Riyadh,UNK,38691,NE
2385,isang,FIL,38692,
2385,ofw,FIL,38693,ABB
2385,dream,ENG,38694,
2385,ko,FIL,38695,
2385,rin,FIL,38696,
2385,na,FIL,38697,
2385,Sana,FIL,38698,
2385,always,ENG,38699,
2385,pag,FIL,38700,
2385,gising,FIL,38701,
2385,kasama,FIL,38702,
2385,ko,FIL,38703,
2385,na,FIL,38704,
2385,pamilya,FIL,38705,
2385,kk,UNK,38706,
2386,May,FIL,38707,
2386,isang,FIL,38708,
2386,individual,ENG,38709,
2386,na,FIL,38710,
2386,tinukoy,FIL,38711,
2386,isang,FIL,38712,
2386,taong,FIL,38713,
2386,kayang,FIL,38714,
2386,tustusan,FIL,38715,
2386,ang,FIL,38716,
2386,buong,FIL,38717,
2386,mundo,FIL,38718,
2386,.,SYM,38719,
2387,nanghihila,FIL,38720,
2387,ba,FIL,38721,
2387,ng,FIL,38722,
2387,lec,UNK,38723,ABB
2387,ung,FIL,38724,
2387,lab,UNK,38725,ABB
2389,Na,FIL,38726,
2389,padpad,FIL,38727,
2389,lang,FIL,38728,
2389,nman,FIL,38729,
2389,ako,FIL,38730,
2389,dito,FIL,38731,
2389,para,FIL,38732,
2389,tingnan,FIL,38733,
2389,kung,FIL,38734,
2389,ilang,FIL,38735,
2389,libo,FIL,38736,
2389,na,FIL,38737,
2389,ang,FIL,38738,
2389,dis,ENG,38739,ABB
2389,.,SYM,38740,
2390,Ikinagulantang,FIL,38741,
2390,at,FIL,38742,
2390,ikinatuwa,FIL,38743,
2390,ng,FIL,38744,
2390,mga,FIL,38745,
2390,netizen,ENG,38746,
2390,ang,FIL,38747,
2390,paglabas,FIL,38748,
2390,ng,FIL,38749,
2390,mga,FIL,38750,
2390,bagong,FIL,38751,
2390,kalendaryo,FIL,38752,
2390,ng,FIL,38753,
2390,White,ENG,38754,NE
2390,Castle,ENG,38755,NE
2390,Whisky,ENG,38756,NE
2390,nitong,FIL,38757,
2390,Enero,FIL,38758,NE
2390,14,NUM,38759,
2390,",",SYM,38760,
2390,2022,NUM,38761,
2390,",",SYM,38762,
2390,dahil,FIL,38763,
2390,game-changer,ENG,38764,
2390,ang,FIL,38765,
2390,model,ENG,38766,
2390,nitowalang,UNK,38767,
2390,iba,FIL,38768,
2390,kundi,FIL,38769,
2390,ang,FIL,38770,
2390,internet,ENG,38771,
2390,sensation,ENG,38772,
2390,na,FIL,38773,
2390,si,FIL,38774,
2390,Sassa,UNK,38775,NE
2390,Gurl,UNK,38776,NE
2390,!,SYM,38777,
2391,At,FIL,38778,
2391,ang,FIL,38779,
2391,pinaka-latest,UNK,38780,
2391,nga,FIL,38781,
2391,rito,FIL,38782,
2391,ay,FIL,38783,
2391,ang,FIL,38784,
2391,pagiging,FIL,38785,
2391,certified,ENG,38786,
2391,fan,ENG,38787,
2391,ng,FIL,38788,
2391,bagets,FIL,38789,
2391,ng,FIL,38790,
2391,sikat,FIL,38791,
2391,na,FIL,38792,
2391,sikat,FIL,38793,
2391,na,FIL,38794,
2391,K-Pop,ENG,38795,NE
2391,group,ENG,38796,
2391,na,FIL,38797,
2391,BTS,ENG,38798,"ABB,NE"
2391,.,SYM,38799,
2392,oras,FIL,38800,
2392,ang,FIL,38801,
2392,kalaban,FIL,38802,
2392,bukas,FIL,38803,
2392,sa,FIL,38804,
2392,eco,ENG,38805,
2392,at,FIL,38806,
2392,math,ENG,38807,
2393,Well,UNK,38808,EXPR
2393,",",SYM,38809,
2393,ang,FIL,38810,
2393,eksenang,FIL,38811,
2393,`yon,FIL,38812,
2393,nga,FIL,38813,
2393,ang,FIL,38814,
2393,naging,FIL,38815,
2393,punto,FIL,38816,
2393,ng,FIL,38817,
2393,tanong,FIL,38818,
2393,ko,FIL,38819,
2393,kay,FIL,38820,
2393,Cindy,UNK,38821,NE
2393,",",SYM,38822,
2393,na,FIL,38823,
2393,ano,FIL,38824,
2393,ang,FIL,38825,
2393,take,ENG,38826,
2393,niya,FIL,38827,
2393,sa,FIL,38828,
2393,mga,FIL,38829,
2393,taong,FIL,38830,
2393,hindi,FIL,38831,
2393,mapigilan,FIL,38832,
2393,ang,FIL,38833,
2393,elya,FIL,38834,
2393,",",SYM,38835,
2393,at,FIL,38836,
2393,sa,FIL,38837,
2393,kotse,FIL,38838,
2393,na,FIL,38839,
2393,mismo,FIL,38840,
2393,nagtatalik,FIL,38841,
2393,",",SYM,38842,
2393,sa,FIL,38843,
2393,isang,FIL,38844,
2393,pampublikong,FIL,38845,
2393,lugar,FIL,38846,
2393,?,SYM,38847,
2394,Kapag,FIL,38848,
2394,may,FIL,38849,
2394,pantay,FIL,38850,
2394,na,FIL,38851,
2394,dami,FIL,38852,
2394,ng,FIL,38853,
2394,mga,FIL,38854,
2394,proton,ENG,38855,
2394,at,FIL,38856,
2394,elektron,FIL,38857,
2394,ang,FIL,38858,
2394,isang,FIL,38859,
2394,atomo,FIL,38860,
2394,",",SYM,38861,
2394,tinatawag,FIL,38862,
2394,itong,FIL,38863,
2394,neyutral,FIL,38864,
2394,ang,FIL,38865,
2394,pagka-elektriko,FIL,38866,
2394,.,SYM,38867,
2395,Kaya,FIL,38868,
2395,umiwas,FIL,38869,
2395,ka,FIL,38870,
2395,sa,FIL,38871,
2395,kanila,FIL,38872,
2395,at,FIL,38873,
2395,magsabi,FIL,38874,
2395,ka,FIL,38875,
2395,:,SYM,38876,
2395,"""",SYM,38877,
2395,Kapayapaan,FIL,38878,
2395,!,SYM,38879,
2395,"""",SYM,38880,
2395,,SYM,38881,
2396,Sa,FIL,38882,
2396,halip,FIL,38883,
2396,na,FIL,38884,
2396,ipatupad,FIL,38885,
2396,ang,FIL,38886,
2396,deployment,ENG,38887,
2396,bad,ENG,38888,
2396,",",SYM,38889,
2396,sinabi,FIL,38890,
2396,ni,FIL,38891,
2396,Hontiveros,UNK,38892,NE
2396,na,FIL,38893,
2396,dapat,FIL,38894,
2396,taasan,FIL,38895,
2396,ang,FIL,38896,
2396,suweldo,FIL,38897,
2396,ng,FIL,38898,
2396,health,ENG,38899,
2396,care,ENG,38900,
2396,workers,ENG,38901,
2396,para,FIL,38902,
2396,magtrabaho,FIL,38903,
2396,na,FIL,38904,
2396,lang,FIL,38905,
2396,dito,FIL,38906,
2396,at,FIL,38907,
2396,hindi,FIL,38908,
2396,sa,FIL,38909,
2396,ibang,FIL,38910,
2396,bansa,FIL,38911,
2396,.,SYM,38912,
2397,Mga,FIL,38913,
2397,inggitera,FIL,38914,
2397,mga,FIL,38915,
2397,yan,FIL,38916,
2397,kaya,FIL,38917,
2397,ganyan,FIL,38918,
2397,makapagsalita,FIL,38919,
2397,sayo,FIL,38920,
2397,next,ENG,38921,
2397,time,ENG,38922,
2397,hayaan,FIL,38923,
2397,mo,FIL,38924,
2397,nalang,FIL,38925,
2397,sila,FIL,38926,
2397,.,SYM,38927,
2398,Hi,UNK,38928,EXPR
2398,po,FIL,38929,
2398,mama,ENG,38930,
2398,anne,UNK,38931,NE
2398,bed,ENG,38932,
2398,pad,ENG,38933,
2398,po,FIL,38934,
2398,ang,FIL,38935,
2398,tawag,FIL,38936,
2398,doon,FIL,38937,
2398,sa,FIL,38938,
2398,pang,FIL,38939,
2398,sapin,FIL,38940,
2398,sa,FIL,38941,
2398,mattress,ENG,38942,
2398,.,SYM,38943,
2399,Sana,FIL,38944,
2399,makasali,FIL,38945,
2399,ako,FIL,38946,
2399,sainyo,FIL,38947,
2399,hahaha,UNK,38948,EXPR
2400,Ang,FIL,38949,
2400,ganda,FIL,38950,
2400,nakakalula,FIL,38951,
2400,bahay,FIL,38952,
2400,mo,FIL,38953,
2400,vice,UNK,38954,NE
2401,Tigilan,FIL,38955,
2401,niyo,FIL,38956,
2401,na,FIL,38957,
2401,pagkuha,FIL,38958,
2401,kay,FIL,38959,
2401,Ed,UNK,38960,NE
2401,Caluag,UNK,38961,NE
2401,kasi,FIL,38962,
2401,nabisto,FIL,38963,
2401,na,FIL,38964,
2401,siya,FIL,38965,
2401,before,ENG,38966,
2401,na,FIL,38967,
2401,hindi,FIL,38968,
2401,naman,FIL,38969,
2401,legit,ENG,38970,
2401,.,SYM,38971,
2402,Yung,FIL,38972,
2402,bet,ENG,38973,
2402,ko,FIL,38974,
2402,ng,FIL,38975,
2402,mas,FIL,38976,
2402,matanda,FIL,38977,
2402,sakin,FIL,38978,
2402,pero,FIL,38979,
2402,mga,FIL,38980,
2402,bagets,FIL,38981,
2402,yung,FIL,38982,
2402,nag,FIL,38983,
2402,kakagusto,FIL,38984,
2402,sakin,FIL,38985,
2402,mga,FIL,38986,
2402,be,ENG,38987,
2402,engk,UNK,38988,
2402,ako,FIL,38989,
2402,sa,FIL,38990,
2402,kiddie,ENG,38991,
2402,meal,ENG,38992,
2403,Richard,UNK,38993,NE
2403,Chavez,UNK,38994,NE
2403,ng,FIL,38995,
2403,Trece,FIL,38996,NE
2403,Martires,FIL,38997,NE
2403,City,ENG,38998,NE
2403,Police,ENG,38999,NE
2403,Station,ENG,39000,NE
2403,",",SYM,39001,
2403,dakong,FIL,39002,
2403,alas-3:15,FIL,39003,
2403,ng,FIL,39004,
2403,madaling-araw,FIL,39005,
2403,nang,FIL,39006,
2403,maganap,FIL,39007,
2403,ang,FIL,39008,
2403,insidente,FIL,39009,
2403,kung,FIL,39010,
2403,saan,FIL,39011,
2403,sakay,FIL,39012,
2403,ang,FIL,39013,
2403,mga,FIL,39014,
2403,biktima,FIL,39015,
2403,ng,FIL,39016,
2403,Honda,ENG,39017,NE
2403,Wave,ENG,39018,NE
2403,100,NUM,39019,
2403,patungo,FIL,39020,
2403,sa,FIL,39021,
2403,direksiyon,FIL,39022,
2403,ng,FIL,39023,
2403,Tanza,FIL,39024,NE
2403,galing,FIL,39025,
2403,sa,FIL,39026,
2403,Indang,FIL,39027,NE
2403,",",SYM,39028,
2403,habang,FIL,39029,
2403,ang,FIL,39030,
2403,suspek,FIL,39031,
2403,ay,FIL,39032,
2403,papunta,FIL,39033,
2403,sa,FIL,39034,
2403,direksiyon,FIL,39035,
2403,ng,FIL,39036,
2403,Naic,FIL,39037,NE
2403,galing,FIL,39038,
2403,Gen,FIL,39039,"ABB,NE"
2403,Trias,FIL,39040,NE
2403,City,ENG,39041,NE
2403,.,SYM,39042,
2404,Dahil,FIL,39043,
2404,sa,FIL,39044,
2404,amin,FIL,39045,
2404,walang,FIL,39046,
2404,kuryente,FIL,39047,
2404,",",SYM,39048,
2404,tubig,FIL,39049,
2404,pagkain,FIL,39050,
2404,",",SYM,39051,
2404,bahay,FIL,39052,
2404,",",SYM,39053,
2404,at,FIL,39054,
2404,higit,FIL,39055,
2404,sa,FIL,39056,
2404,lahat,FIL,39057,
2404,Cignal,UNK,39058,NE
2404,po,FIL,39059,
2404,.,SYM,39060,
2405,Sino,FIL,39061,
2405,ba,FIL,39062,
2405,tumapak,FIL,39063,
2405,sa,FIL,39064,
2405,pagkatao,FIL,39065,
2405,nyo,FIL,39066,
2405,",",SYM,39067,
2405,Ser,ENG,39068,ABB
2405,",",SYM,39069,
2405,at,FIL,39070,
2405,nanguna,FIL,39071,
2405,kayong,FIL,39072,
2405,bumanat,FIL,39073,
2405,?,SYM,39074,
2406,Makakabawas,FIL,39075,
2406,na,FIL,39076,
2406,sa,FIL,39077,
2406,gastusin,FIL,39078,
2406,ng,FIL,39079,
2406,gobyerno,FIL,39080,
2406,",",SYM,39081,
2406,magkakaroon,FIL,39082,
2406,pa,FIL,39083,
2406,ng,FIL,39084,
2406,mas,FIL,39085,
2406,mahabang,FIL,39086,
2406,panahon,FIL,39087,
2406,na,FIL,39088,
2406,makakasama,FIL,39089,
2406,nila,FIL,39090,
2406,ang,FIL,39091,
2406,pamilya,FIL,39092,
2406,nila,FIL,39093,
2406,.,SYM,39094,
2407,Unconditional,ENG,39095,
2407,love,ENG,39096,
2407,nakakaiyak,FIL,39097,
2407,iba,FIL,39098,
2407,talaga,FIL,39099,
2407,ang,FIL,39100,
2407,sakripisyong,FIL,39101,
2407,nagagawa,FIL,39102,
2407,ng,FIL,39103,
2407,isang,FIL,39104,
2407,Nanay,FIL,39105,
2408,Pag,FIL,39106,
2408,ayaw,FIL,39107,
2408,nilang,FIL,39108,
2408,magpabakuna,FIL,39109,
2408,",",SYM,39110,
2408,wag,FIL,39111,
2408,mo,FIL,39112,
2408,silang,FIL,39113,
2408,palabasin,FIL,39114,
2408,ng,FIL,39115,
2408,bahay,FIL,39116,
2408,.,SYM,39117,
2409,Pacquiao,UNK,39118,NE
2409,wala,FIL,39119,
2409,kang,FIL,39120,
2409,dating,FIL,39121,
2409,sa,FIL,39122,
2409,politika,FIL,39123,
2409,",",SYM,39124,
2409,mag,FIL,39125,
2409,boxing,ENG,39126,
2409,ka,FIL,39127,
2409,nalang,FIL,39128,
2410,Ano,FIL,39129,
2410,pa,FIL,39130,
2410,kaya,FIL,39131,
2410,ang,FIL,39132,
2410,gagawin,FIL,39133,
2410,ni,FIL,39134,
2410,Peterson,UNK,39135,NE
2410,para,FIL,39136,
2410,bawiin,FIL,39137,
2410,ang,FIL,39138,
2410,pamilya,FIL,39139,
2410,?,SYM,39140,
2412,A,ENG,39141,
2412,post,ENG,39142,
2412,shared,ENG,39143,
2412,by,ENG,39144,
2412,Dingdong,UNK,39145,NE
2412,Dantes,UNK,39146,NE
2412,(,SYM,39147,
2412,),SYM,39148,
2412,Agad,FIL,39149,
2412,namang,FIL,39150,
2412,nagpakita,FIL,39151,
2412,ng,FIL,39152,
2412,pagsuporta,FIL,39153,
2412,ang,FIL,39154,
2412,kanyang,FIL,39155,
2412,misis,FIL,39156,
2412,na,FIL,39157,
2412,si,FIL,39158,
2412,Marian,UNK,39159,NE
2412,Rivera,UNK,39160,NE
2412,sa,FIL,39161,
2412,bagong,FIL,39162,
2412,project,ENG,39163,
2412,ng,FIL,39164,
2412,kanyang,FIL,39165,
2412,asawa,FIL,39166,
2412,.,SYM,39167,
2413,Tungkol,FIL,39168,
2413,naman,FIL,39169,
2413,sa,FIL,39170,
2413,kung,FIL,39171,
2413,ano,FIL,39172,
2413,ang,FIL,39173,
2413,gagawin,FIL,39174,
2413,pagkatapos,FIL,39175,
2413,",",SYM,39176,
2413,problema,FIL,39177,
2413,na,FIL,39178,
2413,iyan,FIL,39179,
2413,ng,FIL,39180,
2413,tao,FIL,39181,
2413,.,SYM,39182,
2415,Marami,FIL,39183,
2415,ang,FIL,39184,
2415,nagwi-wish,FIL,39185,
2415,n,FIL,39186,
2415,asana,FIL,39187,
2415,ay,FIL,39188,
2415,mag-focus,FIL,39189,
2415,muna,FIL,39190,
2415,si,FIL,39191,
2415,Jeric,UNK,39192,NE
2415,sa,FIL,39193,
2415,sarili,FIL,39194,
2415,niya,FIL,39195,
2415,",",SYM,39196,
2415,at,FIL,39197,
2415,sa,FIL,39198,
2415,career,ENG,39199,
2415,niya,FIL,39200,
2415,.,SYM,39201,
2416,Bagamat,FIL,39202,
2416,hindi,FIL,39203,
2416,inaasahan,FIL,39204,
2416,at,FIL,39205,
2416,medyo,FIL,39206,
2416,nakararamdam,FIL,39207,
2416,ng,FIL,39208,
2416,takot,FIL,39209,
2416,",",SYM,39210,
2416,masayang-masaya,FIL,39211,
2416,naman,FIL,39212,
2416,umano,FIL,39213,
2416,si,FIL,39214,
2416,Kryz,UNK,39215,NE
2416,sa,FIL,39216,
2416,panibayong,FIL,39217,
2416,biyayang,FIL,39218,
2416,ito,FIL,39219,
2416,sa,FIL,39220,
2416,kanila,FIL,39221,
2416,ng,FIL,39222,
2416,mister,ENG,39223,
2416,na,FIL,39224,
2416,si,FIL,39225,
2416,Slater,UNK,39226,NE
2416,.,SYM,39227,
2417,salamat,FIL,39228,
2417,sa,FIL,39229,
2417,inyong,FIL,39230,
2417,lahat,FIL,39231,
2417,sana'y,FIL,39232,
2417,okay,ENG,39233,
2417,ka,FIL,39234,
2417,ika'y,FIL,39235,
2417,mahalaga,FIL,39236,
2419,Yan,FIL,39237,
2419,ang,FIL,39238,
2419,natutuhan,FIL,39239,
2419,nila,FIL,39240,
2419,wala,FIL,39241,
2419,modo,FIL,39242,
2419,.,SYM,39243,
2420,Ang,FIL,39244,
2420,Nine,ENG,39245,NE
2420,Muses,ENG,39246,NE
2420,orihinal,FIL,39247,
2420,na,FIL,39248,
2420,nagkaroon,FIL,39249,
2420,ng,FIL,39250,
2420,mga,FIL,39251,
2420,potensiyal,FIL,39252,
2420,na,FIL,39253,
2420,mga,FIL,39254,
2420,kasapi,FIL,39255,
2420,",",SYM,39256,
2420,ngunit,FIL,39257,
2420,kapag,FIL,39258,
2420,ang,FIL,39259,
2420,pangalan,FIL,39260,
2420,ng,FIL,39261,
2420,grupo,FIL,39262,
2420,ay,FIL,39263,
2420,inihayag,FIL,39264,
2420,",",SYM,39265,
2420,ang,FIL,39266,
2420,kompanya,FIL,39267,
2420,ay,FIL,39268,
2420,napili,FIL,39269,
2420,ang,FIL,39270,
2420,siyam,FIL,39271,
2420,na,FIL,39272,
2420,mga,FIL,39273,
2420,miyembro,FIL,39274,
2420,na,FIL,39275,
2420,pinaka-handa,FIL,39276,
2420,sa,FIL,39277,
2420,pasinaya,FIL,39278,
2420,sa,FIL,39279,
2420,grupo,FIL,39280,
2420,.,SYM,39281,
2421,May,FIL,39282,
2421,company,ENG,39283,
2421,di,FIL,39284,
2421,bala,FIL,39285,
2421,sa,FIL,39286,
2421,Iloilo,UNK,39287,NE
2421,nga,FIL,39288,
2421,maskin,FIL,39289,
2421,non-essential,ENG,39290,
2421,establishment,ENG,39291,
2421,sila,FIL,39292,
2421,kag,FIL,39293,
2421,ang,FIL,39294,
2421,obra,FIL,39295,
2421,pwede,FIL,39296,
2421,gd,FIL,39297,ABB
2421,work-from-home,ENG,39298,
2421,",",SYM,39299,
2421,full,ENG,39300,
2421,workforce,ENG,39301,
2421,gyapon,FIL,39302,
2421,ya,FIL,39303,
2421,ang,FIL,39304,
2421,gasulod,FIL,39305,
2421,.,SYM,39306,
2423,Makikita,FIL,39307,
2423,sa,FIL,39308,
2423,mga,FIL,39309,
2423,kumakalat,FIL,39310,
2423,na,FIL,39311,
2423,video,ENG,39312,
2423,ang,FIL,39313,
2423,hindi,FIL,39314,
2423,pagsusuot,FIL,39315,
2423,ni,FIL,39316,
2423,Irving,UNK,39317,NE
2423,ng,FIL,39318,
2423,mask,ENG,39319,
2423,sa,FIL,39320,
2423,party,ENG,39321,
2423,na,FIL,39322,
2423,isang,FIL,39323,
2423,violation,ENG,39324,
2423,mula,FIL,39325,
2423,sa,FIL,39326,
2423,league,ENG,39327,
2423,health,ENG,39328,
2423,and,ENG,39329,
2423,safety,ENG,39330,
2423,rules,ENG,39331,
2423,.,SYM,39332,
2424,Ang,FIL,39333,
2424,isa,FIL,39334,
2424,raw,FIL,39335,
2424,na,FIL,39336,
2424,nakakatuwang,FIL,39337,
2424,natuklasan,FIL,39338,
2424,ni,FIL,39339,
2424,Chie,UNK,39340,NE
2424,ay,FIL,39341,
2424,gusto,FIL,39342,
2424,ni,FIL,39343,
2424,Edward,UNK,39344,NE
2424,na,FIL,39345,
2424,magkakasama,FIL,39346,
2424,sila,FIL,39347,
2424,pagdating,FIL,39348,
2424,sa,FIL,39349,
2424,kainan,FIL,39350,
2424,.,SYM,39351,
2425,Kamakalawa,FIL,39352,
2425,ay,FIL,39353,
2425,ipinatawag,FIL,39354,
2425,ng,FIL,39355,
2425,NBI,ENG,39356,"ABB,NE"
2425,ang,FIL,39357,
2425,mga,FIL,39358,
2425,nakasama,FIL,39359,
2425,sa,FIL,39360,
2425,hotel,ENG,39361,
2425,ni,FIL,39362,
2425,Dacera,UNK,39363,NE
2425,bago,FIL,39364,
2425,ito,FIL,39365,
2425,namatay,FIL,39366,
2425,.,SYM,39367,
2426,Sub,ENG,39368,ABB
2426,muna,FIL,39369,
2426,siguro,FIL,39370,
2426,sa,FIL,39371,
2426,akin,FIL,39372,
2426,si,FIL,39373,
2426,Mica,UNK,39374,NE
2426,sa,FIL,39375,
2426,mga,FIL,39376,
2426,klase,FIL,39377,
2426,ko,FIL,39378,
2426,(,SYM,39379,
2426,gusto,FIL,39380,
2426,niya,FIL,39381,
2426,raw,FIL,39382,
2426,yung,FIL,39383,
2426,SpongeBob,ENG,39384,NE
2426,kong,FIL,39385,
2426,backgrounds,ENG,39386,
2426,),SYM,39387,
2426,",",SYM,39388,
2426,ako,FIL,39389,
2426,muna,FIL,39390,
2426,magkulay-kulay,FIL,39391,
2427,sa,FIL,39392,
2427,totoo,FIL,39393,
2427,lng,FIL,39394,ABB
2427,ang,FIL,39395,
2427,hassle,ENG,39396,
2427,kasi,FIL,39397,
2427,katabi,FIL,39398,
2427,ni,FIL,39399,
2427,isay,UNK,39400,NE
2427,te,FIL,39401,ABB
2427,sakit,FIL,39402,
2427,sa,FIL,39403,
2427,katawan,FIL,39404,
2428,Napaulat,FIL,39405,
2428,na,FIL,39406,
2428,tatlong,FIL,39407,
2428,pasahero,FIL,39408,
2428,ang,FIL,39409,
2428,nasawi,FIL,39410,
2428,habang,FIL,39411,
2428,anim,FIL,39412,
2428,ang,FIL,39413,
2428,nasugatan,FIL,39414,
2428,.,SYM,39415,
2429,Nasa,FIL,39416,
2429,45,NUM,39417,
2429,naman,FIL,39418,
2429,ang,FIL,39419,
2429,napaulat,FIL,39420,
2429,na,FIL,39421,
2429,nasawi,FIL,39422,
2429,.,SYM,39423,
2430,Gayon,FIL,39424,
2430,Kami,FIL,39425,
2430,nagkasi,FIL,39426,
2430,sa,FIL,39427,
2430,iyo,FIL,39428,
2430,ng,FIL,39429,
2430,isang,FIL,39430,
2430,espiritu,FIL,39431,
2430,mula,FIL,39432,
2430,sa,FIL,39433,
2430,nauukol,FIL,39434,
2430,sa,FIL,39435,
2430,Amin,FIL,39436,
2430,.,SYM,39437,
2432,dapat,FIL,39438,
2432,lng,FIL,39439,ABB
2432,ibalik,FIL,39440,
2432,ng,FIL,39441,
2432,marcos,UNK,39442,NE
2432,ang,FIL,39443,
2432,Nakaw,FIL,39444,
2432,na,FIL,39445,
2432,yaman,FIL,39446,
2433,Isa,FIL,39447,
2433,sa,FIL,39448,
2433,kanyang,FIL,39449,
2433,mga,FIL,39450,
2433,plataporma,FIL,39451,
2433,ay,FIL,39452,
2433,ang,FIL,39453,
2433,pagsugpo,FIL,39454,
2433,sa,FIL,39455,
2433,kriminalidad,FIL,39456,
2433,",",SYM,39457,
2433,korupsyon,FIL,39458,
2433,at,FIL,39459,
2433,ilegal,FIL,39460,
2433,na,FIL,39461,
2433,droga,FIL,39462,
2433,.,SYM,39463,
2435,totoo,FIL,39464,
2435,yaarrnnn,UNK,39465,EXPR
2435,di,FIL,39466,
2435,na,FIL,39467,
2435,nga,FIL,39468,
2435,ako,FIL,39469,
2435,nakikipagdiskusyon,FIL,39470,
2435,sa,FIL,39471,
2435,kanila,FIL,39472,
2435,kahit,FIL,39473,
2435,kailangan,FIL,39474,
2435,mapapalayas,FIL,39475,
2435,pa,FIL,39476,
2435,ako,FIL,39477,
2435,dito,FIL,39478,
2435,sa,FIL,39479,
2435,bahay,FIL,39480,
2435,HAHAHAHAHAHA,UNK,39481,EXPR
2436,Agad,FIL,39482,
2436,na,FIL,39483,
2436,sinagot,FIL,39484,
2436,siya,FIL,39485,
2436,ng,FIL,39486,
2436,mga,FIL,39487,
2436,ito,FIL,39488,
2436,ng,FIL,39489,
2436,masigabong,FIL,39490,
2436,palakpakan,FIL,39491,
2436,at,FIL,39492,
2436,malakas,FIL,39493,
2436,na,FIL,39494,
2436,hiyawan,FIL,39495,
2436,.,SYM,39496,
2437,Kakanood,FIL,39497,
2437,ng,FIL,39498,
2437,vids,ENG,39499,
2437,mo,FIL,39500,
2437,sir,ENG,39501,
2437,Dti,FIL,39502,ABB
2437,di,FIL,39503,
2437,ako,FIL,39504,
2437,maka,FIL,39505,
2437,angat,FIL,39506,
2437,ng,FIL,39507,
2437,1300mmr,UNK,39508,
2437,",",SYM,39509,
2437,ngayon,FIL,39510,
2437,1,NUM,39511,
2437,.,SYM,39512,
2437,6k+,UNK,39513,
2437,mmr,ENG,39514,ABB
2437,n,FIL,39515,
2437,ko,FIL,39516,
2437,12slp,UNK,39517,
2437,per,ENG,39518,
2437,win,ENG,39519,
2437,at,FIL,39520,
2437,d,FIL,39521,
2437,n,FIL,39522,
2437,ko,FIL,39523,
2437,nbaba,FIL,39524,
2437,ng,FIL,39525,
2437,1,NUM,39526,
2437,.,SYM,39527,
2437,5k,UNK,39528,
2437,.,SYM,39529,
2438,Marunong,FIL,39530,
2438,nang,FIL,39531,
2438,sumabat,FIL,39532,
2438,sa,FIL,39533,
2438,ama,FIL,39534,
2438,na,FIL,39535,
2438,nagpakahirap,FIL,39536,
2438,!,SYM,39537,
2439,Kahit,FIL,39538,
2439,nanginginig,FIL,39539,
2439,ang,FIL,39540,
2439,tuhod,FIL,39541,
2439,ko,FIL,39542,
2439,sa,FIL,39543,
2439,pagsagot,FIL,39544,
2439,kiber,FIL,39545,
2439,!,SYM,39546,
2440,Nakita,FIL,39547,
2440,natin,FIL,39548,
2440,na,FIL,39549,
2440,talagang,FIL,39550,
2440,bumaba,FIL,39551,
2440,na,FIL,39552,
2440,ang,FIL,39553,
2440,mga,FIL,39554,
2440,kaso,FIL,39555,
2440,.,SYM,39556,
2441,Sa,FIL,39557,
2441,abiso,FIL,39558,
2441,ng,FIL,39559,
2441,PAGASA,FIL,39560,"ABB,NE"
2441,",",SYM,39561,
2441,patuloy,FIL,39562,
2441,na,FIL,39563,
2441,makaaapekto,FIL,39564,
2441,ang,FIL,39565,
2441,buntot,FIL,39566,
2441,ng,FIL,39567,
2441,frontal,ENG,39568,
2441,system,ENG,39569,
2441,sa,FIL,39570,
2441,silangang,FIL,39571,
2441,ng,FIL,39572,
2441,Central,ENG,39573,NE
2441,at,FIL,39574,
2441,Southern,ENG,39575,NE
2441,Luzon,FIL,39576,NE
2441,habang,FIL,39577,
2441,umiiral,FIL,39578,
2441,naman,FIL,39579,
2441,ang,FIL,39580,
2441,amihan,FIL,39581,
2441,o,FIL,39582,
2441,northeast,ENG,39583,
2441,monsoon,ENG,39584,
2441,sa,FIL,39585,
2441,Norte,FIL,39586,NE
2441,at,FIL,39587,
2441,iba,FIL,39588,
2441,pang,FIL,39589,
2441,bahagi,FIL,39590,
2441,ng,FIL,39591,
2441,Gitnang,FIL,39592,NE
2441,Luzon,FIL,39593,NE
2441,.,SYM,39594,
2442,Bawal,FIL,39595,
2442,nga,FIL,39596,
2442,yung,FIL,39597,
2442,salubong,FIL,39598,
2442,na,FIL,39599,
2442,paghahain,FIL,39600,
2442,ng,FIL,39601,
2442,COC,ENG,39602,ABB
2442,.,SYM,39603,
2443,edi,FIL,39604,
2443,si,FIL,39605,
2443,Imee,UNK,39606,NE
2443,Marcos,UNK,39607,NE
2443,na,FIL,39608,
2443,ang,FIL,39609,
2443,matino,FIL,39610,
2443,na,FIL,39611,
2443,bida,FIL,39612,
2443,ng,FIL,39613,
2443,movie,ENG,39614,
2443,na,FIL,39615,
2443,",",SYM,39616,
2443,Akin,FIL,39617,NE
2443,ang,FIL,39618,NE
2443,Asawa,FIL,39619,NE
2443,mo,FIL,39620,NE
2443,.,SYM,39621,
2444,Nagulat,FIL,39622,
2444,ako,FIL,39623,
2444,nang,FIL,39624,
2444,marinig,FIL,39625,
2444,siyang,FIL,39626,
2444,sabihin,FIL,39627,
2444,ito,FIL,39628,
2444,:,SYM,39629,
2444,Totoo,FIL,39630,
2444,ba,FIL,39631,
2444,iyon,FIL,39632,
2444,?,SYM,39633,
2445,Salvage,ENG,39634,
2445,dapat,FIL,39635,
2445,ang,FIL,39636,
2445,mga,FIL,39637,
2445,gumawa,FIL,39638,
2445,sa,FIL,39639,
2445,kanya,FIL,39640,
2445,.,SYM,39641,
2446,Mga,FIL,39642,
2446,Bobo,FIL,39643,
2446,at,FIL,39644,
2446,tanga,FIL,39645,
2446,nalang,FIL,39646,
2446,Ang,FIL,39647,
2446,Bobo,FIL,39648,
2446,to,FIL,39649,
2446,kina,FIL,39650,
2446,leni,UNK,39651,NE
2446,lugaw,FIL,39652,NE
2446,ka,FIL,39653,
2446,isko,UNK,39654,NE
2446,pacyaw,UNK,39655,NE
2446,at,FIL,39656,
2446,lason,FIL,39657,
2446,hwag,FIL,39658,
2446,pauto,FIL,39659,
2446,sa,FIL,39660,
2446,mga,FIL,39661,
2446,pulpulitiko,FIL,39662,
2446,bbm,ENG,39663,"ABB,NE"
2446,for,ENG,39664,
2446,president,ENG,39665,
2447,Sa,FIL,39666,
2447,aking,FIL,39667,
2447,pagbukas,FIL,39668,
2447,ng,FIL,39669,
2447,bagong,FIL,39670,
2447,pahina,FIL,39671,
2447,",",SYM,39672,
2447,kaya,FIL,39673,
2447,ko,FIL,39674,
2447,ng,FIL,39675,
2447,sumaya,FIL,39676,
2447,kahit,FIL,39677,
2447,ako,FIL,39678,
2447,nalang,FIL,39679,
2447,mag,FIL,39680,
2447,isa,FIL,39681,
2447,.,SYM,39682,
2448,Peo,FIL,39683,
2448,netong,FIL,39684,
2448,mga,FIL,39685,
2448,nakaraang,FIL,39686,
2448,araw,FIL,39687,
2448,",",SYM,39688,
2448,lagpas,FIL,39689,
2448,yung,FIL,39690,
2448,speed,ENG,39691,
2448,sa,FIL,39692,
2448,mismong,FIL,39693,
2448,plan,ENG,39694,
2448,namin,FIL,39695,
2448,.,SYM,39696,
2449,nawa'y,FIL,39697,
2449,sana,FIL,39698,
2449,mabuhay,FIL,39699,
2449,ka,FIL,39700,
2449,sa,FIL,39701,
2449,ikatlong,FIL,39702,
2449,araw,FIL,39703,
2450,Nakakaranas,FIL,39704,
2450,lang,FIL,39705,
2450,kami,FIL,39706,
2450,ng,FIL,39707,
2450,Ham,ENG,39708,
2450,kapag,FIL,39709,
2450,sa,FIL,39710,
2450,ibang,FIL,39711,
2450,bahay,FIL,39712,
2450,kami,FIL,39713,
2450,sumasalubong,FIL,39714,
2450,ng,FIL,39715,
2450,christmas,ENG,39716,NE
2450,.,SYM,39717,
2451,Katuwiran,FIL,39718,
2451,ni,FIL,39719,
2451,Recto,UNK,39720,NE
2451,",",SYM,39721,
2451,hindi,FIL,39722,
2451,lahat,FIL,39723,
2451,ng,FIL,39724,
2451,aksidente,FIL,39725,
2451,sa,FIL,39726,
2451,kalsada,FIL,39727,
2451,ay,FIL,39728,
2451,dahil,FIL,39729,
2451,sa,FIL,39730,
2451,mga,FIL,39731,
2451,sasakyan,FIL,39732,
2451,.,SYM,39733,
2452,Sumatotal,FIL,39734,
2452,ay,FIL,39735,
2452,nasa,FIL,39736,
2452,9,NUM,39737,
2452,",",SYM,39738,
2452,400,NUM,39739,
2452,active,ENG,39740,
2452,cases,ENG,39741,
2452,meron,FIL,39742,
2452,sa,FIL,39743,
2452,lungsod,FIL,39744,
2452,matapos,FIL,39745,
2452,ito,FIL,39746,
2452,madagdagan,FIL,39747,
2452,ng,FIL,39748,
2452,157,NUM,39749,
2452,active,ENG,39750,
2452,cases,ENG,39751,
2452,kahapon,FIL,39752,
2452,.,SYM,39753,
2453,Sey,FIL,39754,
2453,naman,FIL,39755,
2453,niya,FIL,39756,
2453,",",SYM,39757,
2453,Mahirap,FIL,39758,
2453,po,FIL,39759,
2453,kumita,FIL,39760,
2453,ng,FIL,39761,
2453,pera,FIL,39762,
2453,.,SYM,39763,
2454,Sa,FIL,39764,
2454,mga,FIL,39765,
2454,kaklase,FIL,39766,
2454,ko,FIL,39767,
2454,diyan,FIL,39768,
2454,wala,FIL,39769,
2454,ba,FIL,39770,
2454,talagang,FIL,39771,
2454,magyaya,FIL,39772,
2454,sa,FIL,39773,
2454,mga,FIL,39774,
2454,18th,NUM,39775,
2454,bday,ENG,39776,ABB
2454,niyo,FIL,39777,
2454,?,SYM,39778,
2456,Akala,FIL,39779,
2456,ko,FIL,39780,
2456,ba,FIL,39781,
2456,gusto,FIL,39782,
2456,ni,FIL,39783,
2456,Leni,UNK,39784,NE
2456,ng,FIL,39785,
2456,pagbabago,FIL,39786,
2456,?,SYM,39787,
2457,wag,FIL,39788,
2457,ka,FIL,39789,
2457,nang,FIL,39790,
2457,umuwi,FIL,39791,
2457,ng,FIL,39792,
2457,pinas,FIL,39793,
2457,putanginamo,FIL,39794,
2458,Umunlad,FIL,39795,
2458,ang,FIL,39796,
2458,Ilocos,UNK,39797,NE
2458,comapared,ENG,39798,
2458,sa,FIL,39799,
2458,ibang,FIL,39800,
2458,lugar,FIL,39801,
2458,sa,FIL,39802,
2458,Pilipinas,UNK,39803,NE
2458,.,SYM,39804,
2459,Nagsalubong,FIL,39805,
2459,kasi,FIL,39806,
2459,ako,FIL,39807,
2459,na,FIL,39808,
2459,mag-isa,FIL,39809,
2459,.,SYM,39810,
2460,Magsawa,FIL,39811,
2460,kayo,FIL,39812,
2460,sa,FIL,39813,
2460,mask,ENG,39814,
2460,ko,FIL,39815,
2460,.,SYM,39816,
2461,Yung,FIL,39817,
2461,episode,ENG,39818,
2461,15,NUM,39819,
2461,",",SYM,39820,
2461,hindi,FIL,39821,
2461,na,FIL,39822,
2461,ako,FIL,39823,
2461,tumigil,FIL,39824,
2461,sa,FIL,39825,
2461,iyak,FIL,39826,
2461,.,SYM,39827,
2462,next,ENG,39828,
2462,content,ENG,39829,
2462,tito,FIL,39830,
2462,yung,FIL,39831,
2462,kay,FIL,39832,
2462,xian,UNK,39833,NE
2462,gaza,UNK,39834,NE
2462,nagbigay,FIL,39835,
2462,ng,FIL,39836,
2462,kotse,FIL,39837,
2463,Bakit,FIL,39838,
2463,d,FIL,39839,ABB
2463,ka,FIL,39840,
2463,sumigaw,FIL,39841,
2463,at,FIL,39842,
2463,saklolo,FIL,39843,
2463,s,FIL,39844,ABB
2463,mga,FIL,39845,
2463,anak,FIL,39846,
2463,nyo,FIL,39847,ABB
2463,n,FIL,39848,ABB
2463,iba,FIL,39849,
2464,natawa,FIL,39850,
2464,talaga,FIL,39851,
2464,ako,FIL,39852,
2464,sa,FIL,39853,
2464,69K,NUM,39854,
2464,Rating,ENG,39855,
2465,Batay,FIL,39856,
2465,sa,FIL,39857,
2465,latest,ENG,39858,
2465,FB,ENG,39859,ABB
2465,post,ENG,39860,
2465,niya,FIL,39861,
2465,nitong,FIL,39862,
2465,Oktubre,FIL,39863,NE
2465,13,NUM,39864,
2465,",",SYM,39865,
2465,mukhang,FIL,39866,
2465,nabawi,FIL,39867,
2465,na,FIL,39868,
2465,niya,FIL,39869,
2465,ang,FIL,39870,
2465,YT,ENG,39871,ABB
2465,channel,ENG,39872,
2465,!,SYM,39873,
2466,Wag,FIL,39874,
2466,na,FIL,39875,
2466,wag,FIL,39876,
2466,kayong,FIL,39877,
2466,iiyak,FIL,39878,
2466,mga,FIL,39879,
2466,putang,FIL,39880,
2466,ina,FIL,39881,
2466,pag,FIL,39882,
2466,namatay,FIL,39883,
2466,yung,FIL,39884,
2466,tao,FIL,39885,
2466,ah,UNK,39886,EXPR
2466,.,SYM,39887,
2467,Tingnan,FIL,39888,
2467,mo,FIL,39889,
2467,kung,FIL,39890,
2467,gaano,FIL,39891,
2467,kalaking,FIL,39892,
2467,kasamaan,FIL,39893,
2467,ang,FIL,39894,
2467,ginagawa,FIL,39895,
2467,ng,FIL,39896,
2467,mga,FIL,39897,
2467,tao,FIL,39898,
2467,dahil,FIL,39899,
2467,nangingibabaw,FIL,39900,
2467,ang,FIL,39901,
2467,kanilang,FIL,39902,
2467,likas,FIL,39903,
2467,kayabangan,FIL,39904,
2467,at,FIL,39905,
2467,kahambugan,FIL,39906,
2467,!,SYM,39907,
2468,Gusto,FIL,39908,
2468,ko,FIL,39909,
2468,mangghost,FIL,39910,
2468,ng,FIL,39911,
2468,mga,FIL,39912,
2468,tao,FIL,39913,
2468,pero,FIL,39914,
2468,mamimiss,FIL,39915,
2468,ko,FIL,39916,
2468,siya,FIL,39917,
2469,Huwag,FIL,39918,
2469,ka,FIL,39919,
2469,sanang,FIL,39920,
2469,tutulad,FIL,39921,
2469,sa,FIL,39922,
2469,ibang,FIL,39923,
2469,mga,FIL,39924,
2469,sikat,FIL,39925,
2469,nagkaroon,FIL,39926,
2469,lang,FIL,39927,
2469,ng,FIL,39928,
2469,subscriber,ENG,39929,
2469,na,FIL,39930,
2469,milyon,FIL,39931,
2469,kinalaban,FIL,39932,
2469,na,FIL,39933,
2469,si,FIL,39934,
2469,DU30,UNK,39935,NE
2469,.,SYM,39936,
2471,Ang,FIL,39937,
2471,mga,FIL,39938,
2471,ibon,FIL,39939,
2471,at,FIL,39940,
2471,hayop,FIL,39941,
2471,",",SYM,39942,
2471,mga,FIL,39943,
2471,puno,FIL,39944,
2471,",",SYM,39945,
2471,kagubatan,FIL,39946,
2471,",",SYM,39947,
2471,kabundukan,FIL,39948,
2471,",",SYM,39949,
2471,mga,FIL,39950,
2471,ilog,FIL,39951,
2471,",",SYM,39952,
2471,ang,FIL,39953,
2471,lahat,FIL,39954,
2471,ng,FIL,39955,
2471,bagay,FIL,39956,
2471,sa,FIL,39957,
2471,ibabaw,FIL,39958,
2471,ng,FIL,39959,
2471,lupa,FIL,39960,
2471,ay,FIL,39961,
2471,nasa,FIL,39962,
2471,pangangalaga,FIL,39963,
2471,ng,FIL,39964,
2471,mga,FIL,39965,
2471,taoibig,FIL,39966,
2471,sabihin,FIL,39967,
2471,",",SYM,39968,
2471,nina,FIL,39969,
2471,Adan,UNK,39970,NE
2471,at,FIL,39971,
2471,Eva,UNK,39972,NE
2471,samantalang,FIL,39973,
2471,sinunod,FIL,39974,
2471,nina,FIL,39975,
2471,Adan,UNK,39976,NE
2471,at,FIL,39977,
2471,Eva,UNK,39978,NE
2471,ang,FIL,39979,
2471,arkanghel,FIL,39980,
2471,.,SYM,39981,
2472,Kapag,FIL,39982,
2472,ika'y,FIL,39983,
2472,nakita't,FIL,39984,
2472,lumingon,FIL,39985,
2472,kang,FIL,39986,
2472,muli,FIL,39987,
2472,.,SYM,39988,
2473,San,FIL,39989,
2473,matatangap,FIL,39990,
2473,ang,FIL,39991,
2473,bayad,FIL,39992,
2473,ng,FIL,39993,
2473,dislike,ENG,39994,
2473,?,SYM,39995,
2475,Dito,FIL,39996,
2475,ata,FIL,39997,
2475,ako,FIL,39998,
2475,mamatay,FIL,39999,
2475,makiki,FIL,40000,
2475,share,ENG,40001,
2475,ng,FIL,40002,
2475,kilig,FIL,40003,
2476,Masaya,FIL,40004,
2476,ang,FIL,40005,
2476,mga,FIL,40006,
2476,video,ENG,40007,
2476,chat,ENG,40008,
2476,namin,FIL,40009,
2476,ng,FIL,40010,
2476,pamilya,FIL,40011,
2476,ko,FIL,40012,
2476,",",SYM,40013,
2476,kaya,FIL,40014,
2476,hindi,FIL,40015,
2476,rin,FIL,40016,
2476,kami,FIL,40017,
2476,naiinip,FIL,40018,
2476,kahit,FIL,40019,
2476,nasa,FIL,40020,
2476,condo,ENG,40021,
2476,lang,FIL,40022,
2476,kami,FIL,40023,
2476,",",SYM,40024,
2476,sey,FIL,40025,
2476,pa,FIL,40026,
2476,ni,FIL,40027,
2476,Assunta,UNK,40028,NE
2476,.,SYM,40029,
2477,ang,FIL,40030,
2477,dami,FIL,40031,
2477,kong,FIL,40032,
2477,panaganip,FIL,40033,
2477,ha,UNK,40034,EXPR
2477,?,SYM,40035,
2478,Sino,FIL,40036,
2478,nga,FIL,40037,
2478,nagsabi,FIL,40038,
2478,sakin,FIL,40039,
2478,na,FIL,40040,
2478,bakit,FIL,40041,
2478,daw,FIL,40042,
2478,white,ENG,40043,
2478,yung,FIL,40044,
2478,theme,ENG,40045,
2478,ng,FIL,40046,
2478,fb,ENG,40047,ABB
2478,ko,FIL,40048,
2478,hahahahaha,UNK,40049,EXPR
2478,sakit,FIL,40050,
2478,daw,FIL,40051,
2478,sa,FIL,40052,
2478,mata,FIL,40053,
2478,.,SYM,40054,
2479,Tungkol,FIL,40055,
2479,ito,FIL,40056,
2479,dapat,FIL,40057,
2479,sa,FIL,40058,
2479,pagtataguyod,FIL,40059,
2479,sa,FIL,40060,
2479,pagkilala,FIL,40061,
2479,sa,FIL,40062,
2479,Diyos,FIL,40063,NE
2479,",",SYM,40064,
2479,at,FIL,40065,
2479,kakayahang,FIL,40066,
2479,sumunod,FIL,40067,
2479,sa,FIL,40068,
2479,Diyos,FIL,40069,NE
2479,",",SYM,40070,
2479,at,FIL,40071,
2479,",",SYM,40072,
2479,tulad,FIL,40073,
2479,ni,FIL,40074,
2479,Pedro,UNK,40075,NE
2479,",",SYM,40076,
2479,sumunod,FIL,40077,
2479,sa,FIL,40078,
2479,Kanya,FIL,40079,
2479,hanggang,FIL,40080,
2479,kamatayan,FIL,40081,
2479,.,SYM,40082,
2484,Matatandaan,FIL,40083,
2484,na,FIL,40084,
2484,biglang,FIL,40085,
2484,na-adjourn,FIL,40086,
2484,ang,FIL,40087,
2484,sesyon,FIL,40088,
2484,sa,FIL,40089,
2484,kongreso,FIL,40090,
2484,dahil,FIL,40091,
2484,sa,FIL,40092,
2484,isyu,FIL,40093,
2484,ng,FIL,40094,
2484,House,ENG,40095,NE
2484,Speakership,ENG,40096,NE
2484,",",SYM,40097,
2484,sa,FIL,40098,
2484,pagitan,FIL,40099,
2484,ni,FIL,40100,
2484,Speaker,ENG,40101,NE
2484,Allan,UNK,40102,NE
2484,Peter,UNK,40103,NE
2484,Cayetano,UNK,40104,NE
2484,at,FIL,40105,
2484,Cong,ENG,40106,"ABB,NE"
2484,Lord,UNK,40107,NE
2484,Allan,UNK,40108,NE
2484,Velasco,UNK,40109,NE
2484,.,SYM,40110,
2485,ang,FIL,40111,
2485,random,ENG,40112,
2485,nito,FIL,40113,
2485,pero,FIL,40114,
2485,gusto,FIL,40115,
2485,ko,FIL,40116,
2485,lang,FIL,40117,
2485,may,FIL,40118,
2485,mang-away,FIL,40119,
2485,sakin,FIL,40120,
2485,sa,FIL,40121,
2485,dms,ENG,40122,ABB
2485,/,SYM,40123,
2485,chats,ENG,40124,
2485,HAHAHAHA,UNK,40125,EXPR
2485,wala,FIL,40126,
2485,lang,FIL,40127,
2485,",",SYM,40128,
2485,magmurahan,FIL,40129,
2485,tayo,FIL,40130,
2485,ganon,FIL,40131,
2485,sawang-sawa,FIL,40132,
2485,na,FIL,40133,
2485,mga,FIL,40134,
2485,aports,UNK,40135,
2485,ko,FIL,40136,
2485,saken,FIL,40137,
2485,lol,UNK,40138,EXPR
2486,Maghanap,FIL,40139,
2486,kana,FIL,40140,
2486,ng,FIL,40141,
2486,iba,FIL,40142,
2486,!,SYM,40143,
2487,Nandito,FIL,40144,
2487,ako,FIL,40145,
2487,dahil,FIL,40146,
2487,sa,FIL,40147,
2487,post,ENG,40148,
2487,sa,FIL,40149,
2487,fb,UNK,40150,ABB
2487,sana,FIL,40151,
2487,kayo,FIL,40152,
2487,den,FIL,40153,
2488,Pinag,FIL,40154,
2488,tanggol,FIL,40155,
2488,ko,FIL,40156,
2488,den,FIL,40157,
2488,sya,FIL,40158,
2488,sa,FIL,40159,
2488,vid,ENG,40160,ABB
2488,na,FIL,40161,
2488,un,FIL,40162,
2488,kasi,FIL,40163,
2488,nakakapikon,FIL,40164,
2488,ung,FIL,40165,
2488,mga,FIL,40166,
2488,comments,ENG,40167,
2488,.,SYM,40168,
2489,Sige,FIL,40169,
2489,pa,FIL,40170,
2489,",",SYM,40171,
2489,padala,FIL,40172,
2489,pa,FIL,40173,
2489,ng,FIL,40174,
2489,manga,FIL,40175,
2489,chinese,ENG,40176,
2489,d2,FIL,40177,ABB
2489,sa,FIL,40178,
2489,pinas,FIL,40179,NE
2489,",",SYM,40180,
2489,palala,FIL,40181,
2489,ng,FIL,40182,
2489,palala,FIL,40183,
2489,yan,FIL,40184,
2489,manga,FIL,40185,
2489,yan,FIL,40186,
2489,na,FIL,40187,
2489,paggawa,FIL,40188,
2489,ng,FIL,40189,
2489,kasamaan,FIL,40190,
2489,d2,FIL,40191,ABB
2489,sa,FIL,40192,
2489,pinas,FIL,40193,NE
2489,",",SYM,40194,
2489,hayaan,FIL,40195,
2489,ng,FIL,40196,
2489,goberyno,FIL,40197,
2489,lang,FIL,40198,
2489,sila,FIL,40199,
2489,pumasok,FIL,40200,
2489,sa,FIL,40201,
2489,pinas,FIL,40202,NE
2489,kasi,FIL,40203,
2489,kumikita,FIL,40204,
2489,sila,FIL,40205,
2489,",",SYM,40206,
2489,hanggang,FIL,40207,
2489,lumala,FIL,40208,
2489,ang,FIL,40209,
2489,manga,FIL,40210,
2489,incki,FIL,40211,
2489,na,FIL,40212,
2489,yan,FIL,40213,
2489,",",SYM,40214,
2489,at,FIL,40215,
2489,madadamay,FIL,40216,
2489,ang,FIL,40217,
2489,manga,FIL,40218,
2489,filipinos,FIL,40219,
2489,.,SYM,40220,
2490,Hindi,FIL,40221,
2490,ko,FIL,40222,
2490,talaga,FIL,40223,
2490,papatawarin,FIL,40224,
2490,ang,FIL,40225,
2490,aking,FIL,40226,
2490,mga,FIL,40227,
2490,ate,FIL,40228,
2490,sa,FIL,40229,
2490,pag,FIL,40230,
2490,pili,FIL,40231,
2490,ng,FIL,40232,
2490,frame,ENG,40233,
2490,ng,FIL,40234,
2490,salamin,FIL,40235,
2490,ko,FIL,40236,
2491,Alam,FIL,40237,
2491,na,FIL,40238,
2491,ng,FIL,40239,
2491,tao,FIL,40240,
2491,na,FIL,40241,
2491,kagagawan,FIL,40242,
2491,lahat,FIL,40243,
2491,ng,FIL,40244,
2491,mga,FIL,40245,
2491,dilawan,FIL,40246,NE
2491,ang,FIL,40247,
2491,paninira,FIL,40248,
2491,kay,FIL,40249,
2491,Marcos,UNK,40250,NE
2491,.,SYM,40251,
2492,Mabuti,FIL,40252,
2492,pang,FIL,40253,
2492,mamatay,FIL,40254,
2492,ako,FIL,40255,
2492,at,FIL,40256,
2492,matapos,FIL,40257,
2492,na,FIL,40258,
2492,ito,FIL,40259,
2492,!,SYM,40260,
2493,Ikaw,FIL,40261,
2493,ang,FIL,40262,
2493,naging,FIL,40263,
2493,pinahugutan,FIL,40264,
2493,ko,FIL,40265,
2493,ng,FIL,40266,
2493,nasa,FIL,40267,
2493,abroad,ENG,40268,
2493,ako,FIL,40269,
2493,nawala,FIL,40270,
2493,homesick,ENG,40271,
2493,ko,FIL,40272,
2493,always,ENG,40273,
2493,ako,FIL,40274,
2493,nanunuod,FIL,40275,
2493,pra,FIL,40276,ABB
2493,maibsan,FIL,40277,
2493,ang,FIL,40278,
2493,lungkot,FIL,40279,
2493,.,SYM,40280,
2496,Nanalo,FIL,40281,
2496,si,FIL,40282,
2496,Blengblong,UNK,40283,NE
2496,hindi,FIL,40284,
2496,lang,FIL,40285,
2496,dahil,FIL,40286,
2496,siya,FIL,40287,
2496,ay,FIL,40288,
2496,Marcos,UNK,40289,NE
2496,.,SYM,40290,
2497,Sana,FIL,40291,
2497,tumibay,FIL,40292,
2497,pa,FIL,40293,
2497,ang,FIL,40294,
2497,pagmamahalan,FIL,40295,
2497,nyo,FIL,40296,
2497,",",SYM,40297,
2497,and,ENG,40298,
2497,I,ENG,40299,
2497,hope,ENG,40300,
2497,lumaking,FIL,40301,
2497,masaya,FIL,40302,
2497,ang,FIL,40303,
2497,bubuoin,FIL,40304,
2497,nyong,FIL,40305,
2497,pamilya,FIL,40306,
2497,.,SYM,40307,
2498,Nasunog,FIL,40308,
2498,ang,FIL,40309,
2498,apat,FIL,40310,
2498,sa,FIL,40311,
2498,loob,FIL,40312,
2498,ng,FIL,40313,
2498,sasakyan,FIL,40314,
2498,at,FIL,40315,
2498,hindi,FIL,40316,
2498,na,FIL,40317,
2498,nakalabas,FIL,40318,
2498,",",SYM,40319,
2498,pagkumpirma,FIL,40320,
2498,naman,FIL,40321,
2498,ni,FIL,40322,
2498,Amulung,UNK,40323,NE
2498,Police,ENG,40324,
2498,chief,ENG,40325,
2498,",",SYM,40326,
2498,Maj,ENG,40327,ABB
2498,.,SYM,40328,
2498,Llewilyn,UNK,40329,NE
2498,De,UNK,40330,NE
2498,Guzman,UNK,40331,NE
2498,.,SYM,40332,
2499,Ang,FIL,40333,
2499,iyakin,FIL,40334,
2499,naman,FIL,40335,
2499,nitong,FIL,40336,
2499,mga,FIL,40337,
2499,kalaro,FIL,40338,
2499,nila,FIL,40339,
2499,.,SYM,40340,
2500,pag,FIL,40341,
2500,pumunta,FIL,40342,
2500,aespa,UNK,40343,NE
2500,dito,FIL,40344,
2500,tangina,FIL,40345,
2500,ipagdadasal,FIL,40346,
2500,ko,FIL,40347,
2500,nalang,FIL,40348,
2500,sarili,FIL,40349,
2500,ko,FIL,40350,
2500,kay,FIL,40351,
2500,naevis,UNK,40352,NE
2500,na,FIL,40353,
2500,kayanin,FIL,40354,
2500,mag,FIL,40355,
2500,water,ENG,40356,
2500,mukbang,ENG,40357,
2500,ng,FIL,40358,
2500,ilang,FIL,40359,
2500,buwan,FIL,40360,
2501,Kasunod,FIL,40361,
2501,ng,FIL,40362,
2501,biglaang,FIL,40363,
2501,postponement,ENG,40364,
2501,ng,FIL,40365,
2501,Miss,ENG,40366,NE
2501,World,ENG,40367,NE
2501,Philippines,ENG,40368,NE
2501,pageant,ENG,40369,
2501,",",SYM,40370,
2501,idinaan,FIL,40371,
2501,na,FIL,40372,
2501,lang,FIL,40373,
2501,ng,FIL,40374,
2501,organizer,ENG,40375,
2501,sa,FIL,40376,
2501,botohan,FIL,40377,
2501,ng,FIL,40378,
2501,45,NUM,40379,
2501,candidates,ENG,40380,
2501,ang,FIL,40381,
2501,pagpili,FIL,40382,
2501,ng,FIL,40383,
2501,kinatawan,FIL,40384,
2501,ng,FIL,40385,
2501,bansa,FIL,40386,
2501,sa,FIL,40387,
2501,Miss,ENG,40388,NE
2501,Supranational,ENG,40389,NE
2501,sa,FIL,40390,
2501,Poland,ENG,40391,NE
2501,.,SYM,40392,
2502,Inimbestigahan,FIL,40393,
2502,ng,FIL,40394,
2502,MWSS,ENG,40395,"ABB,NE"
2502,Regulatory,ENG,40396,
2502,Office,ENG,40397,
2502,noong,FIL,40398,
2502,Enero,FIL,40399,NE
2502,ang,FIL,40400,
2502,Maynilad,UNK,40401,NE
2502,dahil,FIL,40402,
2502,sa,FIL,40403,
2502,dami,FIL,40404,
2502,ng,FIL,40405,
2502,reklamo,FIL,40406,
2502,laban,FIL,40407,
2502,sa,FIL,40408,
2502,kompanya,FIL,40409,
2502,ng,FIL,40410,
2502,kanilang,FIL,40411,
2502,mga,FIL,40412,
2502,kustomer,FIL,40413,
2502,.,SYM,40414,
2503,Ayon,FIL,40415,
2503,sa,FIL,40416,
2503,iniutos,FIL,40417,
2503,ng,FIL,40418,
2503,Diyos,FIL,40419,NE
2503,",",SYM,40420,
2503,ang,FIL,40421,
2503,mga,FIL,40422,
2503,ari-arian,FIL,40423,
2503,at,FIL,40424,
2503,mga,FIL,40425,
2503,anak,FIL,40426,
2503,lang,FIL,40427,
2503,ni,FIL,40428,
2503,Job,UNK,40429,NE
2503,ang,FIL,40430,
2503,pinuntirya,FIL,40431,
2503,sa,FIL,40432,
2503,panahon,FIL,40433,
2503,ng,FIL,40434,
2503,mga,FIL,40435,
2503,paglusob,FIL,40436,
2503,ni,FIL,40437,
2503,Satanas,UNK,40438,NE
2503,",",SYM,40439,
2503,at,FIL,40440,
2503,hindi,FIL,40441,
2503,sinaktan,FIL,40442,
2503,si,FIL,40443,
2503,Job,UNK,40444,NE
2503,.,SYM,40445,
2504,Sa,FIL,40446,
2504,ilalim,FIL,40447,
2504,nito,FIL,40448,
2504,",",SYM,40449,
2504,ipo-promote,FIL,40450,
2504,ng,FIL,40451,
2504,grupo,FIL,40452,
2504,ng,FIL,40453,
2504,mga,FIL,40454,
2504,mag-ulang,FIL,40455,
2504,at,FIL,40456,
2504,guro,FIL,40457,
2504,ang,FIL,40458,
2504,health,ENG,40459,
2504,information,ENG,40460,
2504,sharing,ENG,40461,
2504,para,FIL,40462,
2504,sa,FIL,40463,
2504,mga,FIL,40464,
2504,mag-aaral,FIL,40465,
2504,.,SYM,40466,
2505,Pag,FIL,40467,
2505,ito,FIL,40468,
2505,di,FIL,40469,
2505,nasagot,FIL,40470,
2505,yung,FIL,40471,
2505,tanong,FIL,40472,
2505,ng,FIL,40473,
2505,mga,FIL,40474,
2505,kaklase,FIL,40475,
2505,namin,FIL,40476,
2505,pupukpukin,FIL,40477,
2505,ko,FIL,40478,
2505,sarili,FIL,40479,
2505,ko,FIL,40480,
2505,.,SYM,40481,
2506,Nilalangaw,FIL,40482,
2506,lagi,FIL,40483,
2506,ang,FIL,40484,
2506,caraban,ENG,40485,
2506,ni,FIL,40486,
2506,leni,UNK,40487,NE
2506,",",SYM,40488,
2506,buti,FIL,40489,
2506,nga,FIL,40490,
2506,dahil,FIL,40491,
2506,pera,FIL,40492,
2506,Lang,FIL,40493,
2506,nman,FIL,40494,
2506,ang,FIL,40495,
2506,habol,FIL,40496,
2506,ng,FIL,40497,
2506,mga,FIL,40498,
2506,sumasama,FIL,40499,
2506,",",SYM,40500,
2506,dyn,FIL,40501,
2506,mo,FIL,40502,
2506,mahahalata,FIL,40503,
2506,na,FIL,40504,
2506,nandaya,FIL,40505,
2506,talaga,FIL,40506,
2506,nong,FIL,40507,
2506,nakaraang,FIL,40508,
2506,eleksyon,FIL,40509,
2507,Siguro,FIL,40510,
2507,marami,FIL,40511,
2507,sa,FIL,40512,
2507,atin,FIL,40513,
2507,ang,FIL,40514,
2507,di,FIL,40515,
2507,alam,FIL,40516,
2507,ito,FIL,40517,
2507,pero,FIL,40518,
2507,para,FIL,40519,
2507,maging,FIL,40520,
2507,maunlad,FIL,40521,
2507,ang,FIL,40522,
2507,isang,FIL,40523,
2507,bansa,FIL,40524,
2507,",",SYM,40525,
2507,kinakailangan,FIL,40526,
2507,maging,FIL,40527,
2507,isang,FIL,40528,
2507,hugis,FIL,40529,
2507,diamond,ENG,40530,
2507,ang,FIL,40531,
2507,model,ENG,40532,
2507,ng,FIL,40533,
2507,lipunan,FIL,40534,
2507,natin,FIL,40535,
2507,.,SYM,40536,
2508,Habang,FIL,40537,
2508,ginagawa,FIL,40538,
2508,ko,FIL,40539,
2508,ito,FIL,40540,
2508,ay,FIL,40541,
2508,labag,FIL,40542,
2508,sa,FIL,40543,
2508,kalooban,FIL,40544,
2508,ko,FIL,40545,
2508,.,SYM,40546,
2509,Ang,FIL,40547,
2509,pagtatayo,FIL,40548,
2509,ng,FIL,40549,
2509,terminal,ENG,40550,
2509,ng,FIL,40551,
2509,transportasyon,FIL,40552,
2509,ay,FIL,40553,
2509,malaking,FIL,40554,
2509,tulong,FIL,40555,
2509,sa,FIL,40556,
2509,mga,FIL,40557,
2509,magsasaka,FIL,40558,
2509,at,FIL,40559,
2509,residente,FIL,40560,
2509,upang,FIL,40561,
2509,sila,FIL,40562,
2509,ay,FIL,40563,
2509,madaling,FIL,40564,
2509,makarating,FIL,40565,
2509,sa,FIL,40566,
2509,mga,FIL,40567,
2509,pamilihan,FIL,40568,
2509,at,FIL,40569,
2509,kalapit,FIL,40570,
2509,na,FIL,40571,
2509,mga,FIL,40572,
2509,barangay,FIL,40573,
2509,.,SYM,40574,
2510,Hello,ENG,40575,
2510,NBI,FIL,40576,"ABB,NE"
2510,",",SYM,40577,
2510,pwede,FIL,40578,
2510,yung,FIL,40579,
2510,killing,ENG,40580,
2510,ng,FIL,40581,
2510,pulis,FIL,40582,
2510,ang,FIL,40583,
2510,tutukan,FIL,40584,
2510,?,SYM,40585,
2511,grabe,FIL,40586,
2511,ang,FIL,40587,
2511,referee,ENG,40588,
2511,masyadong,FIL,40589,
2511,manipis,FIL,40590,
2511,ang,FIL,40591,
2511,tawagan,FIL,40592,
2511,all,ENG,40593,
2511,in,ENG,40594,
2511,favor,ENG,40595,
2511,sa,FIL,40596,
2511,kalaban,FIL,40597,
2511,.,SYM,40598,
2512,ndi,FIL,40599,ABB
2512,nman,FIL,40600,ABB
2512,kelangang,FIL,40601,ABB
2512,i,FIL,40602,
2512,bash,ENG,40603,
2512,lhat,FIL,40604,ABB
2512,nman,FIL,40605,ABB
2512,tau,FIL,40606,ABB
2512,malayang,FIL,40607,
2512,mamamagawa,FIL,40608,
2512,ang,FIL,40609,
2512,mga,FIL,40610,
2512,gsto,FIL,40611,ABB
2512,nti,FIL,40612,ABB
2512,at,FIL,40613,
2512,ndi,FIL,40614,ABB
2512,nman,FIL,40615,ABB
2512,sya,FIL,40616,ABB
2512,nagnakaw,FIL,40617,
2512,pra,FIL,40618,ABB
2512,maiparetoke,FIL,40619,
2512,ang,FIL,40620,
2512,mukha,FIL,40621,
2512,nya,FIL,40622,ABB
2513,Ang,FIL,40623,
2513,naging,FIL,40624,
2513,mabigat,FIL,40625,
2513,na,FIL,40626,
2513,problema,FIL,40627,
2513,raw,FIL,40628,
2513,nila,FIL,40629,
2513,ay,FIL,40630,
2513,pinansyal,FIL,40631,
2513,lamang,FIL,40632,
2513,dahil,FIL,40633,
2513,ang,FIL,40634,
2513,pagmamahal,FIL,40635,
2513,at,FIL,40636,
2513,pagsuporta,FIL,40637,
2513,ay,FIL,40638,
2513,naroon,FIL,40639,
2513,naman,FIL,40640,
2513,",",SYM,40641,
2513,sa,FIL,40642,
2513,panahon,FIL,40643,
2513,ng,FIL,40644,
2513,kaniyang,FIL,40645,
2513,pagbubuntis,FIL,40646,
2513,.,SYM,40647,
2514,No,ENG,40648,
2514,",",SYM,40649,
2514,doktor,FIL,40650,
2514,lang,FIL,40651,
2514,ang,FIL,40652,
2514,pwedw,FIL,40653,
2514,magsabi,FIL,40654,
2514,.,SYM,40655,
2515,ibabash,UNK,40656,
2515,kaya,FIL,40657,
2515,ako,FIL,40658,
2515,sa,FIL,40659,
2515,mall,ENG,40660,
2515,kung,FIL,40661,
2515,boxers,ENG,40662,
2515,lang,FIL,40663,
2515,suotin,FIL,40664,
2515,ko,FIL,40665,
2517,Sabihin,FIL,40666,
2517,nyo,FIL,40667,
2517,po,FIL,40668,
2517,kuya,FIL,40669,
2517,pepesan,FIL,40670,
2517,po,FIL,40671,
2517,Kay,FIL,40672,
2517,ati,FIL,40673,
2517,sheyyyn,UNK,40674,NE
2517,ako,FIL,40675,
2517,Ang,FIL,40676,
2517,nagsabi,FIL,40677,
2517,para,FIL,40678,
2517,dika,FIL,40679,
2517,magalitan,FIL,40680,
2518,And,ENG,40681,
2518,may,FIL,40682,
2518,mga,FIL,40683,
2518,acceptable,ENG,40684,
2518,na,FIL,40685,
2518,reason,ENG,40686,
2518,ba,FIL,40687,
2518,para,FIL,40688,
2518,hindi,FIL,40689,
2518,ka,FIL,40690,
2518,matanggalan,FIL,40691,
2518,ng,FIL,40692,
2518,scholarship,ENG,40693,
2518,?,SYM,40694,
2519,Ang,FIL,40695,
2519,Bayan,FIL,40696,NE
2519,ng,FIL,40697,
2519,Kapalong,FIL,40698,NE
2519,ay,FIL,40699,
2519,isang,FIL,40700,
2519,unang,FIL,40701,
2519,klaseng,FIL,40702,
2519,.,SYM,40703,
2520,lahat,FIL,40704,
2520,ng,FIL,40705,
2520,moots,ENG,40706,
2520,ko,FIL,40707,
2520,ang,FIL,40708,
2520,iintellegent,ENG,40709,
2520,haix,UNK,40710,EXPR
2520,ito,FIL,40711,
2520,lang,FIL,40712,
2520,ako,FIL,40713,
2520,0,NUM,40714,
2520,/,SYM,40715,
2520,10,NUM,40716,
2522,Tangina,UNK,40717,EXPR
2522,dumagsa,FIL,40718,
2522,mga,FIL,40719,
2522,react,ENG,40720,
2522,ng,FIL,40721,
2522,pulitiko,FIL,40722,
2522,samin,FIL,40723,
2522,sa,FIL,40724,
2522,komento,FIL,40725,
2522,ko,FIL,40726,
2522,ha,UNK,40727,EXPR
2522,HAHAHAHAHA,UNK,40728,EXPR
2523,May,FIL,40729,
2523,mapapatalsik,FIL,40730,
2523,kaya,FIL,40731,
2523,na,FIL,40732,
2523,tamod,FIL,40733,
2523,este,UNK,40734,EXPR
2523,anak,FIL,40735,
2523,ngayong,FIL,40736,
2523,araw,FIL,40737,
2523,sa,FIL,40738,
2523,bahay,FIL,40739,
2523,ng,FIL,40740,
2523,baclayon,UNK,40741,NE
2523,?,SYM,40742,
2526,ako,FIL,40743,
2526,din,FIL,40744,
2526,sinuboan,FIL,40745,
2526,ni,FIL,40746,
2526,toki,UNK,40747,NE
2526,ng,FIL,40748,
2526,kanin,FIL,40749,
2526,",",SYM,40750,
2526,ulam,FIL,40751,
2526,nang,FIL,40752,
2526,naka,FIL,40753,
2526,kamay,FIL,40754,
2526,(,SYM,40755,
2526,3,NUM,40756,
2527,Sakaling,FIL,40757,
2527,maakusahan,FIL,40758,
2527,ng,FIL,40759,
2527,katiwalaan,FIL,40760,
2527,ang,FIL,40761,
2527,mga,FIL,40762,
2527,kaalyado,FIL,40763,
2527,",",SYM,40764,
2527,di,FIL,40765,
2527,umano,FIL,40766,
2527,niyo,FIL,40767,
2527,poprotektahan,FIL,40768,
2527,ang,FIL,40769,
2527,mga,FIL,40770,
2527,ito,FIL,40771,
2527,.,SYM,40772,
2528,Advocate,ENG,40773,
2528,ng,FIL,40774,
2528,yoga,ENG,40775,
2528,",",SYM,40776,
2528,meditation,ENG,40777,
2528,",",SYM,40778,
2528,healing,ENG,40779,
2528,",",SYM,40780,
2528,peace,ENG,40781,
2528,sina,FIL,40782,
2528,Maxene,UNK,40783,NE
2528,at,FIL,40784,
2528,Rob,UNK,40785,NE
2528,kaya,FIL,40786,
2528,tiyak,FIL,40787,
2528,na,FIL,40788,
2528,marami,FIL,40789,
2528,ang,FIL,40790,
2528,nagugulat,FIL,40791,
2528,kung,FIL,40792,
2528,mauuwi,FIL,40793,
2528,rin,FIL,40794,
2528,sa,FIL,40795,
2528,hiwalayan,FIL,40796,
2528,ang,FIL,40797,
2528,kanilang,FIL,40798,
2528,pagsasama,FIL,40799,
2528,.,SYM,40800,
2529,hahahaa,UNK,40801,EXPR
2529,jusmio,UNK,40802,EXPR
2529,kung,FIL,40803,
2529,ito,FIL,40804,
2529,yong,FIL,40805,
2529,dadami,FIL,40806,
2529,na,FIL,40807,
2529,ano,FIL,40808,
2529,pa,FIL,40809,
2529,ang,FIL,40810,
2529,pinas,FIL,40811,NE
2532,Natuwa,FIL,40812,
2532,rin,FIL,40813,
2532,ang,FIL,40814,
2532,mga,FIL,40815,
2532,netizen,ENG,40816,
2532,sa,FIL,40817,
2532,makulit,FIL,40818,
2532,na,FIL,40819,
2532,sagot,FIL,40820,
2532,ng,FIL,40821,
2532,asawa,FIL,40822,
2532,ni,FIL,40823,
2532,Miranda,UNK,40824,NE
2532,na,FIL,40825,
2532,si,FIL,40826,
2532,Neri,UNK,40827,NE
2532,Naig,UNK,40828,NE
2532,sa,FIL,40829,
2532,kung,FIL,40830,
2532,nasaan,FIL,40831,
2532,siya,FIL,40832,
2532,noong,FIL,40833,
2532,1994,NUM,40834,
2532,.,SYM,40835,
2534,nagawa,FIL,40836,
2534,mo,FIL,40837,
2534,ngang,FIL,40838,
2534,manloko,FIL,40839,
2534,despite,ENG,40840,
2534,sa,FIL,40841,
2534,pagmumukhang,FIL,40842,
2534,yan,FIL,40843,
2534,how,ENG,40844,
2534,much,ENG,40845,
2534,damage,ENG,40846,
2534,can,ENG,40847,
2534,you,ENG,40848,
2534,do,ENG,40849,
2534,kung,FIL,40850,
2534,nagkapalit,FIL,40851,
2534,talaga,FIL,40852,
2534,kayo,FIL,40853,
2534,ng,FIL,40854,
2534,mukha,FIL,40855,
2535,ayan,FIL,40856,
2535,galingan,FIL,40857,
2535,mo,FIL,40858,
2535,lang,FIL,40859,
2535,ang,FIL,40860,
2535,pagiging,FIL,40861,
2535,pogi,FIL,40862,
2535,mo,FIL,40863,
2535,dyan,FIL,40864,
2535,kahit,FIL,40865,
2535,ako,FIL,40866,
2535,magpakahirap,FIL,40867,
2535,okay,ENG,40868,
2535,bastat,FIL,40869,
2535,pag,FIL,40870,
2535,tibayan,FIL,40871,
2535,mo,FIL,40872,
2535,ang,FIL,40873,
2535,pagiging,FIL,40874,
2535,pogi,FIL,40875,
2536,Hindi,FIL,40876,
2536,ako,FIL,40877,
2536,natakot,FIL,40878,
2536,",",SYM,40879,
2536,nainlove,FIL,40880,
2536,ako,FIL,40881,
2536,kay,FIL,40882,
2536,Rabiya,UNK,40883,NE
2536,!,SYM,40884,
2537,So,ENG,40885,
2537,sana,FIL,40886,
2537,mapili,FIL,40887,
2537,sa,FIL,40888,
2537,phone,ENG,40889,
2537,giveaway,ENG,40890,
2537,niyo,FIL,40891,
2537,sir,ENG,40892,
2537,vince,UNK,40893,NE
2537,mahilig,FIL,40894,
2537,po,FIL,40895,
2537,kasi,FIL,40896,
2537,siya,FIL,40897,
2537,manood,FIL,40898,
2537,ng,FIL,40899,
2537,vids,ENG,40900,
2537,sa,FIL,40901,
2537,YT,ENG,40902,"ABB,NE"
2537,.,SYM,40903,
2538,Sobrang,FIL,40904,
2538,sira,FIL,40905,
2538,ng,FIL,40906,
2538,bodyclock,ENG,40907,
2538,ko,FIL,40908,
2538,naayos,FIL,40909,
2538,ko,FIL,40910,
2538,ng,FIL,40911,
2538,tatlong,FIL,40912,
2538,beses,FIL,40913,
2538,sa,FIL,40914,
2538,isang,FIL,40915,
2538,buwan,FIL,40916,
2539,"""",SYM,40917,
2539,Hahawiin,FIL,40918,
2539,ang,FIL,40919,
2539,ulap,FIL,40920,
2539,",",SYM,40921,
2539,Aabutin,FIL,40922,
2539,ang,FIL,40923,
2539,pangarap,FIL,40924,
2539,.,SYM,40925,
2540,Ikaw,FIL,40926,
2540,",",SYM,40927,
2540,matulog,FIL,40928,
2540,ka,FIL,40929,
2540,na,FIL,40930,
2540,.,SYM,40931,
2541,Magbaba,FIL,40932,
2541,ng,FIL,40933,
2541,singil,FIL,40934,
2541,sa,FIL,40935,
2541,kuryente,FIL,40936,
2541,ang,FIL,40937,
2541,Manila,UNK,40938,NE
2541,Electric,ENG,40939,NE
2541,Company,ENG,40940,NE
2541,(,SYM,40941,
2541,Meralco,FIL,40942,"ABB,NE"
2541,),SYM,40943,
2541,ngayon,FIL,40944,
2541,unang,FIL,40945,
2541,buwan,FIL,40946,
2541,ng,FIL,40947,
2541,taon,FIL,40948,
2541,",",SYM,40949,
2541,kasunod,FIL,40950,
2541,ng,FIL,40951,
2541,siyam,FIL,40952,
2541,na,FIL,40953,
2541,buwan,FIL,40954,
2541,nang,FIL,40955,
2541,sunod-sunod,FIL,40956,
2541,na,FIL,40957,
2541,pagtaas,FIL,40958,
2541,noong,FIL,40959,
2541,2021,NUM,40960,
2541,.,SYM,40961,
2542,Matatandaang,FIL,40962,
2542,Marso,FIL,40963,NE
2542,2020,NUM,40964,
2542,pa,FIL,40965,
2542,ang,FIL,40966,
2542,huling,FIL,40967,
2542,laro,FIL,40968,
2542,ng,FIL,40969,
2542,liga,FIL,40970,
2542,dahil,FIL,40971,
2542,sa,FIL,40972,
2542,pananalasa,FIL,40973,
2542,ng,FIL,40974,
2542,pandemya,FIL,40975,
2542,.,SYM,40976,
2544,na,FIL,40977,
2544,napadapa,FIL,40978,
2544,na,FIL,40979,
2544,raw,FIL,40980,
2544,ng,FIL,40981,
2544,Pilipinas,FIL,40982,NE
2544,ang,FIL,40983,
2544,kurbada,FIL,40984,
2544,ng,FIL,40985,
2544,mga,FIL,40986,
2544,kaso,FIL,40987,
2544,ng,FIL,40988,
2544,COVID-19,ENG,40989,"ABB,NE"
2544,noong,FIL,40990,
2544,Abril,FIL,40991,NE
2544,.,SYM,40992,
2545,Sana,FIL,40993,
2545,po,FIL,40994,
2545,hindi,FIL,40995,
2545,mga,FIL,40996,
2545,walanghiyang,FIL,40997,
2545,lider,FIL,40998,
2545,ang,FIL,40999,
2545,manalo,FIL,41000,
2545,sa,FIL,41001,
2545,susunod,FIL,41002,
2545,na,FIL,41003,
2545,eleksyon,FIL,41004,
2546,Aq,FIL,41005,
2546,naniniwala,FIL,41006,
2546,sa,FIL,41007,
2546,mga,FIL,41008,
2546,ganyan,FIL,41009,
2547,manood,FIL,41010,
2547,muna,FIL,41011,
2547,ako,FIL,41012,
2547,ng,FIL,41013,
2547,movie,ENG,41014,
2547,guys,ENG,41015,
2548,O,FIL,41016,
2548,taon,FIL,41017,
2548,ba,FIL,41018,
2548,ito,FIL,41019,
2548,ng,FIL,41020,
2548,ahasan,FIL,41021,
2548,?,SYM,41022,
2549,May,FIL,41023,
2549,three-tiered,ENG,41024,
2549,na,FIL,41025,
2549,sistemang,FIL,41026,
2549,hudisyal,FIL,41027,
2549,ang,FIL,41028,
2549,Kroasya,FIL,41029,NE
2549,na,FIL,41030,
2549,binubuo,FIL,41031,
2549,ng,FIL,41032,
2549,Kataas-taasang,FIL,41033,NE
2549,Hukuman,FIL,41034,NE
2549,",",SYM,41035,
2549,mga,FIL,41036,
2549,hukumang,FIL,41037,
2549,pang-upanija,FIL,41038,
2549,",",SYM,41039,
2549,at,FIL,41040,
2549,mga,FIL,41041,
2549,hukumang,FIL,41042,
2549,munisipal,FIL,41043,
2549,.,SYM,41044,
2550,Samantala,FIL,41045,
2550,",",SYM,41046,
2550,580,NUM,41047,
2550,",",SYM,41048,
2550,689,NUM,41049,
2550,naman,FIL,41050,
2550,ang,FIL,41051,
2550,gumaling,FIL,41052,
2550,na,FIL,41053,
2550,matapos,FIL,41054,
2550,madagdagan,FIL,41055,
2550,ng,FIL,41056,
2550,663,NUM,41057,
2550,na,FIL,41058,
2550,pasyenteng,FIL,41059,
2550,nakarekober,FIL,41060,
2550,sa,FIL,41061,
2550,sakit,FIL,41062,
2550,.,SYM,41063,
2551,Pag,FIL,41064,
2551,nalalaman,FIL,41065,
2551,kong,FIL,41066,
2551,ginagago,FIL,41067,
2551,ako,FIL,41068,
2551,",",SYM,41069,
2551,wag,FIL,41070,
2551,kayo,FIL,41071,
2551,mag,FIL,41072,
2551,alala,FIL,41073,
2551,.,SYM,41074,
2552,unti,FIL,41075,
2552,unti,FIL,41076,
2552,na,FIL,41077,
2552,akong,FIL,41078,
2552,nasasanay,FIL,41079,
2552,sa,FIL,41080,
2552,set,ENG,41081,
2552,up,ENG,41082,
2552,na,FIL,41083,
2552,'to,FIL,41084,
2552,.,SYM,41085,
2553,hindi,FIL,41086,
2553,ko,FIL,41087,
2553,alam,FIL,41088,
2553,irereply,FIL,41089,
2553,ko,FIL,41090,
2553,T^T,UNK,41091,EXPR
2553,natatakot,FIL,41092,
2553,ako,FIL,41093,
2553,ulitin,FIL,41094,
2553,yung,FIL,41095,
2553,tanong,FIL,41096,
2553,ko,FIL,41097,
2553,huhuhu,UNK,41098,EXPR
2553,ang,FIL,41099,
2553,sabi,FIL,41100,
2553,lang,FIL,41101,
2553,ay,FIL,41102,
2553,welcome,ENG,41103,
2553,",",SYM,41104,
2553,saan,FIL,41105,
2553,ko,FIL,41106,
2553,ipapasa,FIL,41107,
2553,ulit,FIL,41108,
2553,?,SYM,41109,
2554,kapag,FIL,41110,
2554,isa,FIL,41111,
2554,ka,FIL,41112,
2554,sa,FIL,41113,
2554,mga,FIL,41114,
2554,mulat,FIL,41115,
2554,sa,FIL,41116,
2554,realidad,FIL,41117,
2554,",",SYM,41118,
2554,congrats,ENG,41119,
2554,asahan,FIL,41120,
2554,mong,FIL,41121,
2554,suswertehin,FIL,41122,
2554,ka,FIL,41123,
2554,sa,FIL,41124,
2554,buhay,FIL,41125,
2554,at,FIL,41126,
2554,iccrushback,UNK,41127,
2554,ka,FIL,41128,
2554,na,FIL,41129,
2554,ng,FIL,41130,
2554,crush,ENG,41131,
2554,mo,FIL,41132,
2554,.,SYM,41133,
2555,Ultin,UNK,41134,
2555,lahat,FIL,41135,
2555,Santa,UNK,41136,NE
2555,Claus,UNK,41137,NE
2555,Iba-iba,FIL,41138,
2555,ang,FIL,41139,
2555,pangalang,FIL,41140,
2555,ginagamit,FIL,41141,
2555,para,FIL,41142,
2555,sa,FIL,41143,
2555,batikang,FIL,41144,
2555,simbolo,FIL,41145,
2555,ng,FIL,41146,
2555,Pasko,FIL,41147,NE
2555,na,FIL,41148,
2555,si,FIL,41149,
2555,Santa,UNK,41150,NE
2555,Claus,UNK,41151,NE
2555,sa,FIL,41152,
2555,ibat,FIL,41153,
2555,ibang,FIL,41154,
2555,bansa,FIL,41155,
2555,.,SYM,41156,
2556,Naniniwala,FIL,41157,
2556,si,FIL,41158,
2556,Singson,UNK,41159,NE
2556,na,FIL,41160,
2556,mahalagang,FIL,41161,
2556,pag-ingatan,FIL,41162,
2556,ang,FIL,41163,
2556,paghawak,FIL,41164,
2556,ng,FIL,41165,
2556,social,ENG,41166,
2556,pension,ENG,41167,
2556,fund,ENG,41168,
2556,para,FIL,41169,
2556,sa,FIL,41170,
2556,mga,FIL,41171,
2556,government,ENG,41172,
2556,worker,ENG,41173,
2556,upang,FIL,41174,
2556,magarantiyahan,FIL,41175,
2556,ang,FIL,41176,
2556,dagdag,FIL,41177,
2556,na,FIL,41178,
2556,benepisyo,FIL,41179,
2556,ng,FIL,41180,
2556,mga,FIL,41181,
2556,miyembro,FIL,41182,
2556,.,SYM,41183,
2557,Lakas,FIL,41184,
2557,ng,FIL,41185,
2557,loob,FIL,41186,
2557,kong,FIL,41187,
2557,pumasok,FIL,41188,
2557,nang,FIL,41189,
2557,walang,FIL,41190,
2557,sinagutan,FIL,41191,
2557,sa,FIL,41192,
2557,assignment,ENG,41193,
2558,Posibleng,FIL,41194,
2558,hiliingin,FIL,41195,
2558,sa,FIL,41196,
2558,Board,ENG,41197,NE
2558,ng,FIL,41198,
2558,teams,ENG,41199,
2558,na,FIL,41200,
2558,magkaroon,FIL,41201,
2558,ng,FIL,41202,
2558,pay,ENG,41203,
2558,cut,ENG,41204,
2558,.,SYM,41205,
2559,Laking,FIL,41206,
2559,tulong,FIL,41207,
2559,ng,FIL,41208,
2559,mga,FIL,41209,
2559,napulot,FIL,41210,
2559,kong,FIL,41211,
2559,aral,FIL,41212,
2559,dito,FIL,41213,
2559,about,ENG,41214,
2559,patience,ENG,41215,
2559,faith,ENG,41216,
2559,etc,ENG,41217,ABB
2559,.,SYM,41218,
2560,Impostor,ENG,41219,
2560,yan,FIL,41220,
2560,pawala,FIL,41221,
2560,ng,FIL,41222,
2560,mga,FIL,41223,
2560,dilawan,FIL,41224,
2560,.,SYM,41225,
2561,Wala,FIL,41226,
2561,naman,FIL,41227,
2561,akong,FIL,41228,
2561,kasalanan,FIL,41229,
2561,",",SYM,41230,
2561,so,ENG,41231,
2561,bakit,FIL,41232,
2561,ako,FIL,41233,
2561,magsosorry,UNK,41234,
2561,?,SYM,41235,
2562,Bilang,FIL,41236,
2562,anak,FIL,41237,
2562,ang,FIL,41238,
2562,hirap,FIL,41239,
2562,din,FIL,41240,
2562,magpatawad,FIL,41241,
2562,kasi,FIL,41242,
2562,nakita,FIL,41243,
2562,ko,FIL,41244,
2562,lahat,FIL,41245,
2562,Kung,FIL,41246,
2562,paano,FIL,41247,
2562,nasira,FIL,41248,
2562,pamilya,FIL,41249,
2562,namin,FIL,41250,
2562,dahil,FIL,41251,
2562,sa,FIL,41252,
2562,maling,FIL,41253,
2562,desisyon,FIL,41254,
2562,niya,FIL,41255,
2562,.,SYM,41256,
2563,Original,ENG,41257,
2563,Post,ENG,41258,
2563,:,SYM,41259,
2563,Tumawag,FIL,41260,
2563,ang,FIL,41261,
2563,BDO,ENG,41262,"ABB,NE"
2563,sa,FIL,41263,
2563,bahay,FIL,41264,
2563,namin,FIL,41265,
2563,dahil,FIL,41266,
2563,kulang,FIL,41267,
2563,daw,FIL,41268,
2563,ang,FIL,41269,
2563,deposit,ENG,41270,
2563,.,SYM,41271,
2564,parang,FIL,41272,
2564,may,FIL,41273,
2564,kulang,FIL,41274,
2564,sa,FIL,41275,
2564,araw,FIL,41276,
2564,ko,FIL,41277,
2564,kapag,FIL,41278,
2564,hindi,FIL,41279,
2564,ako,FIL,41280,
2564,nakakapag,FIL,41281,
2564,open,ENG,41282,
2564,ng,FIL,41283,
2564,twitter,ENG,41284,NE
2564,",",SYM,41285,
2564,putcha,UNK,41286,EXPR
2565,ay,FIL,41287,
2565,may,FIL,41288,
2565,rehearsal,ENG,41289,
2565,din,FIL,41290,
2565,atang,FIL,41291,
2565,naganap,FIL,41292,
2565,sa,FIL,41293,
2565,mga,FIL,41294,
2565,teumes,UNK,41295,NE
2565,?,SYM,41296,
2566,True,ENG,41297,
2566,",",SYM,41298,
2566,kasi,FIL,41299,
2566,sinabi,FIL,41300,
2566,rin,FIL,41301,
2566,noon,FIL,41302,
2566,ni,FIL,41303,
2566,Duterte,UNK,41304,NE
2566,na,FIL,41305,
2566,malaki,FIL,41306,
2566,ang,FIL,41307,
2566,utang,FIL,41308,
2566,na,FIL,41309,
2566,loob,FIL,41310,
2566,niya,FIL,41311,
2566,sa,FIL,41312,
2566,mga,FIL,41313,
2566,Marcoses,ENG,41314,NE
2566,",",SYM,41315,
2566,so,ENG,41316,
2566,sabwatan,FIL,41317,
2566,talaga,FIL,41318,
2566,ang,FIL,41319,
2566,mga,FIL,41320,
2566,yan,FIL,41321,
2566,.,SYM,41322,
2567,Masahol,FIL,41323,
2567,ang,FIL,41324,
2567,ginawa,FIL,41325,
2567,ni,FIL,41326,
2567,sassot,UNK,41327,NE
2567,tandaan,FIL,41328,
2567,mo,FIL,41329,
2567,yan,FIL,41330,
2567,.,SYM,41331,
2568,Kaya,FIL,41332,
2568,nang,FIL,41333,
2568,magkaroon,FIL,41334,
2568,ng,FIL,41335,
2568,chance,ENG,41336,
2568,",",SYM,41337,
2568,bumalik,FIL,41338,
2568,siya,FIL,41339,
2568,sa,FIL,41340,
2568,college,ENG,41341,
2568,at,FIL,41342,
2568,tinapos,FIL,41343,
2568,ang,FIL,41344,
2568,kursong,FIL,41345,
2568,Business,ENG,41346,NE
2568,Administration,ENG,41347,NE
2568,",",SYM,41348,
2568,major,ENG,41349,
2568,in,ENG,41350,
2568,Marketing,ENG,41351,NE
2568,sa,FIL,41352,
2568,West,ENG,41353,NE
2568,Negros,UNK,41354,NE
2568,University,ENG,41355,NE
2568,.,SYM,41356,
2569,Ang,FIL,41357,
2569,mga,FIL,41358,
2569,instructions,ENG,41359,
2569,sa,FIL,41360,
2569,notebook,ENG,41361,
2569,ay,FIL,41362,
2569,unti-unti,FIL,41363,
2569,ng,FIL,41364,
2569,nagkaroon,FIL,41365,
2569,ng,FIL,41366,
2569,kahulugan,FIL,41367,
2569,",",SYM,41368,
2569,at,FIL,41369,
2569,minumura,FIL,41370,
2569,ko,FIL,41371,
2569,ang,FIL,41372,
2569,sarili,FIL,41373,
2569,ko,FIL,41374,
2569,dahil,FIL,41375,
2569,sa,FIL,41376,
2569,pagiging,FIL,41377,
2569,tanga,FIL,41378,
2569,.,SYM,41379,
2570,wala,FIL,41380,
2570,pang,FIL,41381,
2570,isang,FIL,41382,
2570,oras,FIL,41383,
2570,nakailang,FIL,41384,
2570,mention,ENG,41385,
2570,na,FIL,41386,
2570,aq,FIL,41387,ABB
2571,I,ENG,41388,
2571,hope,ENG,41389,
2571,maging,FIL,41390,
2571,masaya,FIL,41391,
2571,ka,FIL,41392,
2571,sa,FIL,41393,
2571,magiging,FIL,41394,
2571,bagong,FIL,41395,
2571,chapter,ENG,41396,
2571,ng,FIL,41397,
2571,buhay,FIL,41398,
2571,mo,FIL,41399,
2571,kasama,FIL,41400,
2571,sya,FIL,41401,
2571,.,SYM,41402,
2572,alam,FIL,41403,
2572,naman,FIL,41404,
2572,natin,FIL,41405,
2572,na,FIL,41406,
2572,iilan,FIL,41407,
2572,lang,FIL,41408,
2572,ang,FIL,41409,
2572,mga,FIL,41410,
2572,piling,FIL,41411,
2572,youtuber,ENG,41412,
2572,na,FIL,41413,
2572,di,FIL,41414,
2572,yung,FIL,41415,
2572,basta,FIL,41416,
2572,pera,FIL,41417,
2572,at,FIL,41418,
2572,views,ENG,41419,
2572,lang,FIL,41420,
2572,ang,FIL,41421,
2572,target,ENG,41422,
2572,kahit,FIL,41423,
2572,masyadong,FIL,41424,
2572,pilit,FIL,41425,
2572,ang,FIL,41426,
2572,content,ENG,41427,
2572,.,SYM,41428,
2575,laging,FIL,41429,
2575,involved,ENG,41430,
2575,si,FIL,41431,
2575,miss,ENG,41432,
2575,karen,UNK,41433,NE
2575,sa,FIL,41434,
2575,mga,FIL,41435,
2575,ganto,FIL,41436,
2575,flsss,UNK,41437,
2575,tawang,FIL,41438,
2575,tawa,FIL,41439,
2575,ako,FIL,41440,
2575,napakamood,UNK,41441,
2576,Pwede,FIL,41442,
2576,kya,FIL,41443,
2576,jan,FIL,41444,
2576,ang,FIL,41445,
2576,mga,FIL,41446,
2576,pencil,ENG,41447,
2576,n,FIL,41448,
2576,pangdrwing,UNK,41449,
2576,hehe,UNK,41450,EXPR
2577,bibigyan,FIL,41451,
2577,ka,FIL,41452,
2577,ng,FIL,41453,
2577,ganito,FIL,41454,
2577,.,SYM,41455,
2578,Bagaman,FIL,41456,
2578,olats,FIL,41457,
2578,sa,FIL,41458,
2578,nakaraang,FIL,41459,
2578,palaro,FIL,41460,
2578,ay,FIL,41461,
2578,nakabingwit,FIL,41462,
2578,naman,FIL,41463,
2578,ito,FIL,41464,
2578,ng,FIL,41465,
2578,individual,ENG,41466,
2578,award,ENG,41467,
2578,na,FIL,41468,
2578,Golden,ENG,41469,NE
2578,Boot,ENG,41470,NE
2578,matapos,FIL,41471,
2578,magkamada,FIL,41472,
2578,ng,FIL,41473,
2578,6,NUM,41474,
2578,goals,ENG,41475,
2578,.,SYM,41476,
2579,"""",SYM,41477,
2579,Mga,UNK,41478,
2579,dilawan,FIL,41479,
2579,tae,FIL,41480,
2579,!,SYM,41481,
2579,"""",SYM,41482,
2579,,SYM,41483,
2580,Operational,ENG,41484,
2580,na,FIL,41485,
2580,ito,FIL,41486,
2580,",",SYM,41487,
2580,ang,FIL,41488,
2580,Alegria,UNK,41489,NE
2580,Singapura,UNK,41490,NE
2580,sa,FIL,41491,
2580,may,FIL,41492,
2580,Teck,UNK,41493,NE
2580,Lim,UNK,41494,NE
2580,Road,ENG,41495,NE
2580,.,SYM,41496,
2581,Paliwanag,FIL,41497,
2581,ng,FIL,41498,
2581,kongresista,FIL,41499,
2581,",",SYM,41500,
2581,hindi,FIL,41501,
2581,sapat,FIL,41502,
2581,ang,FIL,41503,
2581,P72,UNK,41504,
2581,.,SYM,41505,
2581,5,NUM,41506,
2581,bilyon,FIL,41507,
2581,sa,FIL,41508,
2581,ilalim,FIL,41509,
2581,ng,FIL,41510,
2581,2021,NUM,41511,
2581,General,ENG,41512,NE
2581,Appropriations,ENG,41513,NE
2581,Act,ENG,41514,NE
2581,at,FIL,41515,
2581,P10,UNK,41516,
2581,bilyon,FIL,41517,
2581,sa,FIL,41518,
2581,ilalim,FIL,41519,
2581,ng,FIL,41520,
2581,Bayanihan,FIL,41521,NE
2581,2,NUM,41522,
2581,para,FIL,41523,
2581,mabigyan,FIL,41524,
2581,ng,FIL,41525,
2581,COVID-19,ENG,41526,"ABB,NE"
2581,vaccines,ENG,41527,
2581,ang,FIL,41528,
2581,70,NUM,41529,
2581,milyong,FIL,41530,
2581,Pilipino,FIL,41531,NE
2581,.,SYM,41532,
2582,So,ENG,41533,
2582,nadala,FIL,41534,
2582,na,FIL,41535,
2582,ako,FIL,41536,
2582,sa,FIL,41537,
2582,emosyon,FIL,41538,
2582,.,SYM,41539,
2583,Inilagay,FIL,41540,
2583,sa,FIL,41541,
2583,full,ENG,41542,
2583,alert,ENG,41543,
2583,status,ENG,41544,
2583,ang,FIL,41545,
2583,lahat,FIL,41546,
2583,24,NUM,41547,
2583,",",SYM,41548,
2583,000,NUM,41549,
2583,pulis,FIL,41550,
2583,sa,FIL,41551,
2583,Metro,UNK,41552,NE
2583,Manila,UNK,41553,NE
2583,ngayon,FIL,41554,
2583,Semana,FIL,41555,NE
2583,Santa,FIL,41556,NE
2583,.,SYM,41557,
2584,Parang,FIL,41558,
2584,masarap,FIL,41559,
2584,siyang,FIL,41560,
2584,ka,FIL,41561,
2584,tropa,FIL,41562,
2585,Ang,FIL,41563,
2585,iba,FIL,41564,
2585,ay,FIL,41565,
2585,nanghihinayang,FIL,41566,
2585,na,FIL,41567,
2585,baka,FIL,41568,
2585,hindi,FIL,41569,
2585,na,FIL,41570,
2585,nila,FIL,41571,
2585,mapanood,FIL,41572,
2585,sa,FIL,41573,
2585,teleserye,FIL,41574,
2585,ang,FIL,41575,
2585,kahusayan,FIL,41576,
2585,ni,FIL,41577,
2585,Arjo,UNK,41578,NE
2585,.,SYM,41579,
2586,Nakabalik,FIL,41580,
2586,na,FIL,41581,
2586,sa,FIL,41582,
2586,studio,ENG,41583,
2586,ang,FIL,41584,
2586,mga,FIL,41585,
2586,TV,ENG,41586,ABB
2586,host,ENG,41587,
2586,matapos,FIL,41588,
2586,ang,FIL,41589,
2586,ilang,FIL,41590,
2586,linggong,FIL,41591,
2586,pagse-self,FIL,41592,
2586,quarantine,ENG,41593,
2586,sa,FIL,41594,
2586,kani-kanilang,FIL,41595,
2586,tahanan,FIL,41596,
2586,.,SYM,41597,
2587,Ano,FIL,41598,
2587,na,FIL,41599,
2587,tong,FIL,41600,
2587,mga,FIL,41601,
2587,sasabihin,FIL,41602,
2587,nila,FIL,41603,
2587,.,SYM,41604,
2588,Pag,FIL,41605,
2588,usapan,FIL,41606,
2588,natin,FIL,41607,
2588,ang,FIL,41608,
2588,mundong,FIL,41609,
2588,ginagalawan,FIL,41610,
2588,mo,FIL,41611,
2588,",",SYM,41612,
2588,okay,ENG,41613,
2588,ka,FIL,41614,
2588,lang,FIL,41615,
2588,ba,FIL,41616,
2588,?,SYM,41617,
2589,Mapapanuod,FIL,41618,
2589,mo,FIL,41619,
2589,ulit,FIL,41620,
2589,marerealize,FIL,41621,
2589,mo,FIL,41622,
2589,ang,FIL,41623,
2589,walang,FIL,41624,
2589,kwentang,FIL,41625,
2589,reklamong,FIL,41626,
2589,to,FIL,41627,
2589,.,SYM,41628,
2590,kung,FIL,41629,
2590,eto,FIL,41630,
2590,lang,FIL,41631,
2590,ung,FIL,41632,
2590,kapalit,FIL,41633,
2590,ng,FIL,41634,
2590,pagkawala,FIL,41635,
2590,ng,FIL,41636,
2590,braincells,ENG,41637,
2590,ko,FIL,41638,
2590,",",SYM,41639,
2590,ako,FIL,41640,
2590,na,FIL,41641,
2590,mismo,FIL,41642,
2590,magpapalayas,FIL,41643,
2590,sa,FIL,41644,
2590,brain,ENG,41645,
2590,cells,ENG,41646,
2590,ko,FIL,41647,
2590,!,SYM,41648,
2591,Pero,FIL,41649,
2591,buti,FIL,41650,
2591,pheno,UNK,41651,
2591,ang,FIL,41652,
2591,dumayo,FIL,41653,
2591,",",SYM,41654,
2591,di,FIL,41655,
2591,dinadala,FIL,41656,
2591,sa,FIL,41657,
2591,init,FIL,41658,
2591,ng,FIL,41659,
2591,ulo,FIL,41660,
2591,.,SYM,41661,
2592,Go,ENG,41662,
2592,bong,UNK,41663,NE
2592,bong,UNK,41664,NE
2592,Alam,FIL,41665,
2592,nmin,FIL,41666,ABB
2592,panalo,FIL,41667,
2592,ka,FIL,41668,
2592,sa,FIL,41669,
2592,vp,ENG,41670,ABB
2592,dati,FIL,41671,
2592,laban,FIL,41672,
2592,Malay,FIL,41673,
2592,muba,FIL,41674,
2592,sa,FIL,41675,
2592,mga,FIL,41676,
2592,nangyari,FIL,41677,
2592,nuon,FIL,41678,
2593,nakakahiya,FIL,41679,
2593,nakatulog,FIL,41680,
2593,ako,FIL,41681,
2593,sa,FIL,41682,
2593,gitna,FIL,41683,
2593,ng,FIL,41684,
2593,discord,ENG,41685,NE
2593,call,ENG,41686,
2593,from,ENG,41687,
2593,1,NUM,41688,
2593,hour,ENG,41689,
2593,and,ENG,41690,
2593,30,NUM,41691,
2593,mins,ENG,41692,ABB
2593,na,FIL,41693,
2593,naka,FIL,41694,
2593,on,ENG,41695,
2593,mic,ENG,41696,ABB
2593,sana,FIL,41697,
2593,di,FIL,41698,ABB
2593,ako,FIL,41699,
2593,nahilik,FIL,41700,
2594,Hoy,UNK,41701,EXPR
2594,mga,FIL,41702,
2594,bbw,ENG,41703,ABB
2594,itigil,FIL,41704,
2594,niyo,FIL,41705,
2594,yan,FIL,41706,
2594,sa,FIL,41707,
2594,tiktok,ENG,41708,NE
2594,pa,FIL,41709,
2594,talaga,FIL,41710,
2594,kayo,FIL,41711,
2594,nagkalat,FIL,41712,
2594,grabe,FIL,41713,
2594,na,FIL,41714,
2594,uy,UNK,41715,EXPR
2595,Hindi,FIL,41716,
2595,na,FIL,41717,
2595,need,ENG,41718,
2595,ng,FIL,41719,
2595,senate,ENG,41720,
2595,magtrying,UNK,41721,
2595,hard,ENG,41722,
2595,na,FIL,41723,
2595,maghanap,FIL,41724,
2595,ng,FIL,41725,
2595,pa,FIL,41726,
2595,ng,FIL,41727,
2595,evidence,ENG,41728,
2595,dahil,FIL,41729,
2595,obviously,ENG,41730,
2595,andiyan,FIL,41731,
2595,na,FIL,41732,
2595,ang,FIL,41733,
2595,corruption,ENG,41734,
2595,",",SYM,41735,
2595,ayan,FIL,41736,
2595,ang,FIL,41737,
2595,mga,FIL,41738,
2595,evidences,ENG,41739,
2595,sinasampal,FIL,41740,
2595,na,FIL,41741,
2595,nga,FIL,41742,
2595,mismo,FIL,41743,
2595,sa,FIL,41744,
2595,taong,FIL,41745,
2595,bayan,FIL,41746,
2595,.,SYM,41747,
2598,This,ENG,41748,
2598,is,ENG,41749,
2598,what,ENG,41750,
2598,I've,ENG,41751,
2598,been,ENG,41752,
2598,waiting,ENG,41753,
2598,for,ENG,41754,
2598,kuys,FIL,41755,
2598,mag,FIL,41756,
2598,mula,FIL,41757,
2598,ng,FIL,41758,
2598,kantahin,FIL,41759,
2598,mo,FIL,41760,
2598,to,UNK,41761,
2598,sa,FIL,41762,
2598,isa,FIL,41763,
2598,sa,FIL,41764,
2598,mga,FIL,41765,
2598,blog,ENG,41766,
2598,mo,FIL,41767,
2598,na,FIL,41768,
2598,title,ENG,41769,
2598,weder,FIL,41770,
2598,lss,ENG,41771,ABB
2598,talaga,FIL,41772,
2598,ako,FIL,41773,
2598,dito,FIL,41774,
2598,ehh,UNK,41775,EXPR
2600,Higit,FIL,41776,
2600,dalawang,FIL,41777,
2600,dekada,FIL,41778,
2600,ng,FIL,41779,
2600,paniniil,FIL,41780,
2600,at,FIL,41781,
2600,pag-abuso,FIL,41782,
2600,sa,FIL,41783,
2600,Pilipinas,FIL,41784,NE
2600,",",SYM,41785,
2600,tinuldukan,FIL,41786,
2600,ng,FIL,41787,
2600,taimtim,FIL,41788,
2600,at,FIL,41789,
2600,nagkakaisang,FIL,41790,
2600,pagmartsa,FIL,41791,
2600,ng,FIL,41792,
2600,isang,FIL,41793,
2600,sambayanang,FIL,41794,
2600,ang,FIL,41795,
2600,sigaw,FIL,41796,
2600,ay,FIL,41797,
2600,Tama,FIL,41798,
2600,na,FIL,41799,
2600,.,SYM,41800,
2601,Wala,FIL,41801,
2601,naman,FIL,41802,
2601,po,FIL,41803,
2601,akong,FIL,41804,
2601,nararamdamang,FIL,41805,
2601,sintomas,FIL,41806,
2601,ng,FIL,41807,
2601,sakit,FIL,41808,
2601,.,SYM,41809,
2602,Mabigat,FIL,41810,
2602,na,FIL,41811,
2602,rin,FIL,41812,
2602,naman,FIL,41813,
2602,ang,FIL,41814,
2602,nabubuhat,FIL,41815,
2602,ko,FIL,41816,
2602,.,SYM,41817,
2603,Sana,FIL,41818,
2603,hindi,FIL,41819,
2603,po,FIL,41820,
2603,hindi,FIL,41821,
2603,masarap,FIL,41822,
2603,ulam,FIL,41823,
2603,nila,FIL,41824,
2603,at,FIL,41825,
2603,sana,FIL,41826,
2603,laging,FIL,41827,
2603,mabangga,FIL,41828,
2603,yung,FIL,41829,
2603,paa,FIL,41830,
2603,nila,FIL,41831,
2603,sa,FIL,41832,
2603,corner,ENG,41833,
2603,ng,FIL,41834,
2603,pintuan,FIL,41835,
2604,Hello,ENG,41836,
2604,po,FIL,41837,
2604,mag,FIL,41838,
2604,ask,ENG,41839,
2604,po,FIL,41840,
2604,ako,FIL,41841,
2604,sa,FIL,41842,
2604,inyo,FIL,41843,
2604,ng,FIL,41844,
2604,help,ENG,41845,
2604,para,FIL,41846,
2604,po,FIL,41847,
2604,magkaroon,FIL,41848,
2604,ng,FIL,41849,
2604,laptop,ENG,41850,
2604,para,FIL,41851,
2604,sa,FIL,41852,
2604,aking,FIL,41853,
2604,pag-aaral,FIL,41854,
2604,.,SYM,41855,
2605,Sila,FIL,41856,
2605,rin,FIL,41857,
2605,ay,FIL,41858,
2605,tapat,FIL,41859,
2605,kay,FIL,41860,
2605,Jehova,UNK,41861,NE
2605,",",SYM,41862,
2605,at,FIL,41863,
2605,wala,FIL,41864,
2605,silang,FIL,41865,
2605,alam,FIL,41866,
2605,tungkol,FIL,41867,
2605,sa,FIL,41868,
2605,pagkakanulo,FIL,41869,
2605,kay,FIL,41870,
2605,Jehova,UNK,41871,NE
2605,.,SYM,41872,
2606,pwede,FIL,41873,
2606,niyong,FIL,41874,
2606,gawin,FIL,41875,
2606,munang,FIL,41876,
2606,face,ENG,41877,
2606,mask,ENG,41878,
2606,iyan,FIL,41879,
2606,.,SYM,41880,
2607,sakin,FIL,41881,
2607,okay,ENG,41882,
2607,lang,FIL,41883,
2607,kasi,FIL,41884,
2607,kuntento,FIL,41885,
2607,na,FIL,41886,
2607,ako,FIL,41887,
2607,sa,FIL,41888,
2607,ending,ENG,41889,
2607,ng,FIL,41890,
2607,hs,ENG,41891,ABB
2608,Ang,FIL,41892,
2608,appeal,ENG,41893,
2608,ko,FIL,41894,
2608,lang,FIL,41895,
2608,sa,FIL,41896,
2608,mga,FIL,41897,
2608,Congressman,ENG,41898,
2608,",",SYM,41899,
2608,huwag,FIL,41900,
2608,ninyong,FIL,41901,
2608,anuhin,FIL,41902,
2608,yan,FIL,41903,
2608,",",SYM,41904,
2608,kumikita,FIL,41905,
2608,yan,FIL,41906,
2608,.,SYM,41907,
